0000
0000
0000
0000
0000
0000
FFE2
FF72
FF55
FEE2
0021
FE61
FEFF
FFC7
FD5C
FFEA
FE3E
FE1C
FF92
FDF8
FEBC
FF4F
FEAF
FE87
00EA
FDA7
00A7
010C
FD17
046C
FD9E
0123
03D3
FC24
0619
FEA6
0081
050D
FC78
04F7
0003
FFAD
03F2
FE3E
0248
00FB
FFD9
019D
00B4
004A
0152
0121
FFF0
0277
0022
0134
0241
FFE4
026B
00FD
00E0
01CE
00CD
00BB
0131
0079
FFD7
0137
FEDF
0014
0000
FE20
003A
FE6E
FE97
FF48
FE84
FE20
FFA7
FE25
FE11
010E
FBFA
012A
FF1C
FC66
03BF
FAD0
0158
007C
FAFA
045C
FB1D
FFF8
00FF
FAEC
027C
FCB3
FE7A
005C
FCD0
FFD3
FEDB
FE77
FF68
FFD3
FE83
009F
FFFE
FF2D
0217
FF38
0155
018D
FFF9
0242
00DA
011E
01B3
013A
00CF
01D3
00C7
00A7
01FE
FFB7
0185
00F3
000D
0192
0091
0087
015D
0130
FFDE
02F6
FFCA
0113
0397
FD8A
04DC
FFB5
FF98
0558
FBBE
0481
FFF6
FDA9
04D4
FB7C
0204
FFF5
FCBA
021F
FCDC
FF35
FF71
FD95
FEF5
FEEE
FDF3
FEC9
FF92
FD63
0078
FEB3
FEBC
0133
FE3F
00F9
0064
FFC1
0180
0090
00DC
017F
0156
00C7
0249
00CE
014F
0224
0033
01D8
00F1
0060
00F8
00AB
FF5A
00CA
FFE0
FDF5
020B
FC89
FFF2
007B
FAC8
034D
FB5D
FEB8
01C0
F98F
0373
FC87
FE0D
0292
FB40
0266
FF10
FEB9
0232
FEE6
0101
013D
0086
00EF
023B
0038
01E1
0229
FFC2
0341
0030
0112
023B
FF64
01B8
0042
FFD6
0087
FFB1
FF3F
FFCB
FF2D
FE77
FFDE
FE01
FEEC
FF2F
FDF7
FF27
FEDF
FE5B
FF01
FFB5
FD6D
00BE
FE96
FDCA
026D
FB6B
01AE
FF6C
FBD0
040E
FA66
00DC
0041
FA9F
0384
FB50
FF54
009F
FBB5
0187
FDEB
FECD
0078
FEE3
FFB4
00BB
FFD9
000D
0221
FF26
0220
0160
FFCA
0347
FFC9
01BF
01ED
0017
0211
00CE
00C3
013C
00F5
004F
0167
0092
0067
01AC
001A
0138
0148
00B1
0129
01D7
0061
01A6
023D
FF04
03F4
FF64
0083
03EE
FC30
047D
FECF
FE36
045C
FA80
02DD
FED5
FC6F
02F2
FB2B
0040
FF29
FCAA
006B
FDBE
FE7B
FF61
FED7
FE57
008F
FE95
FF7B
016C
FE04
0218
0015
FFDB
02AE
FF77
0205
017D
00AD
020D
0146
011F
0192
015D
007C
01AC
0058
0062
00EE
FF99
FFFC
0008
FF2A
FEED
0056
FD40
FFE3
FF3C
FC25
023A
FB6C
FF8C
00C2
FA4A
03D5
FBD8
FF26
029B
FACD
03FB
FE37
FF46
034E
FDA7
02AB
00E3
003D
0246
012E
00DA
0221
017F
0035
0329
FF89
0168
01F0
FE7D
0283
FF0A
FFB5
00F7
FE18
0031
FF0B
FE9B
FF3B
FED7
FE56
FF0D
FEC5
FE34
FF7B
FE64
FED6
FF56
FEDC
FEBD
FFF2
FE8B
FEDD
00E0
FC96
0159
FE94
FD01
02F0
FA83
016B
FF3F
FB26
03CC
FA61
0072
0059
FB3B
0317
FCB8
FFAD
012D
FDCF
016A
0023
FFF7
0120
0164
FFD9
027C
0106
0051
03A1
FF33
029C
01BD
FF86
0335
FF72
0116
013A
FF54
00D5
FFC8
FF6E
FFAB
FF78
FE96
FF68
FEBB
FE58
FF21
FE58
FE60
FEF9
FEB1
FDE9
0062
FD9F
FF69
0108
FC65
0341
FE16
FF71
040D
FBC0
04EC
FFB2
FF27
05A5
FCB4
044C
0151
FF24
0483
FED7
01F1
01A6
FFC0
0136
00D0
FF70
005D
0096
FDC4
0163
FE19
FE77
00DE
FC32
007E
FE29
FD84
004D
FD1A
FF54
FF06
FE5A
FF8F
FF56
FF40
FFEE
0033
FFB5
00E9
007F
0093
013C
0137
0091
01FE
0129
0039
037A
FECF
0276
020D
FDD5
0549
FD75
01B2
0336
FC29
05A7
FDF0
009E
03EC
FCDB
0455
FFEF
003D
0344
FF8A
01E9
01AB
00AE
0114
0227
FF7C
01A6
012F
FE70
02C9
FE0C
0012
00EF
FCF4
0148
FDE7
FE7B
FFDF
FD60
FF36
FE8C
FE3F
FED6
FEE5
FE7D
FF3C
FF53
FF01
FFEA
FFD7
FFB5
0072
00EC
FF77
0250
003F
005B
03CF
FDF7
040A
010C
FEF1
05D7
FCB5
03B1
01B4
FD4A
056A
FCB1
017E
0178
FCCD
0279
FDE3
FF07
0014
FE02
FEB6
FF6B
FDEE
FE44
0026
FC69
0068
FEA5
FD56
01D2
FCC2
00B0
003E
FE1F
022E
FF09
00C8
0165
0021
0194
013F
011D
017E
01AD
010D
01A3
016A
00FA
0123
0151
0004
00F6
00CE
FE63
022F
FDCF
FF7A
017E
FB29
02D6
FCD5
FDB1
028B
F9C2
0286
FDB0
FCCD
02BB
FB20
0118
FF3E
FD62
012C
FE1A
FF21
FFD3
FEEF
FE59
008C
FDA8
FEF7
0063
FC15
013F
FD86
FDE1
010B
FC15
00B2
FEB5
FE1E
00F4
FE4D
003B
003F
FFCA
00B2
00C7
009B
0111
0159
00EF
0164
0185
010C
0128
0214
FFD5
0231
011B
FF31
03EB
FDD4
022D
0212
FD16
0579
FD63
0196
037D
FCA0
057D
FEDB
00D8
03D9
FE31
036C
00C6
0055
021C
0094
0027
016A
0031
FEFA
021B
FD79
0065
003F
FC77
01ED
FCB4
FEDC
0025
FC2C
0094
FDB9
FE4E
FFCF
FDF3
FF7D
FF52
FF38
FFBA
0012
FFDA
005D
00B5
0097
00B9
019F
009D
0144
027F
FF64
0377
008D
0019
0477
FD28
03D0
0092
FDDB
0501
FBC1
0231
008D
FC3F
0355
FC3B
FFAD
0015
FCA9
002C
FE3C
FE08
FF1A
FF07
FD5F
0074
FE4A
FE34
01D9
FC98
01C0
FFFB
FE3D
0369
FE0B
01EC
01A1
FF6C
0315
004D
0184
01FC
00DA
01A3
0163
0107
0106
010C
0081
005F
007A
FFEE
FF4B
00A4
FE28
FFA6
0004
FC72
01D2
FCA2
FE93
0169
FA63
02CF
FCF0
FDA7
02BC
FA7B
025A
FE74
FD5F
0243
FC8D
004F
FF90
FDFE
FFB3
FF3C
FDF3
FF5F
FF62
FCBA
012C
FD01
FE8B
0100
FBA6
01E2
FE18
FE6F
020F
FD3B
01B6
0022
FF8B
0211
FFF5
014F
0163
00F9
0163
0177
0131
013A
0160
012F
00B6
018E
00A9
0048
0262
FEC6
0226
011B
FE7A
048A
FD96
0260
02A3
FD42
05DC
FE12
01BF
03B8
FD69
04B7
FF82
0074
02BD
FECF
0148
0085
FF5E
FFCE
00A1
FDA2
006B
FF45
FCCF
01E5
FBFE
FF9F
0002
FBBC
01F4
FCCE
FEF8
0089
FCD8
00D6
FE84
FED5
0009
FE8F
FF64
FF3D
FEF5
FEFB
FF0E
FED3
FE9B
FEE7
FEE1
FDEB
FFCC
FDEF
FE87
00B0
FC57
01BD
FE9A
FE10
0390
FBE4
032B
0083
FDF3
054B
FD2B
02F2
0227
FE9B
0448
FF87
0165
022F
0034
0124
01C8
000B
00C4
025D
FE3C
030F
001C
FF53
0414
FD88
031E
0143
FF0B
0441
FEE0
023D
01FA
FFC4
02AD
005D
00F9
0139
0049
0081
004A
FFED
FFAB
FF94
FF80
FEB0
FF63
FF04
FDB6
0075
FD0B
FF23
0025
FBB2
0251
FCAC
FEAB
0205
FAB4
0309
FD97
FDE8
029B
FB63
018E
FEC9
FD85
00EB
FD92
FEDD
FF5E
FE5A
FE06
0059
FD1A
FF4E
0065
FC1B
0281
FD8B
FF3B
027F
FC8C
0336
FF8C
FFB2
0348
FEC6
0294
014B
0094
0273
00D6
017E
017E
0117
0111
00FB
00CB
005E
0058
0089
FF00
0093
FF3C
FE39
0151
FC5D
0058
FF3A
FBD7
0298
FB1F
FFD2
0057
FAF2
0316
FC57
FF5E
0182
FCA0
022B
FF4A
FFA3
0191
003E
0056
0209
00C7
0049
03B9
FEBB
02F2
020E
FE8F
0500
FE25
01DC
025F
FD90
038A
FE6C
FFF6
013B
FDB4
00AF
FEC1
FEA9
FF67
FE5B
FEAD
FEA3
FE89
FE82
FE92
FEF8
FE68
FF1D
FFB8
FE00
012F
FED0
FF76
028A
FD2F
0367
000E
FF22
04F2
FD0A
03D3
016D
FEA8
0506
FE2B
024D
01FD
FF1F
029C
0060
0062
016B
010D
FF70
02B0
FFC0
0042
0391
FD91
03DF
0095
FF52
04DF
FDB3
034B
0186
FF09
03D8
FEDC
0175
0139
FF30
0137
FF84
FFA6
FFC2
FF28
FF17
FEF1
FEE1
FE93
FE6E
FF24
FDB4
FF1C
FF0F
FD22
0136
FD11
FF99
0133
FC27
0388
FDE3
FFCE
037A
FC91
043F
FFD7
FFE9
0409
FEAA
02CD
0194
0062
021D
0173
002D
01CA
013F
FEB1
0342
FDF8
0051
01E3
FBD5
030F
FD34
FE5E
01A8
FB2C
0154
FDC7
FD82
00A2
FCBD
FFAB
FEE0
FE55
FFC4
FF06
FF80
FFD1
FFF4
0028
0049
00E4
0087
00CC
0200
FFD8
028C
0141
FFF8
0430
FE72
02E9
01EF
FE10
04F4
FD76
017F
01FD
FCB3
034D
FDB6
FF4F
00DF
FD37
FFE4
FEEF
FE02
FEC7
FF8F
FCB9
0038
FE8C
FCD8
0255
FBA8
00E6
006A
FC62
03E7
FD11
0106
0222
FDC8
03A9
FF98
010D
0288
FFFA
024D
0140
0125
01A6
0123
0118
00F6
00E5
009A
001A
00CE
FF50
FFCE
007E
FD6D
012E
FDE8
FE0A
0169
FB15
0164
FDF2
FCA6
0259
FB00
00F1
FF4D
FCE9
0227
FD95
0027
00C4
FF3C
009A
0162
FFCA
012A
028C
FE94
041E
0029
0046
04D1
FD45
044A
00B7
FEE2
048F
FD34
023C
009E
FE0C
021E
FDF6
FFC5
FFB8
FE31
FF7F
FEA7
FEA4
FECF
FEB7
FEB7
FEA0
FF11
FED0
FE82
000E
FDDE
FFC1
FFDA
FD1A
01F5
FD05
FF6A
011A
FB6C
028B
FCF2
FE36
0184
FB3C
0149
FE09
FDA3
00AD
FD8A
FF47
FFC7
FEEA
FF0C
016F
FE18
011E
019C
FD9F
04A2
FE67
0156
03E5
FD3F
054A
FF98
00A8
0420
FDFF
036E
006A
FFD8
023E
FF0E
00BD
0016
FF58
FFD0
FF4A
FF14
FEF5
FEED
FECA
FE4B
FF25
FE3E
FE33
FFFB
FCDF
0047
FEF1
FD5B
0270
FC74
0147
00D9
FD35
0429
FDD3
0174
0286
FE76
039D
0055
00FF
0270
00E1
00EC
025B
008C
004C
0338
FDB5
0296
0072
FD61
040B
FBCE
0115
0073
FB99
02E8
FBFB
FF33
002B
FC02
00CE
FD91
FE76
FFB5
FE07
FF80
FF44
FF4B
FFBD
FFF1
0015
0030
00B7
00D7
004E
0211
005B
0145
02B8
FF13
03BE
0050
0056
041C
FD8B
0391
005B
FEB4
03A1
FD2F
0162
0033
FDDE
00F2
FE73
FE97
FF73
FEC8
FD54
008E
FD0F
FE4D
0110
FAF1
0241
FDB3
FD99
0345
FB34
02CB
FFBF
FE11
03FC
FD9F
0248
0174
FF7E
02F7
0038
0171
01B3
00D2
0167
0139
0102
00FB
010A
00FA
0081
0137
00CC
000D
024B
FF5A
0196
01EC
FEA5
0424
FF0C
0166
0361
FDDF
0479
FFB6
0079
0356
FE5E
024D
0075
FF7C
00EE
FFFB
FEBB
006A
FF62
FD47
01DA
FC0B
FF8A
005C
FAA7
02EC
FBC7
FE9F
019D
FAAE
02BD
FDA2
FE9A
0228
FD23
01D7
0001
FFBB
01D8
0026
013E
015E
0127
0160
0190
0167
0148
0177
0179
0079
01C4
0069
FFF1
0217
FDEF
0175
FFC5
FD7A
027C
FC24
0049
FFCF
FC10
01D7
FCA0
FEF5
0000
FD12
FFEA
FEED
FE56
FF5A
FFF0
FD4D
0111
FEA5
FD93
02A4
FB3A
016F
FF6A
FBB3
0375
FADB
0043
0011
FB58
0261
FC6B
FF2A
005A
FD19
00D9
FEE3
FF6C
007A
FFC2
0061
00B7
00BB
00DA
0140
0153
010E
01A5
01B6
007D
02BA
0053
010B
02B5
FE48
0326
FF89
FF32
02EC
FC9A
01D7
FF40
FD92
018E
FCEF
FF69
FF3F
FDB2
FEDA
FF3D
FD7D
FF17
FFE6
FC3F
021E
FD6D
FEC5
02F0
FB59
03E5
FF1B
FEAF
04CC
FC95
03C1
0106
FF25
044F
FEDC
0246
01BA
0003
023C
0099
00EB
012E
00CB
00AC
00FE
00C4
00A6
00EB
0123
005E
018D
0132
001C
030D
FF8E
01F1
026D
FEB4
0438
FF27
00FF
02D7
FDB5
02F6
FF44
FF4E
0164
FE33
FFBB
FFA9
FE78
FE87
0051
FCA7
FFED
FF67
FBD0
02C6
FB89
FFB4
0138
FAA0
03B8
FC67
FEF8
0211
FB3E
0265
FDE2
FE3D
0110
FCE8
FFF8
FEBD
FE2B
FF46
FE82
FE8E
FEE9
FEE3
FEB3
FF44
FF49
FF2F
FFB8
0048
FF1F
0153
0028
FFE0
02F1
FEB4
02C3
0189
FF5A
0477
FED5
0262
0249
FF0B
034F
FFCA
009B
0174
FFC9
FFD2
00FB
FEE1
FF0D
0170
FBFF
017D
FE63
FC5A
02F4
FA1D
0107
FF3D
FB29
0361
FB25
0049
0094
FC66
02A6
FE15
0027
0165
FF28
0189
00BC
00C0
0158
014F
00F8
0180
015C
0109
0153
0163
00A1
0144
0169
FFA1
0271
FFC1
0084
02A3
FE24
0335
0022
FFDC
039D
FE78
02C5
0155
FFFD
02CC
0084
00FF
01CA
00FA
FFCD
02BB
FECA
0084
0238
FC16
038A
FD71
FE32
02E0
F9F4
0295
FD94
FC99
0274
FAA5
00D7
FEB6
FCF8
0141
FD66
FFC1
FFE5
FEF9
004C
002D
0013
00A0
00FA
0087
014F
0146
0115
0162
01E4
0099
0203
018C
FFE9
0327
FF27
0152
01CD
FDDA
02E1
FE50
FF8C
0137
FD17
00B0
FEA2
FE27
FF7B
FE9A
FDBA
FFA1
FE72
FD2B
01A1
FBDA
0070
006F
FB98
0451
FC35
00AE
02C4
FBDF
0521
FE5C
00A3
03D0
FDE4
03E7
009D
00B0
02E9
002D
01BE
015A
00B7
00E3
00F7
000A
0055
0039
FF66
FFB5
FF88
FED6
FF09
FF8F
FD93
FFE9
FE63
FDAD
00E3
FC66
0037
FF37
FD0B
019C
FD19
FFB1
000A
FDBB
0041
FF0D
FE8D
FF79
FFA2
FD35
00E3
FDDB
FD95
0200
FA94
01B4
FE81
FBF2
03C4
FA68
0196
003D
FC28
0421
FCD5
0134
01C9
FE48
0319
FFFF
0114
0212
00C5
018F
01B5
012E
013A
01B9
009C
012B
00F7
0052
0064
0099
FF56
FFF5
002B
FDCF
00DF
FDED
FE6C
0092
FC16
0095
FE02
FD81
00A3
FCE7
FFA0
FF56
FE62
FFBA
0024
FEB6
00AE
0110
FE0C
03D6
FE94
00E6
0405
FC8F
05A4
FF47
FFFC
0559
FC50
04C0
0046
FF17
0467
FDB2
0279
0103
FF66
024F
FFFC
00E2
0149
00CD
00D6
01A9
00D9
0131
01C8
00D0
0180
016F
00EC
00F0
019E
FFB8
0132
00AA
FE9B
01FA
FDEB
FFD2
0071
FCD1
011A
FDB3
FE69
FFF3
FD6F
FF28
FF1B
FE3A
FEB3
0046
FCF8
009D
FF65
FCAA
0338
FB7D
00B0
00D9
FAC4
0421
FB63
FF61
0173
FA69
02B7
FCAE
FE36
00F9
FC38
0093
FEAC
FE8C
002B
FF32
FF94
0058
002C
0004
015C
004F
0114
0189
00E7
016E
01C4
010B
0155
023E
FFDB
0261
00C6
FFB9
02C4
FE50
0157
006E
FE30
0174
FE32
FF3B
FFB2
FE48
FE86
FF9A
FDA0
FE6B
005E
FB96
0184
FDD3
FD27
034D
FA87
02BD
FFB5
FCD0
052A
FBF6
02B5
01C1
FDD1
04BB
FEB6
01C8
0262
FF9D
0285
00E4
00DF
0179
011F
0072
017E
00B0
006D
018B
0034
00F7
0120
00A9
00D4
01AD
0066
015B
020B
FFA4
0308
005E
00C4
02EA
FEF4
0274
0092
FFB8
01B0
FF70
FFE0
0055
FF55
FE73
00FA
FD0C
FF62
004E
FB07
02A2
FBF1
FE33
0219
F99B
035D
FD22
FDB5
035F
FB15
02DD
FF83
FE85
0334
FE69
01C7
015B
0047
01E5
015C
00FD
01AD
01AF
0094
021D
00BE
00CC
0176
0026
008C
0089
FFCA
FF88
0080
FE3E
FFD2
FF75
FD56
00BA
FD2E
FECB
FFAA
FCD8
000C
FE3A
FE5D
FFA1
FEFE
FE94
008F
FF50
FED3
02C8
FD48
0277
016D
FD98
05EC
FD1A
02C4
0363
FCE0
0672
FE18
0195
03B8
FD4B
0425
FF57
FFFF
0201
FE85
00A5
FFCB
FF06
FF67
FF86
FE2F
FF41
FEE2
FDD2
FF88
FDFC
FE91
FF18
FE6E
FEC7
FF87
FECC
FF36
00A7
FE58
0139
0027
FF62
028D
FF31
01BE
01A6
002A
0255
0133
00F4
01DA
01C0
FFC0
0323
FFBE
0028
0380
FC58
039F
FF0D
FD78
0446
FA43
024E
FF22
FBA1
0363
FAB4
0038
FF8A
FBFB
0158
FD23
FEF1
FFCB
FE4A
FF94
FFE0
FF4D
FFEE
00E4
FF59
0168
00B6
005F
01FF
00A8
0161
01B7
013F
0117
022C
0088
014A
01F5
FF49
0247
FFD0
FFC7
0180
FE5B
0073
FF8D
FE9B
FF6E
FF4E
FDC3
FF73
FF0D
FC85
019E
FC0F
FF28
011B
FA78
03BE
FC85
FED4
0367
FAB0
045F
FEB9
FEFF
044E
FD25
035B
0101
FFE8
0337
003B
019C
01D3
0103
00FE
01E5
0035
00ED
0149
FF37
0136
FF8E
FF66
002B
FEE2
FF10
FF55
FEA3
FE4B
FFAD
FD6E
FF1E
FF1B
FD3B
0064
FDCB
FEFC
0009
FE54
000D
0004
FF76
0039
017F
FEC0
0281
00CE
FF27
0501
FD76
0380
026F
FD7D
069D
FD16
0271
032B
FC78
053D
FDBA
004B
0238
FCE0
01CF
FEAD
FEA3
0004
FE55
FE94
FF32
FE63
FE15
FFB7
FD78
FF37
FF35
FDE5
0027
FEB9
FF58
001A
FFAD
FFD3
00EE
0026
0070
0206
FFAD
0235
0158
006D
02DB
0068
01A0
01D3
00BB
0103
01C0
FFC5
00AF
01B4
FD5C
02C1
FE30
FE46
02F8
FA43
02AD
FE08
FC29
039F
F9BF
018F
FF13
FBCD
02DD
FBD2
000F
FFF9
FD3F
00C1
FE95
FEE6
FFAA
FF28
FE69
FFFE
FE76
FE83
000D
FD5C
FFA2
FEB6
FDFC
FF9E
FE4D
FECB
FF52
FF10
FED2
0063
FEFA
FFEF
0110
FEF7
01D2
0067
007B
0219
0097
0162
01EA
012D
00D7
02FD
FF6F
0219
021E
FDC3
04B0
FD78
0096
02E5
FADC
0480
FCC7
FE67
02C6
FA11
027C
FD7F
FD2C
017C
FBDD
0001
FED4
FDD6
FFC0
FEFF
FEBC
FFEC
FFE3
FED8
0184
FF54
008A
01BB
FF82
022E
00E5
00ED
0200
0125
0137
01D0
0139
00B3
022C
FFE7
0129
011A
FF37
0147
FF69
FF78
0009
FF1F
FE91
FFEB
FE3E
FE00
00D7
FBA5
00BE
FEA2
FBEB
034E
FA77
0123
0076
FB2E
04D3
FBDC
0103
0258
FC90
0465
FED9
00D2
02DA
FF63
026C
0168
00E7
01AC
01D9
003F
0205
0105
FFCE
024F
FF07
00BD
0094
FEA6
009F
FEF2
FEFD
FF66
FECD
FE4F
FF4D
FE44
FE32
FF9E
FD72
FF61
FEF4
FE34
FFE1
FF09
FF28
0025
0020
FEF4
0231
FF2A
0097
0340
FD58
04CE
FFCB
FFD2
05B5
FC3E
0520
00B3
FE81
05C2
FC7B
030F
0106
FDCB
0328
FDD7
001B
003D
FE42
FF7D
FF4D
FE27
FED1
FF6D
FD13
FFFE
FE13
FDF9
0052
FD47
FFEF
FF4E
FEA7
0069
FF83
FFDE
0096
008A
001B
01C1
006D
0117
0217
0051
0220
0162
00F8
01B2
0183
004B
01CE
00F1
FF0C
0322
FD99
00F3
0168
FB9C
0402
FBEE
FF22
0201
F9A5
035D
FC47
FDA3
0202
FA8E
0195
FE26
FDBB
0125
FDD2
FFEC
002D
FF82
FFFB
015F
FF78
0143
01B1
FF72
031C
0037
0145
029A
FFEE
0269
0115
00C8
018F
00CA
0060
00ED
0048
FF82
00D1
FED6
FF9D
FFB7
FE54
FF58
FEE4
FE38
FEBC
FF54
FCFA
0043
FE1F
FD62
0222
FB47
01BD
FFB8
FC60
04E7
FB8B
024C
01FA
FC9B
05BA
FDB4
01D7
0334
FE4A
040B
004E
00FF
0268
0085
00FE
01A3
005A
0025
01D0
FE70
010B
FFF3
FE10
014C
FD98
FF66
FF78
FD93
FF89
FE4C
FE52
FEE3
FEB9
FE36
FF74
FEC7
FEC5
0032
FECA
000F
0046
FFD4
0071
0143
FFF1
0159
0214
FEFF
0412
FFA6
00E8
0475
FCD7
0541
FFAD
FF2A
0561
FB91
03F2
FFE7
FD78
03EC
FC0D
0105
FFCC
FD25
00BB
FDE1
FE70
FF29
FE73
FDC9
FFDD
FDC3
FE8F
006D
FCF8
0106
FF04
FED2
01B1
FE8C
0132
00C5
0013
0192
00ED
00E8
0180
016E
00B1
0206
00D5
0104
01B6
0087
0111
0145
0090
007C
020D
FF1F
01E9
0165
FE6D
049C
FDE2
020C
0344
FCC3
063A
FE1C
013D
0479
FC67
0546
FF29
FFD9
037C
FD6E
0209
FFDD
FED8
0089
FF24
FE90
FFA6
FEE3
FD89
007E
FCF2
FEF5
FFB1
FC80
00D6
FDB5
FEC0
0066
FDEF
006E
FFAB
FF9A
0090
007A
003B
012A
010F
009D
01F8
00EA
015A
01CF
0141
0107
021A
008E
00B6
028F
FE1A
02B1
FFC1
FE04
03CB
FB3A
01FD
FFB0
FB78
0400
FA78
006D
0037
FAFD
02BA
FC3B
FF0F
006C
FCE8
005B
FEEB
FE94
FF91
FFA9
FDF3
006E
FED2
FDFD
0133
FCB3
0014
FF36
FD0B
00D2
FD34
FF09
FF6A
FDCC
FF9E
FEEB
FEF1
FF92
FFC6
FF4A
007E
002D
001E
0130
00A3
00D9
0191
0157
008C
02F1
000B
01A2
02FF
FE0F
0494
FF09
FFFF
0433
FB7D
0442
FEA6
FDBE
03E9
FAAF
0209
FEDF
FC93
01E1
FC34
FF5C
FF30
FD7A
FF2D
FF10
FE06
FF52
FFF1
FD8A
0194
FEB5
FF7A
0242
FDED
0285
006D
FFF5
02DB
FFB3
01E7
0183
00B2
01B4
013E
00E2
0146
013E
0075
0162
00B8
0095
0112
00EE
0035
019C
00CC
FFEB
0343
FEB4
027A
022F
FE13
059C
FDD4
0214
038E
FC6C
05C7
FDE3
0057
0363
FC0B
0339
FE87
FE8C
014F
FD5B
FF8A
FF29
FE1A
FE7D
FFA0
FD15
FF6F
FF38
FCC5
0177
FD1C
FF89
00D2
FD42
0200
FF05
FFF6
01AD
FF77
0189
010B
00DC
017E
018A
010E
01A9
018E
00FB
0196
012C
00AA
0101
0111
FF31
01A2
FF2D
FEED
020C
FBED
01C7
FE9D
FC67
0344
FA27
013A
FF61
FB28
0385
FB0F
0026
006B
FC0B
01FF
FDAC
FF09
0046
FE58
FF24
FFE5
FE67
FEB1
007D
FCA1
007A
FE8E
FD12
0162
FC29
FFF1
FF5F
FD26
0123
FDF2
FFAE
0051
FF19
009E
0060
005B
00DC
012D
00B1
016D
015A
0110
015F
01B3
008D
01A5
01A3
FF5F
0351
FF18
00E9
0312
FCE2
04B2
FED1
FFCA
04BD
FC09
04DC
0010
FF30
051D
FD7A
0364
0176
FF83
0331
FFFF
00E5
0173
0069
FFAE
01BA
FEB0
FFD9
011E
FCAA
01AD
FDCE
FE03
0107
FBEB
0062
FE40
FD85
003B
FD77
FF4B
FF3B
FEB8
FF99
FFB0
FF8C
0012
0071
0026
00C0
0109
00BB
0103
021A
0001
027E
0181
FFA6
0465
FE47
028B
0251
FD29
0555
FD00
00ED
028A
FB61
03F3
FD0C
FEC9
0195
FBC4
00E4
FE32
FDC5
FFA2
FE3E
FE07
FF8D
FEA5
FDC9
014C
FD12
0069
00AE
FD4E
0328
FE49
00C2
024F
FE8E
031C
005A
00F5
026D
0078
01D9
0177
0118
014A
014A
00B1
00CE
00BD
0037
FFF3
0078
FF1C
FF72
0067
FD13
00FC
FDF6
FD77
01DA
FAA0
016D
FE62
FBEC
035E
FA75
0143
0003
FC1C
039A
FCE7
00BB
017F
FE67
0233
0080
007C
01AE
01AB
0004
0309
00BF
0079
03E0
FE54
0325
0100
FEDB
039D
FDD3
0148
0097
FE02
0155
FE43
FF3E
FF8A
FE4C
FF0C
FED1
FE8D
FEB1
FEEB
FE9D
FEC0
FF26
FEE6
FE8E
002E
FDF1
FFA6
002F
FCBC
022F
FD05
FEF1
01B8
FA9B
02EA
FCEC
FD85
027D
FA27
01F9
FE10
FD05
01FF
FC6C
005C
FFD7
FE88
0086
005C
FF61
0117
015F
FEF2
0394
FF89
0124
0399
FE2D
0446
0048
005C
03AC
FE7D
0295
0099
FF98
01B5
FF34
002F
FFED
FF36
FF5F
FF3F
FED2
FEC0
FED8
FEA4
FE33
FF1D
FE50
FE0F
004D
FCD9
0063
FF83
FD0D
0346
FC7B
016B
01D4
FC94
054F
FDA5
0170
0387
FD56
04C1
FFAC
00BD
0329
FF5D
01FC
0160
0060
00F9
01F5
FF20
0210
0111
FEBE
03F4
FE29
01E1
0256
FE1C
0459
FF33
0157
02DC
FF1A
0303
0095
00C9
01DD
0040
00F2
00A5
0037
0017
0003
FFA2
FF45
FF6B
FF3E
FE22
FFDD
FDD9
FE4C
004F
FBD2
0117
FDD4
FD2F
0297
FAD9
0215
FF69
FCDC
043F
FC33
0215
016C
FE06
03DE
FF49
0155
0249
0074
0183
023C
008A
0142
02CD
FE91
033C
0015
FF0E
0389
FCB2
01FB
FFD3
FD52
0246
FCAD
FFDF
FF81
FD3E
002C
FDF0
FEB0
FF22
FE6F
FEED
FF01
FEF2
FEFC
FF2D
FF59
FEBF
FF9D
FF5A
FE1C
00DE
FD6A
FF6F
0057
FBC3
0241
FC7C
FE60
01A6
FA4C
02A3
FD40
FDAD
028A
FB87
01F2
FF74
FE7C
022F
FF22
00B3
0172
00A0
0070
02D9
FF9F
01C8
02C4
FE50
047F
FF49
00B0
03A8
FD66
03C5
FFD5
FFBC
031D
FE72
0224
00CC
0014
01FD
0074
013B
0160
0124
014C
0163
015F
0119
0135
0183
000D
01AC
0059
FF52
025D
FD57
013A
FFFF
FC7B
031A
FB7C
000A
006A
FAE0
02E0
FBFC
FEDF
00E0
FBDB
0142
FE3C
FE6F
0036
FEBB
FEAB
0036
FECD
FE2A
0178
FC5E
007F
FF8C
FC08
0280
FBB6
FF8B
0039
FBA1
01E0
FD11
FEF5
009C
FD7C
00E1
FF5D
FFAB
00CB
0017
00B4
00E9
00FE
0114
012F
0190
00E9
0177
01DE
FFE6
02CD
0022
0079
0340
FD9D
0395
0005
FEEF
04A1
FCA8
036E
010F
FE5C
04D3
FE16
0259
0228
FF66
02F7
00C7
00C9
01C5
014D
FF8A
0298
FF6B
FFA8
02AD
FC60
0264
FED2
FD4F
02A7
FB53
00D1
FF03
FC8C
0171
FC9B
FF66
FF69
FDA6
FFF8
FE93
FF02
FF66
FF0D
FF34
FF3A
FF4A
FF10
FEF1
FFA0
FE1D
FF6A
FF39
FD22
0108
FCB5
FF11
0081
FB51
0294
FCD9
FEB6
025C
FB75
032E
FED7
FF01
033D
FDFE
0243
012F
0022
0202
017E
005C
021C
01B3
FF48
03FD
FED6
0154
030B
FD24
0486
FED3
0026
0399
FD43
038E
001F
FFF3
0324
FF45
0231
0156
00B0
01F7
0103
013A
013E
010A
00DD
0099
00CB
0005
FFE3
00B7
FE35
009B
FF0F
FD95
01AB
FBDC
0054
FF6A
FBAC
02BE
FB79
FFC6
008D
FB8F
0275
FD27
FF05
00D2
FD5D
0032
FF58
FE7B
FF42
0002
FD18
007B
FEAB
FCCE
021F
FB47
0059
FFB6
FB8B
02F4
FC09
FFF0
0107
FCAF
029B
FE9B
0027
01BE
FF50
01C5
00DD
00E8
018F
0131
014C
014E
0161
0139
00DD
01B5
005C
00FF
01D6
FEEC
02D4
FFB6
FFFF
0383
FD51
03BD
0063
FF26
04E0
FD82
0363
01A3
FF15
041D
FF48
018B
01D0
FFE6
00DD
013B
FF39
0030
0130
FCDF
021D
FDE8
FDD5
0241
FAA9
01B2
FE35
FC85
0266
FB49
0098
FF45
FD01
015F
FD7F
FF8F
FFB9
FE5D
FFCA
FF04
FF07
FF2C
FF05
FEED
FEBA
FF0C
FEAD
FE44
FFBB
FD7E
FF5F
FF82
FCD8
01D5
FD14
FFB1
01A2
FC3C
03A7
FE5A
FFE7
0379
FD6B
03A8
008A
0038
0344
0013
01B0
0200
00E2
00B8
02C2
FF08
01A6
01B8
FD4E
03E7
FD47
FFD8
0214
FB25
02F6
FD18
FE0D
017A
FB5E
00E2
FE02
FDA3
004A
FD66
FF6B
FF21
FEC7
FFA6
FF88
FFB8
FFFC
0050
0081
004B
0163
00AC
00C2
029B
FF81
02D9
0165
FFA0
0479
FE34
02B2
01E7
FDE0
046B
FDAC
00E6
0192
FD23
01F4
FE5F
FEC9
0008
FE55
FE4C
FFB8
FDF5
FDD1
00E9
FBA0
00C8
FEF6
FC41
034D
FB76
0126
00EC
FC78
0426
FD92
0119
0254
FE61
0353
002E
011B
0250
0089
01D9
0165
0128
014A
0124
00E9
009D
00BC
0074
FF84
00E7
FED8
FF70
009E
FCC1
0142
FDB9
FDB3
017E
FB03
012D
FE2A
FCC3
01FE
FBE3
0076
FFAC
FDC0
013E
FF27
FFB0
00E9
0092
FF67
02DD
FF8C
00E7
03B8
FD94
04D0
001D
FFCE
0539
FCDA
041B
00AF
FE9D
0423
FD61
01A7
0075
FE29
0154
FE51
FF51
FF67
FE66
FEE7
FEB1
FE7C
FE81
FEA5
FEB1
FE59
FF36
FEF5
FE61
00CB
FE06
006C
00EC
FDCC
0371
FE7B
00F6
0310
FDAC
0462
FFBC
009C
0396
FEBC
02CB
0115
0040
01D7
010D
FFF6
01CF
00F3
FF04
03C1
FE1A
01BD
02AF
FD14
056B
FE4F
0127
0418
FD12
04FD
FFB1
006D
03B2
FE59
02B2
0078
FFCB
017F
FF66
0019
FFDB
FF51
FF42
FF3A
FEE7
FEB1
FEDA
FEE7
FE04
FF7B
FE57
FE22
0093
FCB8
008D
FF28
FD24
0264
FC3E
008A
002A
FC77
023D
FCFA
FF3B
0029
FD1B
FFD2
FEB6
FE05
FEF8
FF87
FCE8
00BD
FE70
FD89
02D1
FBA8
0225
006C
FD02
050E
FCB9
025C
025B
FDC4
04E0
FEED
019F
02B2
FF46
02CE
0098
00D8
019A
0096
00EA
00FC
00C3
00AF
00EE
00E5
0092
0128
0142
001E
0278
0036
0118
02EE
FEAE
03B7
0042
000E
03E5
FDA9
02F3
0063
FEB3
02A4
FDF4
0056
000E
FE5D
FF5E
FF97
FDAB
FF17
FFBA
FBE7
019C
FCC4
FDF9
0206
FA58
02D3
FDFE
FD90
03B2
FB88
02C9
002A
FE6A
03BB
FE71
0207
01A6
0018
0274
00F0
0157
01A6
0144
0119
0154
00F6
00A9
00B4
00AB
FF9D
0081
FFDA
FE79
0126
FD6A
FF9A
FFF2
FC23
01A1
FC9C
FE90
0095
FBAF
0139
FDDE
FE46
00C1
FDF8
FFE9
003D
FF6E
FFD6
01F1
FE8E
020E
01B5
FE3E
0548
FE14
023C
03B3
FD06
0601
FE8E
00FA
03E9
FCEB
03E7
FF39
FF6A
0215
FDC6
00B1
FF54
FEA1
FF9D
FEBA
FEA8
FEE7
FEC3
FE75
FEE8
FECC
FE90
FEF6
FF61
FE11
001C
FEC7
FE54
013A
FCD3
00BA
FF5B
FD0C
020E
FC58
FFDB
FFC1
FC8D
00E7
FD85
FE85
FF99
FE36
FE91
0016
FE5E
FEF2
01BE
FCB7
0299
FFDE
FE2A
050C
FC70
0384
01D2
FDC6
05F2
FD9C
0296
02AA
FE3A
0430
FF52
0116
0209
FF87
01AA
00A9
0086
0103
00ED
0095
0126
0115
00DC
0145
0174
00CF
018C
01C4
0004
02D3
0014
00BC
02B4
FE02
02D6
FF7D
FEEE
0263
FCF3
00F9
FF48
FDBA
005E
FDFB
FE69
FF38
FE7E
FD77
009B
FCEE
FEF9
0109
FB4B
0328
FD7B
FEA7
03BD
FB33
042F
FF7E
FEC7
04D8
FD31
037A
0161
FF99
03C8
FFC3
01E7
01C5
0087
017F
00FD
007B
009C
008C
FFB2
0018
FFB5
FF35
FF40
FF8E
FE1F
FF74
FEFA
FD64
00BE
FCE7
FF47
0001
FC54
01A5
FD60
FEE5
00D5
FCF4
00C2
FEDF
FE84
FFEB
FF12
FE2F
0006
FEBF
FD58
01A9
FBB8
0022
FFF6
FAF6
038A
FB4E
FFAD
01B1
FAC1
0400
FD41
FF94
02D5
FD04
0327
0001
003D
02A1
0012
01D0
0199
0122
0178
01B1
00E5
014C
0145
0082
00D8
00A9
FFEE
0010
007D
FE62
0093
FEE3
FE01
010A
FC62
000B
FEE9
FCA3
0124
FC9C
FF3A
FFA6
FD77
002A
FF2C
FEEC
001F
0093
FE70
0268
FFA6
FF9D
043A
FCF3
042B
0100
FE69
0624
FCA3
039E
0208
FDAE
055E
FDC6
01D9
0228
FE67
0301
FFBC
00B0
019B
0047
0116
014D
00DF
010E
01B4
00C3
017F
0177
00FC
0134
0188
005E
010E
014C
FEF2
01FB
FEFA
FF63
016D
FCD0
0129
FE6C
FDBF
00B5
FCCB
FF57
FEE3
FDC6
FEFA
FF45
FDBC
FFA1
FFF6
FCED
02B9
FD81
FFE6
031E
FBC7
0501
FECD
FFAC
0535
FC55
04EB
0092
FF7C
04DC
FE2C
02EC
0162
FFA7
0265
FFDC
0082
00A4
FFDD
FF9A
0021
FF0A
FF22
FF83
FE61
FEF5
FED9
FE5A
FE75
FF4A
FD9A
FF59
FF22
FD6F
0131
FD8A
FFD9
00E0
FDA4
024A
FF37
0037
0200
FFAE
018D
0198
00C4
013E
02C7
FF66
02F1
0199
FEBA
051F
FD3A
0242
0240
FC00
0534
FC4F
0028
0216
FAEA
0319
FCF1
FE5B
0101
FC23
0060
FE5C
FE1C
FF99
FE7D
FEBB
FF58
FF04
FEB2
FFE0
FEA8
FF42
FF8F
FEC6
FF2B
FF64
FE95
FED1
FFB5
FD58
FFF0
FE72
FD90
00D2
FCA1
FFF6
FF66
FD88
0132
FE59
FFCC
00AA
FFA1
0038
0199
FFDF
00DA
02ED
FE32
041C
0056
FF84
0578
FC74
0463
010F
FDDC
05E9
FC6D
02EC
01C0
FDA4
046F
FE57
0164
0203
FF4E
024E
00CA
00E4
019D
015F
00C7
01E0
0114
00C7
01CE
0054
00E9
00D8
001F
0002
008F
FEFC
FFA9
0015
FD74
00A9
FDDE
FE31
0055
FC6E
000E
FE5D
FDC2
0006
FE1E
FEF0
FFCC
FF37
FEC0
01B0
FE28
00DC
021B
FD1E
04F5
FE71
00D1
04C3
FC42
05F0
FF91
FFF1
055A
FCC2
0431
0077
FF13
0358
FE22
0117
0047
FED6
0021
FF51
FEB9
FF3F
FF27
FE03
FF92
FE4A
FE7B
FF57
FE42
FEEB
FF30
FEBD
FEC5
0004
FE03
FFD1
FFA4
FDA9
0126
FDA7
FF45
0019
FD32
0048
FE52
FE4B
FF64
FE94
FE00
FFD2
FE70
FDD7
01B7
FC2A
0154
004C
FC83
04EA
FC32
01FC
02BF
FC64
0621
FDF2
019C
03EA
FDA8
04A9
FFFE
00C7
02E5
FF7E
01AE
00DE
001D
007B
0090
FF2A
0027
FFAC
FE7B
000D
FE58
FEC3
FF1D
FE47
FE74
FF0B
FE2A
FE72
FFC7
FD62
0033
FF18
FE50
0180
FE2D
00CB
00C8
FF65
01AE
00AC
008F
0197
01A1
FFC6
034C
000B
0099
0416
FD13
047F
0013
FEA5
059C
FBC1
03F5
00F1
FD98
0580
FCF2
0293
01FB
FE7B
03DC
FFA3
0160
021D
0074
0188
0193
00B4
00FF
0197
FFA9
0151
0039
FF7C
00BC
FF0C
FF76
FF88
FEDA
FE8C
FF8A
FDE1
FEAE
FF74
FCF4
002C
FDFC
FE45
005A
FD97
0016
FF99
FF0F
0047
0087
FF54
0154
0132
FEE0
0421
FEAC
01CF
03BA
FCFF
061F
FEB0
00BA
04FD
FBEB
0538
FF29
FF04
03E7
FC56
0228
FF74
FE0A
0115
FDE5
FF22
FF44
FE6F
FE77
FF7A
FDF4
FEE0
FF7B
FDAF
FFF7
FE9B
FEBC
FFC6
FEBB
FF20
FF90
FEFE
FEBA
0025
FDE3
FF85
FF6B
FD6B
006E
FDAC
FEB2
FF93
FDB5
FF47
FF1D
FE75
FF24
005F
FD9D
0163
FFBD
FE2B
041F
FCB5
02E6
01FE
FD37
0684
FD2B
02B3
0397
FD0B
05F3
FE8E
0139
0339
FDEE
02E4
FFC3
FFB3
0108
FF46
FF6D
FFEE
FEFC
FE89
0004
FD9B
FF30
FF04
FD8B
FFA6
FE14
FE93
FF3A
FEB6
FECC
FFDC
FF10
FF5D
00FC
FEB1
014F
008C
FFC2
0253
0008
016B
01CC
00E1
0156
023E
006C
017A
029F
FE60
03D8
FF52
FF6A
0417
FB54
03A8
FEE6
FCE3
0431
FA26
01CB
FF23
FBB4
02A1
FB79
FFA2
FF81
FCC9
0057
FE44
FEB9
FFAC
FF63
FEE6
00C1
FF83
FFDA
01AC
FF3F
01C0
0105
006F
0228
00DE
0153
01C1
0155
00DE
0228
006C
0105
01C1
FF40
01AE
FFD9
FF86
00C3
FEE8
FF65
FFAC
FEBC
FE42
0055
FCC4
FF7C
FFA0
FB72
029B
FBAD
FF20
01CD
FA28
0436
FCE7
FEF1
03B6
FB60
0422
FF70
FF5B
03DC
FE5D
0291
0163
0055
0220
0133
00B9
01A8
0158
0002
0263
FFE9
00DB
01CE
FF62
01E4
007E
0075
0184
00B0
00D5
018A
0116
00B9
025E
0046
01B3
01CD
000E
023A
0072
008F
0125
0038
FFA0
00E9
FF24
FECA
0181
FC2C
0121
FEE0
FC03
0342
FA47
00CF
FFFF
FA93
0414
FAF9
FFFC
012A
FB3B
02E8
FD32
FF03
00E3
FD46
002D
FF0D
FE75
FF2B
FF53
FDBE
FF96
FEB3
FDA6
005E
FD58
FF5C
FF88
FDF9
0055
FF0E
FF81
004E
0015
FFF0
013B
0076
0098
022B
0015
0209
0190
00B4
0235
0122
00F9
01A3
0141
FFB3
0288
FF18
001C
025F
FC17
0335
FDE4
FDA8
0357
F9B8
0284
FE0F
FBE7
0341
FA23
00ED
FF28
FC3D
01F3
FD03
FFAD
0038
FEA5
0047
0079
FFAD
00A7
0189
FF67
027C
00AB
009B
02EF
FFCD
0250
017C
0093
0208
00CA
00C7
011C
00A7
FFD0
0110
FF59
FFA7
0054
FE46
FFD8
FEEB
FE61
FF0B
FEDE
FDB7
FF5B
FEAF
FD0A
016D
FC3B
FFF6
00D2
FB71
0442
FC99
0032
036F
FB67
0568
FE8B
0012
048B
FD21
0421
009C
000D
0346
FFB8
018E
0187
0091
00C1
01DD
FFB6
0147
0185
FF22
02B3
FFC1
00CE
022C
FF94
022B
00FB
00D6
01C9
0130
00F1
01A5
0124
007B
01E1
FFF3
00C0
00D8
FF6B
005D
FFD0
FF05
FF64
FFD4
FD4E
006B
FE1A
FD31
01C5
FAC3
0114
FEEF
FB7C
03ED
FA82
013A
00E5
FB89
04B1
FCBB
00F4
026C
FDA2
0386
FFF1
00CA
025E
00A6
0149
0217
00F4
00E1
02AA
FF63
0210
0105
FF28
0262
FEA7
0066
0064
FE65
003C
FEDC
FEBA
FF21
FECD
FE1E
FF31
FE5A
FE32
FF7B
FDF3
FF1E
FF41
FEC2
FF58
0029
FEDE
0054
0122
FE27
035A
FF11
007B
0432
FCC0
0556
FFEE
FF94
05F1
FC44
04C3
00D0
FE74
04F4
FD1B
0212
00D3
FE20
01A5
FEB6
FF2A
FFC5
FEEF
FE23
0013
FDD4
FE7A
0031
FC95
007B
FE52
FDF8
00B0
FD64
FFE4
FF50
FE79
FFD5
FF0F
FEEB
FF66
FF3D
FE6B
FFB0
FE75
FE9F
FF53
FE2C
FEC2
FF09
FE6B
FE74
0027
FD5C
004D
FFF1
FD23
037C
FCEA
013D
029B
FC3F
05D8
FDDC
011C
0476
FC81
057E
FF7F
004D
0410
FE23
02E2
00DB
FFFD
01D8
009E
0036
0177
00DE
FFAB
02C3
FF54
016D
0237
FF0A
0358
0024
0110
028B
FFDD
0219
0108
00A0
0139
00BF
0019
00A1
0021
FF4F
0051
FEF4
FF21
FF62
FEAE
FE60
FF70
FDF2
FE3A
0042
FC0B
00ED
FE52
FCF3
031E
FAF3
021D
0034
FC5D
053E
FC07
0242
0247
FD3D
051E
FEB6
0196
02F3
FF66
02C7
013C
00C5
019D
018C
FFAC
01FB
0034
FF33
0240
FD98
00D3
FFD2
FD86
012E
FD71
FF29
FF6D
FDB3
FF68
FE97
FE7E
FEFE
FF0E
FE6C
FF79
FEFE
FEC5
FFAB
FEF2
FEFD
FF8C
FF2D
FE42
008C
FD92
FF1D
0079
FB93
022C
FCC2
FDE4
0251
F9DF
02F2
FDAD
FD24
03B2
FADE
029F
FFDA
FDED
0393
FE34
019E
01A5
0012
01D7
01BC
00A1
01CB
0238
FF90
034D
0017
007C
02DE
FE21
0251
FFD5
FEFE
018B
FE15
0005
FF68
FE6B
FF4E
FEC4
FE60
FEC6
FECA
FE14
FF1B
FE92
FE92
FF35
FF39
FEA8
0038
FF90
FED8
0256
FDED
01D8
01B3
FDBA
0568
FDC5
0229
03C7
FCC8
0645
FE80
0113
0439
FCF7
0437
FF91
FF9D
025F
FE64
0086
0011
FEE8
FF2B
0029
FD75
FFA5
FF41
FCA2
0128
FCA3
FEEA
0011
FC64
010A
FDFD
FEE3
0097
FE62
007C
000D
FFF2
00AF
00D9
007F
0141
014E
00E6
01AD
016E
0117
0197
01CC
000D
029B
003B
0009
032F
FD0F
02DF
FFA4
FD54
0410
FACD
01B5
FFAF
FB48
0379
FADB
FFD1
FFFD
FB8E
017E
FD33
FEA7
0007
FE48
FF4E
0050
FF1C
FFB2
01CB
FE3A
0257
00A7
FF5C
03CF
FEA8
0274
01D5
FF7E
0350
FFE8
0163
01BD
0039
0172
00EB
00A2
00E8
010A
006A
0110
00F4
00AC
0109
0173
0069
01A1
01BF
FF98
03A1
FF77
014D
036F
FD2B
04DA
FECC
FF8C
043E
FB41
03C9
FEAF
FD86
032D
FB4D
0107
FEF5
FCEE
0098
FD74
FE78
FF35
FE6A
FDFB
005F
FDB7
FF47
00F8
FCF0
025D
FEE4
FF77
02CF
FDFC
02AF
00BA
001D
02E1
0019
01DB
01A8
00F4
0196
0162
00E9
0111
010D
005C
008C
006F
FFBE
FFA9
006A
FE06
0044
FF17
FD19
01C6
FBA6
FFF8
FFDB
FAE0
0348
FB3A
FF7A
0172
FAAC
03A4
FD25
FF4B
027B
FD09
0281
001D
FFF3
0205
00C8
00A8
0235
0143
004D
03A6
FF34
0245
0237
FE7B
03F0
FEA8
00B5
01D7
FDAD
01DA
FEBE
FF0C
0043
FE1B
FF5A
FEE6
FE86
FEC7
FEE5
FE77
FECB
FEFA
FEBB
FEC1
FF91
FE7E
FF18
004A
FD2A
013C
FE55
FDE8
0251
FB12
01CF
FEAC
FC15
0361
FA4E
00F1
FF86
FB77
02D0
FBFE
FFB9
006B
FD49
0113
FF65
FF6F
00B5
00CE
FF47
0271
004F
0036
03C9
FE6B
0369
0171
FF75
045C
FEB2
0242
01A5
FF1E
0278
FF63
0054
008E
FF37
FFD6
FF76
FF07
FF00
FF0D
FE95
FE91
FED6
FE7D
FE15
FFB1
FD7C
FF46
FFF0
FCAA
0254
FD6A
FF9D
02AE
FBDD
0476
FEBC
FF91
04BC
FC8A
0473
0091
FF7C
045E
FEA4
0260
019D
0008
01BB
0144
FFFE
016D
0175
FED2
0348
FF1F
00A9
0319
FDB5
03E1
FFFF
0038
03B2
FEAF
02F5
0124
004B
028C
0028
0138
0103
0051
0078
004D
FFD0
FFA7
FFA4
FF51
FEBE
FF85
FE93
FE2C
0044
FCAA
000E
FF08
FC6C
027F
FB8D
0057
0099
FB34
03C9
FBF9
FFA2
0197
FB48
0299
FD6D
FE6D
00CD
FCFB
FF99
FF02
FE0E
FEB7
FFC9
FD0D
001C
FF3E
FD0F
026A
FCC5
00A5
0141
FD2F
0393
FE95
00DF
028B
FEEE
02FD
00B4
010C
0243
00C7
0198
0167
0113
0109
0105
00AF
0056
007B
0046
FF1B
00C0
FEA1
FEF2
00D0
FC2A
0142
FDD1
FCFF
023B
FA54
016A
FE9D
FBF6
0345
FB2A
0105
005B
FCFB
02DE
FE5B
007C
0189
FFD0
00FF
01D9
004B
0126
02D6
FEC0
0391
0091
FFB1
0453
FDA4
0314
0114
FEBA
03D5
FE62
01B6
0178
FF54
025A
0034
0104
0180
00D2
014E
015C
0140
0138
0153
0164
00AC
0169
0102
FF9F
023B
FEA1
007F
0140
FC86
02DE
FCF2
FEB0
01D0
FA4F
0280
FCF8
FD41
01FA
FAD6
0123
FE8B
FD7D
0121
FE0A
FF9A
005E
FF9A
FF80
0206
FEEF
0141
0268
FE21
047D
FF6F
00FA
040E
FDDF
0445
0050
0025
0367
FE90
020B
0073
FF72
010F
FF39
FFB3
FF92
FF17
FF0B
FEFB
FEE0
FE93
FEB9
FF1F
FDD2
FFA6
FE94
FDD4
012D
FC74
00A2
FFAD
FC67
0338
FBC1
0068
00D4
FB48
033C
FC42
FF08
00E8
FBC0
0108
FDE9
FE0A
FFCA
FE55
FE58
0004
FEC8
FE5F
01F1
FD20
018F
00EB
FDB3
046F
FDE0
01E4
02B1
FE2A
0467
FF85
0146
02BD
FF60
027F
00AF
00AF
0182
0085
00E1
00DE
00C8
00C0
00C9
0126
0086
0126
01A7
FFCE
02D7
004C
00BF
039B
FE04
03FC
0060
FF31
04BC
FC91
0319
0075
FD76
039F
FC95
008F
001B
FD20
0086
FE38
FE2E
FF2F
FECD
FD31
0077
FD90
FE1F
0181
FB98
0203
FEDB
FDC1
037C
FC84
0257
00D3
FE9A
03B1
FF00
01E4
01F2
0030
0279
0101
0155
0199
011B
0119
00F5
00DA
0075
002B
00B2
FF09
0031
FFDE
FDA7
016E
FCFD
FF3B
008E
FB40
0264
FC89
FE44
01C7
FABB
024C
FDCD
FDCD
01E0
FC78
0095
FF5B
FE2B
FFEB
FF4C
FE15
FFC4
FF52
FCE2
0199
FC7A
FF04
00CF
FAFE
027B
FCE7
FE5A
01EF
FBBE
022D
FEE4
FEDE
0235
FE7C
018E
00DA
005A
01C7
00FA
0158
0182
0174
016B
0149
0199
00ED
00E2
01C4
FF4C
01B4
0022
FE9A
029B
FCB0
0105
FFF4
FC0B
02F2
FB82
FFA6
004A
FB30
0202
FCAD
FE8D
0069
FD11
000F
FF68
FEC8
FFD4
00DD
FE41
01EF
0069
FECE
0458
FDAD
02DE
024B
FE1F
0577
FE69
021D
02F3
FE4D
03E0
FF7F
00A5
01D2
FEFC
010D
FFC6
FF79
FFD3
FF33
FF17
FEF1
FEE8
FEB0
FE50
FF30
FDE7
FEA3
FF99
FCD4
00E4
FDF0
FE65
0214
FC0D
02A1
FF6D
FE55
0432
FCF4
02F4
0153
FEE2
0407
FF4F
01B2
0216
004F
0169
01ED
0011
0131
025B
FE33
0399
FF8D
FF9F
042F
FCB6
03DB
0075
FED6
04C3
FDAD
02FB
01A4
FF54
03A2
FFAD
01A4
01B1
0035
0180
0097
0074
0072
0024
FFE5
FF8A
FFB4
FF2D
FE9E
FFEE
FD8C
FF47
FF45
FC78
0154
FC73
FEF3
00CB
FB50
02A9
FD50
FED8
0269
FC62
02AC
FFA2
FF69
0296
FF88
014E
01C9
00D9
00DC
0313
FF84
0249
027E
FE31
04E0
FE51
00EB
0329
FC35
03FB
FE0D
FEEB
023E
FC04
0168
FE66
FDE4
0066
FD5F
FF40
FED3
FE54
FF10
FECD
FED9
FEF7
FF24
FF2E
FED0
FFBF
FEDF
FECD
0081
FD44
007F
FEF3
FD1F
01F1
FBB0
003F
FF8F
FBB1
0273
FBF6
FF7D
0082
FC72
01A9
FE7D
FF50
00F5
FFA4
FFF3
01AC
002A
0037
0370
FE36
035D
0179
FEA2
057F
FD6F
02DB
0259
FD98
04FB
FE1D
0160
0260
FE3A
0306
FFC5
00A3
01D6
0017
017B
0123
0109
0153
0158
0149
0128
016F
014A
0078
01F2
FFF1
0091
01BE
FDD7
0248
FEA8
FE84
022D
FB8B
018B
FE5D
FCCA
01D9
FB93
FFFD
FF0D
FD00
0060
FE32
FEA8
FFD6
FF7A
FE50
01CE
FE8B
FFFC
02E7
FCE3
0444
FFB8
FF94
052A
FCF8
0464
0122
FF36
04DD
FE38
0295
0175
FF33
0262
FF5D
0056
005E
FF4A
FFB5
FF64
FF12
FEF6
FEF8
FEE0
FE63
FF1A
FEB3
FDF8
003B
FD4E
FF8C
FFE4
FC9C
0219
FCFD
FF52
0149
FBC3
025B
FD9A
FE62
014A
FC64
006B
FEB4
FDE3
FF84
FEC8
FDC6
FFB7
FEF7
FD27
0206
FC84
004C
0165
FBF0
046E
FD79
0078
0390
FCB1
04C2
FF9D
007F
03EA
FEB6
0333
011B
008D
025D
005A
0120
00ED
0068
0056
0043
FFDF
FF8F
FF99
FF81
FE75
FFC0
FE71
FE13
005E
FC64
0022
FEB0
FCAA
01F4
FBE5
0054
0023
FCAA
02B3
FDB8
0045
0181
FEBD
01BA
00DC
005E
0176
021B
FF82
034B
00E1
FFCD
04D8
FD64
038B
0172
FDA2
0546
FC87
01C4
0161
FC70
033D
FD05
FF7E
0066
FCDA
0050
FE12
FE56
FF25
FE35
FEA5
FED8
FEC3
FED6
FF3D
FF5C
FF33
FFF0
0032
FF33
01B3
FF96
009D
0297
FE7B
03A9
0058
0048
0442
FE28
0393
0120
FF8A
0392
FEF3
0160
011F
FF6D
0067
0092
FE91
FFE4
0066
FC6F
01FC
FCF8
FE01
01E2
FA08
0258
FD5D
FCCD
02D1
FA8F
01BE
FF14
FD50
02A3
FD63
0109
00BD
FF4B
01C7
0067
00F6
016E
0137
0137
019C
0168
0140
016E
0183
008E
0185
00EB
FF90
023C
FE79
009C
00DF
FCF7
0256
FD2D
FEFA
00D6
FBC5
0124
FD9E
FDDC
0031
FD46
FF18
FF53
FE70
FECA
00DD
FD78
00FE
00B0
FD4B
046C
FD54
019E
033A
FCB6
05DC
FE95
012D
0449
FD75
0498
000C
005B
031D
FEDF
01D3
0076
FFBC
00A7
FFAD
FF7D
FF97
FF4B
FED2
FF19
FED2
FE6E
FEB2
FF01
FD9E
FFA1
FE50
FDEC
00EF
FCAF
00C9
FFA7
FD9B
02E7
FD7D
014C
017A
FE88
031C
FFE8
0109
022E
00CB
0115
0279
008F
00E2
0361
FE00
0382
0060
FE43
04BC
FBBB
026F
0066
FC0C
03F7
FB6B
003C
0034
FBB5
01A8
FCD1
FEA5
FFB0
FD4B
FF91
FEB6
FEBB
FF62
FF74
FF44
FFFD
0013
0000
008D
00E0
005F
013F
019A
FFFF
02F1
0056
0121
033B
FEA9
039B
005D
FFE3
0369
FE04
020E
005B
FEC4
0158
FEDD
FF2D
FFD9
FEF7
FDC5
00BD
FCE2
FEC0
00A4
FABE
0276
FCAA
FDBD
02C1
FA2A
0320
FE6F
FDBF
03DD
FC46
02A5
00A6
FEFA
0348
FF65
01AB
01AD
0094
01B2
0156
00FB
0145
015D
00AB
0139
00FE
00A5
00D7
0149
FFFD
0172
0113
FF96
0303
FF3B
01A4
0262
FEB3
03FC
FFAA
011D
02F7
FEFB
02AC
00A8
002A
016C
006C
FF62
0112
FFA3
FE14
023D
FC24
0067
0014
FAEE
035D
FAFC
FF39
011D
FA0E
0333
FC5C
FE9D
01D1
FBF8
0219
FEF8
FF3E
01B3
FF3B
0115
0100
00AE
012D
0192
00F1
0184
01A7
010B
0186
0177
00D8
010F
018B
FF78
01AB
FFF7
FF0A
0201
FD42
00CE
FF8B
FD1F
0177
FCC4
FF36
FF75
FD1B
FFA3
FE7E
FE1B
FF30
FF8C
FD59
0148
FE84
FE82
032F
FBFF
0355
004D
FDDF
05C4
FC6F
0395
0227
FDEF
05BB
FE35
0252
029E
FECE
034D
FFE1
00A4
0154
FFBE
0045
0032
FF7A
FF61
FFC4
FE99
FF26
FEFC
FE6D
FEA1
FF01
FDF5
FED2
FF4D
FD3D
009B
FDFA
FEC9
013D
FD0C
01D0
FF79
FF2B
0277
FED8
01A1
015B
005E
01A1
01E9
004F
0212
0236
FEEF
0470
FEE3
00EB
03BF
FC01
04D3
FE37
FEB4
03DE
FAAA
02F4
FE5C
FD13
0250
FB8D
004A
FECD
FD2F
0019
FDCB
FEB8
FF2C
FEC1
FEE0
FFCE
FF20
FFA0
0066
FFA4
008F
00C1
0085
00D4
01D0
0037
01FD
01BD
FFF1
038A
FFAB
01B6
026D
FED7
031B
FFA1
0038
0197
FEDE
005B
000B
FEE6
FF1A
006B
FCE1
0053
FEF3
FC1B
029A
FADD
001C
005F
FA6F
03FC
FB77
FFB4
0208
FB42
03D3
FE07
FFC7
02B8
FE1B
028E
00B3
0090
021F
0107
0140
01CE
0162
00F2
01FB
009B
010B
012C
0037
0070
0080
FF8A
FFA0
0061
FDE3
005C
FEC1
FDC1
00E6
FC99
FFD0
FF20
FD21
00A7
FDA9
FEF5
FFAA
FE78
FEE5
001D
FE3A
FF0F
00FE
FC23
01F1
FE14
FD32
0319
FA10
01FF
FEB2
FB8A
03A7
FA40
00D9
FFC9
FBCD
02BA
FCC5
FFF8
00BD
FE2E
0155
FFF8
003A
011A
0103
0092
01D2
012C
0104
022F
00D7
018C
0198
00F9
00F1
018F
0007
00B8
0124
FE7B
01A1
FEC2
FEFB
0100
FCF5
006D
FE92
FDCC
FFE4
FDD1
FE79
FF2F
FE78
FDE4
00BD
FD22
FFCA
0105
FC08
03E7
FD71
FFE5
03F1
FB8F
055F
FF27
FFB0
0544
FCD9
0475
00E6
FFAA
0415
FF00
0211
0157
FFF4
0145
0074
FFD1
0045
0012
FECC
0035
FEC2
FEC6
FF75
FE35
FEB7
FEDB
FE4F
FE49
FF85
FD8E
FF72
FF68
FD9C
0152
FE15
FFFA
0119
FE7E
01DD
002B
005F
01A7
00FA
007A
0251
00E4
0030
03E8
FE26
0310
01C3
FDAF
05CB
FCC9
024D
02D2
FC42
05D6
FD89
0123
036D
FD32
0446
FFB7
00A3
02EA
FFAF
020C
0167
00CF
0151
0185
0036
0141
00CE
FF9C
0125
FF60
FFB4
FFF1
FEF8
FF00
FF6D
FE60
FE7B
FFA3
FD11
FFB8
FE76
FD8A
009A
FD2F
FFB9
FFAB
FE44
0090
FF99
FF90
00B3
00DF
FF2A
02DB
FFC6
0081
0428
FD4B
04D6
0082
FF21
0619
FC33
044F
0127
FD9D
054B
FC7A
01D2
00EF
FD23
023D
FDC0
FF44
FFD3
FE09
FF0B
FF14
FE43
FEAA
FF6E
FDB7
FF9F
FECE
FE5D
FFE8
FE82
FF30
FF7F
FF04
FEDD
FFF6
FE5C
FF2B
FFE7
FD52
006D
FE18
FE39
0021
FD31
FF85
FEE0
FE33
FF4F
FF79
FE39
0033
0013
FDCB
031D
FDC0
0100
030E
FC7A
05C3
FE80
00B7
0527
FC42
05B8
FFD1
FFCF
04D1
FD59
033D
0094
FF2D
0233
FEF6
001D
0023
FF2C
FF0C
FFE3
FE30
FEF0
FF61
FD70
FF9A
FE29
FE3F
FF4A
FE4D
FECB
FF63
FF03
FEFA
00A9
FEB0
009D
00CE
FF16
025A
FFD0
0101
0201
0031
01C3
018A
00C3
0146
0248
FF45
02C4
00D3
FEF5
04A1
FCF3
02E7
01CE
FCE1
0614
FCAE
0234
0324
FCAE
05B4
FE75
014A
0378
FE5A
037C
0083
0096
0208
005B
008F
0114
001E
FF9F
0105
FE82
FFF6
FFA5
FE04
FFF4
FE35
FE87
FF03
FE55
FE44
FF31
FE45
FE78
0002
FDA9
003E
FF78
FEB2
014D
FF12
008B
0106
003B
00D4
01E3
003A
0173
02C3
FEAF
044F
FFEF
002A
04F4
FC49
04B0
FFFA
FDFC
0549
FB35
02CA
000D
FC83
0350
FC03
0005
FFBA
FCD6
0038
FDFA
FE47
FF13
FEA7
FE0C
FFCE
FE7E
FEC8
0094
FE28
00B0
0004
FF83
0155
002B
00C3
0157
0115
00C8
023D
00AC
016E
0250
FFF1
027E
00C3
0084
01CF
FFFC
007B
00BD
FFC1
FF36
0131
FD84
001A
0019
FBC3
02C1
FBA6
FEEC
016C
F99E
0384
FC13
FE00
02AD
FA48
0300
FE4F
FE41
02D2
FD6A
01BD
00B3
FFCD
01C4
0103
00B3
01CA
019C
0062
02D4
0063
0151
0236
FFAD
0208
006F
002A
00F5
FFD8
FFB1
001A
FF5D
FEBE
0029
FDE2
FF30
FF38
FD78
FFB5
FE0E
FE5D
FF34
FE95
FE56
0001
FEA2
FEB2
01D2
FCE2
0236
004E
FDBE
053E
FC78
0328
0273
FD17
069B
FD79
026B
0382
FD75
0500
FF25
00CE
0285
FEC1
017F
0037
FF79
0009
000D
FE53
0006
FEFF
FDCE
0062
FD38
FF17
FF21
FD6F
FFAC
FE48
FEA1
FF59
FF11
FEE1
0029
FF67
FF93
0135
FF36
0147
00EF
0039
01E3
00FC
00FF
01D6
019F
0039
0334
FFE4
0105
035D
FD25
044C
FEFD
FEBC
0460
FAB0
0364
FED3
FC89
03BE
FA78
0118
FF28
FC12
019E
FC86
FF0B
FF74
FDC4
FF4E
FF6F
FE98
FF8E
0073
FE5A
0180
FFC5
FFD1
0246
FF49
01F3
0149
008C
022C
0119
013E
01B7
0164
00A9
0200
005C
00B6
0168
FF58
00E4
FFEA
FF4D
FFDF
FF93
FE4A
FFC9
FEF4
FD23
0159
FBFC
FF8B
003D
FAB5
0365
FB9F
FF22
0250
FA41
0444
FD71
FF0B
039E
FC55
037D
0022
FFC0
0327
FFC4
01C2
01DB
00FE
013C
025C
002B
01A6
01C2
FF30
0289
FF56
001C
0130
FE4C
009A
FF27
FEC6
FF89
FECC
FE78
FF27
FEAF
FE1F
FFAC
FDF3
FEFE
FF5C
FE39
FF77
FF36
FEB1
FF50
FFF6
FD9B
00D6
FE96
FDB2
023F
FB29
015D
FF13
FB76
03BA
FA21
00AC
002E
FAAE
03BA
FBAE
FFDA
014D
FC87
0277
FEF4
FFE5
0197
FFFF
00C5
01B7
00B9
00CB
02B9
FF96
0266
017F
FFC5
0323
FF8C
0170
0194
FFBC
01BB
0084
008B
0119
00EB
005D
018D
00CC
00B2
0201
0073
018D
0192
00E9
0148
01D7
003E
015D
01CD
FE6E
033A
FE89
FF8D
02E4
FB18
035F
FDB4
FD26
035E
F99C
0218
FE35
FBF8
02A7
FB0C
004F
FF64
FD0F
00F8
FE6E
FF49
004A
FFD4
FF61
01A2
FFAA
008B
0272
FEF9
02F7
00D9
0080
032E
FFCF
0234
0180
0083
01B7
00C5
0076
00C6
0072
FF78
0096
FF37
FF3F
FFD2
FE8B
FF04
FF2E
FE73
FE5E
FFF2
FD07
FFD6
FF56
FC62
0294
FBDA
0002
0137
FAB2
0424
FC02
FF20
025C
FA4D
0335
FD26
FDEB
01AA
FBC0
0087
FE8E
FDC3
FFB5
FE96
FE4C
FFAE
FF38
FE2A
0167
FE1E
005E
014F
FE49
02BE
FFB2
00C5
0267
FFDE
0240
0153
010F
01C8
016D
00E4
0184
0117
0054
015F
0006
002F
0065
FFA1
FF3C
0030
FE8F
FEB1
008F
FC2C
00E1
FE19
FC8F
0292
FA43
014E
FF4B
FB60
0434
FAF6
0131
013D
FC3E
0431
FDE0
00D9
0255
FEE7
026A
0104
00B2
01AF
01C5
000B
0282
00E2
0008
033C
FEBB
021C
0142
FF1A
02E6
FF4B
0123
0184
FFE3
01AC
00EB
00DD
0163
0172
00CA
01CA
013D
00EC
01B6
00DD
00C4
012D
00A5
FF90
01B0
FE8C
FFF0
0125
FC1A
0290
FD05
FE08
0257
F9C8
02BE
FD5B
FCB4
0323
FA2E
01CC
FEE1
FCCC
0248
FCBE
FFFC
FFD8
FE1A
FFB8
FF79
FE40
FF54
FFB3
FD06
00CA
FDA5
FE28
00B5
FC2F
00A1
FE72
FDF1
00DB
FDC7
001D
FFE6
FF4E
0090
005E
0049
00F2
012C
009E
01BC
0139
012F
01B7
0190
00C6
020E
0114
FFFF
031A
FE4A
01CB
013D
FCDE
042C
FC30
0045
01A0
FA6B
03C1
FBE5
FE70
019F
FA76
01DD
FD6E
FDBC
00CD
FD2B
FFAC
FF9D
FEDC
FF88
00EC
FE9B
0125
0113
FEBA
037A
FF21
0183
02B5
FF04
0395
0063
0115
0287
0005
01C8
00FA
007A
00CF
0091
FFD0
002F
FFE1
FF26
FFA4
FF2A
FEA5
FF05
FF2B
FD6D
000B
FDCB
FDC9
012D
FB56
017B
FE9D
FCB2
03D6
FAFD
024E
00AE
FCA7
052F
FCDD
0212
0270
FE23
0424
FFDA
013C
027B
008C
0154
020C
0083
00BB
0272
FE7B
0233
0020
FE75
0290
FD19
009F
FFC4
FD3E
00EC
FD6D
FEDB
FF35
FDBA
FF05
FE98
FE70
FEDC
FF27
FEB3
FF85
FF94
FF79
FFFF
0091
FFAD
0108
0148
FF40
0367
FF5A
014B
038A
FD62
052E
FF40
0021
04F6
FC1F
04CF
FFDF
FEE1
04B5
FD01
02E6
00FD
FF1C
02E7
FFDD
00F4
01BC
00F2
0078
02C6
FFFB
015D
02D4
FE87
03A6
FFD4
0009
02FE
FDC6
0213
FFBB
FEC0
012D
FE1A
FF9C
FF37
FE60
FEF0
FEBA
FE51
FE9A
FEC6
FE53
FECF
FF08
FEB6
FF06
0030
FE36
00DC
0013
FE74
0375
FDA0
0230
0244
FD6B
05E5
FDDA
020D
03E8
FCF6
05B5
FEF0
00C4
039A
FDC6
02D8
000B
FF77
0123
FF85
FF0B
0048
FF12
FDE6
0119
FC90
FF9B
FF99
FBF9
019A
FC8D
FEE2
0057
FC89
0119
FE63
FF17
00B4
FEED
0087
0065
004E
00CC
011B
00D3
0140
017C
013F
013D
01FC
00D0
014C
025B
FF16
0300
FFF0
FF5A
0399
FC33
02C8
FF7E
FCC2
03EA
FAB3
0132
FFA4
FB71
02A7
FBB1
FF4A
FFDC
FC9A
0048
FE82
FE76
FFAE
FFBC
FE33
0161
FF4A
FF43
02EF
FDAF
02D1
0100
FF30
0444
FEC8
0286
0214
FFB5
0332
003B
0144
0190
0044
00E7
0085
000F
FFF9
FFF4
FF64
FF45
FF6C
FEF3
FE69
FFE1
FD88
FF2C
FFB0
FC44
01C7
FCB6
FEC2
01AD
FAB3
0326
FD45
FDF4
02FB
FAA7
0270
FE72
FD45
0213
FC4A
FFFE
FF37
FDA5
FF61
FEF9
FDC6
FF4F
FF74
FCF3
018D
FD8B
FF3C
01D5
FC98
02EC
FF31
FF8E
032C
FE4B
02B2
0101
0048
02A7
0063
0193
0180
00F0
013B
0135
00DE
00DD
0101
00D6
006A
0156
0087
0040
0274
FEF1
0266
016C
FED6
04E8
FDF0
02AD
02DC
FD5F
05D8
FDE8
016C
033C
FCC5
03ED
FE98
FF70
01A8
FDB0
002A
FF70
FE5B
FEE5
FFD8
FCFE
FFEF
FEF3
FCA5
01E1
FC1A
FFD6
004D
FC13
024F
FD26
FF46
00C7
FD00
00E7
FE7B
FEB4
FFD2
FE47
FF10
FEE3
FE9E
FEAE
FED1
FEAE
FE95
FF03
FF22
FE53
005A
FEA1
FF5A
019E
FD5A
02CE
FFB0
FF24
049A
FCDD
040D
0149
FE99
05CD
FD88
0329
0238
FE85
040D
FF27
00E2
0189
FF6B
0038
00B7
FED4
FF67
00D7
FC8E
0138
FE1D
FD2D
01CC
FB22
00A3
FEB9
FC7E
01BC
FC70
FFEF
FFDD
FDE4
0116
FF19
0012
00B5
002B
00CA
00F7
00FA
0110
0147
0174
00D8
01B3
016C
0029
02E8
FF72
0177
0261
FDD1
0455
FE95
007F
03C8
FC6E
04C2
FF56
FFB6
047D
FD5E
03A4
00FB
FFD0
034B
FFFF
014E
01C8
00AF
0039
025C
FEE0
00CA
018D
FCE5
02E5
FD87
FECC
01A9
FB51
019F
FDA4
FD83
00E2
FC38
FFEE
FE9F
FDF3
FFED
FE7B
FF5D
FFA3
FF8F
FFE4
0030
0067
0062
00C4
015B
0032
021E
0117
0058
03A7
FEDC
02F1
01DD
FE73
051E
FD7F
01FD
0241
FC8E
045A
FD3B
FFDC
0198
FC4D
0171
FE2E
FE2C
FFC7
FE2D
FE0A
FF92
FE33
FDA8
011B
FC30
008A
FFD7
FC96
0353
FCCD
00E1
01C7
FD5F
03C2
FF0C
00FA
029E
FF6E
02B4
0105
011F
01FF
0105
0157
013D
0103
00CA
0099
00B3
FFCB
001E
0053
FE31
00F6
FE30
FE75
012F
FB86
017C
FDED
FCDA
0290
FA9B
0164
FF07
FC54
02C9
FC09
0048
0011
FD4A
00D8
FEA5
FEAA
FFAC
FF41
FD90
00B8
FDAC
FE11
0146
FB30
0171
FE21
FCE5
0285
FB79
0140
FFB7
FD82
02A5
FE05
0100
012A
FF88
01F3
00A0
011A
0184
012C
0151
0154
015F
011F
00FC
01A9
0026
0174
0146
FF33
031E
FED0
012F
029F
FD6B
04A5
FEDB
00A3
042C
FD20
04AC
0021
0010
040C
FE88
0286
0127
FFD1
0169
00A1
FF3F
00C6
002C
FD95
0227
FCE4
FF4D
00F7
FB08
0268
FCB6
FE0C
0183
FB33
0181
FE16
FDEB
011B
FD39
0021
FF41
FE96
FFD9
FEE4
FF1D
FF27
FF00
FEE6
FEBC
FF10
FE74
FE84
FF8F
FD4B
FFF4
FEAF
FD7D
01DD
FC57
0114
006B
FCE9
0431
FD1B
018E
0274
FD8E
0484
FF41
0123
02F0
FF7A
024A
016B
0089
014D
020A
FF20
0285
00B9
FEE0
0436
FD62
0277
01D4
FDA4
0504
FE08
01D9
02D1
FE54
0411
FFDC
012C
0282
FFCE
01FC
00CA
008C
00EC
004A
0026
FFF0
FFD2
FF80
FF01
FFBF
FE53
FEE9
FFB9
FCCD
00B7
FD9C
FDEA
0174
FB46
01B4
FE5A
FD1C
02D3
FB71
014D
FF89
FCF7
01FE
FD2B
FF77
FFC8
FDF3
FF05
FF86
FDAF
FED9
0012
FC00
0181
FD93
FDC9
027F
FB2E
027D
FF40
FDCB
03E0
FCF1
0265
0131
FF03
0371
FF9A
01AE
01D8
007A
01E3
0118
0116
0137
010E
00F5
00C4
0119
00BD
005A
01D4
FF9A
017A
0198
FEE5
03D3
FEFA
0179
0344
FDB1
04E6
FF5C
00A6
03F0
FD97
0387
001D
FF7F
0244
FED1
0034
0052
FF0D
FEC6
00C1
FD03
FFAA
FFD2
FB8A
024F
FBE6
FEB7
0139
FA96
02B6
FD29
FE6E
0229
FC56
021E
FF79
FF4D
021C
FF55
016C
0127
00C5
0190
0152
0158
0167
017D
016A
00EA
01B3
00AC
0072
01FD
FE97
01AB
FFF9
FDFF
02AE
FC49
00B4
FFE2
FBE0
027D
FBDC
FF3E
001D
FBEA
00FE
FDB3
FE69
FFF7
FE94
FED9
008F
FF12
FF2D
027B
FD60
02AA
00F0
FE45
0550
FD6C
0302
02A4
FE00
0574
FE9E
01DC
02C8
FE84
0323
FFAC
0049
0135
FF2B
0042
FFA0
FF40
FF4C
FF1E
FEE8
FEB0
FEEE
FED0
FE16
FFB4
FDE6
FEC3
0035
FC99
0156
FE01
FE24
020E
FBA2
01CF
FEC1
FD42
0257
FC0B
0065
FF5A
FD2A
0062
FE08
FE52
FF53
FECE
FD81
00E0
FD87
FEE8
01CB
FBC9
0332
FEB6
FEA7
0458
FC44
03D1
00B3
FEED
04BB
FE3C
02C0
01C6
FFAA
02FF
0021
013F
016D
007F
010F
00E2
00B4
00BC
00DF
00E5
0085
0153
00FF
0053
029E
FFB4
01F0
023E
FEE7
044F
FF19
0150
0323
FD77
03E7
FEFD
FF9C
025A
FD4A
012A
FF4D
FE59
FFD8
FEFC
FDDB
FFB0
FED3
FCE6
01A8
FC06
FFAE
00A5
FB0B
0363
FC45
FF18
0205
FAF9
02E0
FD91
FE4D
0197
FC49
00B3
FE92
FE05
FFE0
FDF6
FEDF
FEDE
FE95
FECA
FF09
FEFE
FF0E
FF7C
FFCA
FF23
00D0
FFDE
FFD3
0268
FEAB
0299
0146
FF4F
0498
FE77
02C4
0261
FEA7
0464
FF12
013F
0215
FEE9
017C
0036
FF54
000E
005F
FD7C
0108
FE6F
FD3B
0236
FAC3
00F9
FF01
FB60
0340
FACB
005B
0055
FBC8
02FB
FD2C
000D
0159
FE2C
01F8
0006
008B
018C
00C0
0144
017A
0159
014F
018A
0170
0100
016B
0153
FFF3
020D
FF87
0026
01BC
FD40
0215
FE74
FE21
01E4
FBA2
00F4
FE78
FCEA
010A
FC94
FF38
FF3C
FDDC
FF31
FFC0
FE28
FFE6
00D3
FD44
0334
FE8A
FFE2
0405
FC5F
04D4
FFEC
FF5F
0556
FCF8
03FE
011E
FF1B
0429
FE9E
01F9
0165
FFAD
01EB
0055
00B8
0111
00C6
00BE
0127
0101
00F2
0140
017B
00B0
01D3
0164
0034
0305
FF63
019F
01F5
FE17
0378
FE49
0008
01CF
FCA2
01E0
FE34
FE4A
0073
FD5C
FF01
FF11
FE05
FE38
0029
FCA6
0011
FFB0
FC3D
0356
FC3D
008C
0234
FBC2
0500
FDD7
0092
03D4
FD29
0477
0018
0093
0380
FF69
0282
0145
00A4
01A4
00B7
008E
00A8
0055
FFD0
0004
FFA7
FF28
FF4E
FF7C
FDF8
FFD8
FE62
FDDB
00B9
FC55
004B
FF04
FCD3
01F8
FC68
000F
0015
FCFA
0165
FE09
FF03
0004
FE82
FEB2
0003
FE0E
FE60
00E7
FB9C
013E
FE4A
FC66
0324
FA72
017F
FFD5
FBE0
0431
FC0C
0141
0198
FD6F
03AE
FF16
011B
0248
FFF4
0239
014D
0130
01A5
0177
00FB
015D
0114
009B
00C0
00AA
FFC2
003E
003C
FE4D
00F5
FE1D
FEB8
00B0
FC0C
00FB
FDCB
FD6E
0120
FBF6
0046
FEE5
FDA8
009F
FE8B
FF45
005B
FFDF
FF0E
025F
FED4
00F5
030E
FD4E
051B
FF53
0059
053F
FC7B
0535
003C
FF38
04FA
FD02
02FC
0096
FE86
0274
FE36
002B
FFE5
FE8E
FF7A
FEF9
FE85
FEC1
FED6
FE2B
FECA
FEA8
FE6D
FEC3
FF5D
FE3B
FFDC
FFA9
FE57
01EF
FE4F
00DF
01C1
FE34
039E
FF6A
00FB
02F2
FF12
02DF
00F9
0099
01FC
011E
0038
020E
00C8
FF63
03B7
FDCA
0239
0210
FD11
05A3
FD60
01B3
03A5
FC9B
05B8
FECF
00F2
03F9
FDE7
03C4
0053
0041
0255
FF78
00EA
006D
FFB6
FFD5
FFE3
FEF8
FF4B
FF40
FE85
FEF2
FEE6
FE59
FEB2
FF5E
FD86
FFFC
FE91
FDF0
0133
FCBC
008C
FF84
FD4A
01C8
FD2F
FFAF
FFF0
FD8C
0000
FEBF
FE38
FF24
FF55
FCF5
00B9
FDCD
FDA8
0237
FAF1
0238
FF2A
FCBE
04AD
FB6A
02A9
0159
FD45
0538
FDDD
0225
029E
FEFA
03A4
0060
0148
0218
009E
013B
0139
008B
0076
00D7
FFA4
0021
FFE2
FF39
FF4E
FF8B
FE58
FF0C
FF5C
FD21
0054
FD8A
FE33
0084
FC35
00DF
FE75
FE1A
015F
FDC0
0091
0059
FF70
00CC
0134
FFBD
01A6
01F4
FED8
0484
FF23
0154
044F
FCB5
05A5
FF24
FFB5
04EE
FBC0
040C
FF6E
FE19
0343
FC67
0106
FF67
FDA2
0063
FDEA
FEAC
FEF5
FE5F
FE57
FF21
FE53
FEB9
FF69
FE98
FF7B
FFAB
FF73
FFCE
00DA
FF58
013A
011B
FF74
0335
FF80
01B5
0298
FF2C
0399
0045
00FD
027A
FFD8
0167
0122
0001
0032
017A
FDE0
013B
FFBE
FCC4
031C
FB36
004A
0060
FA44
03A6
FAF8
FF11
0146
FA64
02E0
FD06
FEBC
01AB
FD12
018E
FFC1
FFB2
0158
005C
00B2
0161
0117
00CB
01FA
00C0
0157
019F
00D2
0133
016C
009E
00DC
01C4
FF6D
020A
0092
FFB3
02F5
FEC1
020D
016D
FF7A
0306
0009
014F
01FA
00B8
0111
0230
0030
00E5
02B2
FDB3
035A
FF56
FE4C
040B
FAD9
02A0
FF2B
FBDC
03D2
FA45
00B8
FF84
FB66
0232
FC1E
FF35
FFE2
FD3F
0057
FEF0
FF2D
000F
FFFF
FF9D
00F1
0064
005C
01AB
007B
015A
0192
0120
0143
020B
00A9
017E
0207
FF76
02AE
FFD9
0016
0217
FE03
016B
FF79
FE96
008D
FE56
FED6
FF62
FE80
FDC1
006F
FCAC
FF2E
0047
FB2D
02F4
FC6B
FED3
02DA
FA78
0451
FE27
FEC5
0474
FC28
03E8
0080
FF6E
0404
FF1B
0256
01C4
0088
01FC
0148
00BE
0145
011F
FFE0
0149
FFD0
FFC9
0065
FF0D
FF72
FF75
FEC4
FE96
FFA8
FD84
FF3C
FF06
FD10
009F
FD3F
FF07
000E
FD62
00B9
FF06
FF42
009B
0007
FFA6
01A3
0060
FFD9
03BE
FE29
033C
0211
FE18
0645
FD48
02C6
0338
FC88
05EF
FD6C
00C6
02C9
FC44
030C
FE34
FEDB
00E4
FD77
FFAE
FEF2
FE51
FEDA
FF24
FDFA
FF38
FF00
FE13
FFE5
FE6C
FF0A
FF8D
FED5
FF13
FFAE
FEC1
FEF1
0020
FD8A
0021
FEC5
FDB8
00A1
FD0B
FF68
FF2E
FD9D
FFC3
FEAD
FE8A
FF9B
FFBD
FE07
01BE
FEB8
FF87
034B
FC8E
0440
0015
FEE0
0605
FC4D
0496
0199
FE38
060A
FD5A
02CC
01FD
FE3E
035C
FEDD
0056
00D3
FEF0
FFD3
FFB7
FEBD
FEFA
FF93
FDB2
FF75
FE84
FDFA
FF76
FE0B
FEBF
FF21
FEC5
FEC8
0015
FEB9
FFCC
00D2
FE88
01ED
FFDF
003F
025F
FF9A
020B
0174
00C4
01CE
01D4
0060
0218
01A8
FF07
03F6
FE31
0105
02A8
FBAB
0491
FCF3
FED9
0303
F9E7
0334
FD34
FD2A
0233
FAD2
00DE
FE69
FD44
0098
FDB2
FF39
FFA4
FF14
FF5D
009C
FF4C
0069
012D
FF85
01EB
00A6
00DA
01F2
00F1
015A
01CC
0138
00ED
024D
FFFC
0189
0155
FF36
0214
FF26
FFFA
00A3
FE86
FFD6
FF66
FE75
FEDA
FFCB
FCC1
0044
FE60
FC98
025F
FAD2
00EB
FFF9
FB34
0491
FB54
0102
0219
FBCA
04F6
FDDC
00D6
0328
FE2F
0375
00A0
00D6
026A
00DF
0132
01D4
00F8
008E
0205
FF8E
0107
00B4
FF0B
00EC
FF19
FF50
FFAB
FED8
FE9E
FF5F
FE47
FE4D
FFAB
FD28
FF97
FEAF
FDCC
0050
FE05
FF74
FFEB
FF24
FFC8
00E8
FF57
00AC
021D
FE2E
03F6
FFBF
0024
0519
FC98
0527
0096
FEBA
0624
FC28
03CF
011E
FD9A
0465
FD11
0104
00A5
FDA6
00E9
FE87
FEAD
FF4F
FEB8
FDF1
FF88
FE0E
FE32
FFDB
FD50
FFBF
FF00
FE71
003D
FF14
FFB3
0055
0027
FFF4
0187
0019
0101
020C
FFD8
0291
0100
00EA
025C
00AD
014B
01A7
00C1
0044
0248
FE9C
012E
0120
FCB8
039D
FC65
FF89
01E3
F9EB
03A6
FC09
FDCA
024E
F9C0
0254
FD83
FD5A
01D6
FC5E
00A8
FF9D
FEBB
00BC
000D
FFD4
0107
00FA
FFE5
027F
0037
0150
025E
0000
0283
010F
00EC
01D4
00CF
00BA
012F
0078
FFD7
0139
FEE3
001A
0007
FE25
003C
FE6C
FE8F
FF39
FE6D
FE02
FF84
FDFF
FDED
00F2
FBEC
0131
FF3F
FCAD
0432
FB76
0236
0196
FC53
05F3
FCF1
0204
033D
FD53
0501
FF4A
0117
02F3
FF53
0236
0114
007D
0135
0161
FFD0
01AD
00CF
FFC5
027E
FF75
0171
0191
FFEE
022F
00C6
010F
01AB
013B
00D6
01DE
00D1
00A8
01EE
FF8D
0138
0079
FF5F
00A8
FF66
FF19
FFAB
FF3D
FDAF
0091
FD3B
FE65
00D8
FACA
022B
FD23
FD35
0334
F9E8
0304
FEDC
FCFB
0496
FBB1
02AA
0108
FE35
03F7
FF07
01A4
0215
005E
01D0
01CB
00BF
0173
0209
FF99
025F
003F
FFE4
01F0
FE8C
00D4
FFCE
FEBE
0017
FEC9
FEC2
FF1E
FEBF
FE08
FF73
FDF3
FE80
FF73
FDB1
FF93
FEF8
FEC0
FFBA
FFD7
FEF5
00D6
005D
FEE1
035F
FE3E
01FC
02CD
FD55
0605
FE2E
0192
0491
FC46
05FF
FED9
0016
0446
FC95
0353
FF90
FEC8
01CF
FE15
FFC5
FF9E
FE8E
FEA9
FFB6
FD83
FF0D
FF49
FCE6
007C
FD94
FEAE
0020
FD9F
0054
FF47
FF4B
006E
000B
0008
00FD
00C1
0060
0210
006C
0182
01DF
00B3
01DD
0181
00DD
0158
01D7
FF54
0265
FFFD
FEF1
0357
FC1B
022A
FFBC
FBFC
041D
FA5F
00C7
0024
FA7F
0366
FB36
FF3F
0091
FBAD
0184
FDEC
FED0
007B
FEE5
FFB5
00B9
FFD6
0008
021D
FF24
0221
0166
FFD6
035A
FFE2
01DD
020E
0038
022B
00DC
00C0
011E
00B6
FFE6
00CE
FFC3
FF5C
0062
FE90
FF6D
FF41
FE73
FEBC
FF44
FDB5
FEEE
FF88
FC61
0173
FD16
FE76
0230
FACD
037E
FE3C
FE15
04AD
FB43
040D
006B
FE62
0536
FDB0
02F8
0202
FF90
034D
008A
011D
01CA
00F6
001F
01F6
FF92
0008
0186
FDAC
0151
FEE5
FE4C
00C9
FD49
FF9E
FEEB
FE00
FF55
FE92
FE7E
FF10
FF06
FE58
FFC1
FEAB
FEF5
FFC1
FEAA
FF46
FF86
FED5
FEBE
0045
FD46
FFF9
FF5B
FC49
025D
FB8C
FFA5
00D5
FA56
03DA
FBD7
FF20
0292
FAC3
03F2
FE2E
FF3F
0349
FDA4
02A9
00E3
003E
0247
012E
00D9
021F
017D
0033
0326
FF88
0168
01F3
FE82
028B
FF15
FFC2
0104
FE25
003B
FF11
FE9C
FF34
FEC8
FE3D
FEED
FE9F
FE0B
FF53
FE42
FEC0
FF54
FEF5
FEF9
0057
FF21
FFA9
01E8
FDDB
02DC
0053
FEF9
051B
FCDA
03E2
01CC
FDBE
0662
FCE8
02DF
02A0
FD55
04FB
FE61
0118
025A
FEBF
0220
00A5
004B
014C
0171
FFCF
0263
00E3
002B
037C
FF13
0283
01AC
FF7C
0331
FF73
011B
0140
FF5A
00D9
FFCA
FF6E
FFAA
FF76
FE95
FF6A
FEC0
FE63
FF33
FE6F
FE7C
FF18
FECF
FE01
006E
FD99
FF49
00C6
FBFA
02A5
FD43
FE61
02BE
FA30
031C
FDA6
FCE3
0332
FA1D
019C
FE96
FC6F
01E2
FC5B
FFA8
FFA0
FE0B
FFDE
FFDE
FEEB
0049
00F5
FE94
029F
FFBA
0073
0329
FEBC
0339
0102
0069
032C
FFE0
01F0
0166
0071
014F
00B4
0034
0072
0044
FF55
001A
FF48
FEFB
FF4F
FF02
FE22
FF65
FE75
FD7C
00C2
FC2B
FFF4
FFB8
FBB5
0367
FBD3
0053
0219
FB4B
0502
FD7F
0057
03C7
FCD0
045A
FFFD
004D
0350
FF90
01E7
01A1
00A0
0106
0220
FF84
01C6
016F
FED9
0363
FEE0
0123
0242
FE8B
0320
FFFE
00C9
025C
0001
01EE
014B
00F7
0176
015C
00BD
0135
00F8
0047
00C7
0046
FFB3
FFFD
0007
FE27
009E
FE35
FE07
013E
FB3A
0133
FE2C
FC1A
031B
FA25
015D
FFAA
FB97
0418
FBC8
0104
016E
FD34
034F
FF22
00A8
020D
0046
0137
021A
00BB
011D
02FA
FF27
02FE
0105
FF6F
0399
FE2B
01B4
00D5
FE45
01E3
FE4D
FFA1
FFDA
FE3A
FF5E
FEC6
FE72
FEB1
FECF
FE30
FEDA
FEC6
FE8B
FEF8
FF78
FE8A
FFE3
0029
FE2F
026D
FE7E
0094
02FB
FD00
04FA
FF38
0043
053C
FC82
0545
005E
FF5C
0520
FD4F
030B
00EF
FED0
0256
FF04
FFCF
004D
FF3C
FE83
009C
FDA7
FEED
0057
FC0D
013E
FD8D
FDF0
011F
FC28
00BE
FEB1
FE02
00B7
FDE7
FFA2
FF6E
FEBB
FF63
FF39
FECF
FF0B
FF20
FE8C
FEE2
FEEF
FE70
FE92
FF91
FD6F
FFF4
FF0F
FD5C
0253
FC7A
0111
0132
FC6E
0504
FD1A
0172
0376
FCAF
059A
FF01
0100
0400
FE52
0386
00D8
005F
021F
0090
001E
015E
0024
FEEE
020F
FD70
005F
003C
FC76
01EE
FCB6
FEDF
0028
FC2F
0095
FDBA
FE4E
FFCF
FDF3
FF7E
FF54
FF3B
FFBF
0019
FFE3
0066
00BD
009D
00BC
019D
0095
0135
0269
FF48
0357
006B
FFF9
045D
FD1C
03D7
00B4
FE1F
056F
FC61
0307
01A0
FD91
04E8
FE0E
01BD
025D
FF20
02C7
00F0
00C6
01D3
01AA
FFDC
02BB
004B
FFE2
0327
FD7D
0235
FFFE
FDCC
0289
FCC1
0041
FFA0
FD24
0095
FDA4
FEC4
FF37
FE1F
FF02
FEE7
FEBD
FEF5
FF3C
FEF4
FF15
FF72
FF24
FEB8
0042
FDED
FF8A
FFFE
FC7A
01DF
FCAF
FE9B
016A
FA5C
02C2
FCE0
FD9A
02B8
FA89
0282
FEBE
FDD5
02ED
FD71
0171
00F4
FFA5
019C
0162
004F
01E7
020B
FF77
03ED
FFB6
0124
036C
FDD5
03C6
FFA3
FF97
02CC
FD86
018E
FF87
FE83
00A1
FE29
FF32
FF04
FE67
FEAF
FEB2
FE6D
FE85
FECA
FEC3
FE80
FF95
FEF2
FED5
0133
FDD8
0174
009E
FE2B
045E
FD84
025F
02AC
FD4C
05E3
FE12
01B7
03A8
FD55
04A3
FF75
0076
02D7
FF09
01AB
0119
0029
00D6
01E9
FF2A
0231
0146
FF03
0444
FE7D
0233
029E
FE54
047A
FF37
013A
029B
FEB2
0275
FFE4
FFF7
00EE
FF3B
FFDE
FF89
FF1C
FF05
FF01
FEB7
FE78
FEC1
FEBC
FDCC
FFB3
FDDE
FE7E
00AD
FC59
01C3
FEA1
FE17
0396
FBE7
032C
0082
FDF2
054A
FD2C
02F7
0232
FEAB
045D
FFA1
0181
024A
0049
012E
01BF
FFE8
007F
01EE
FD9C
0237
FF07
FDFD
027C
FBAF
0108
FEF4
FC8D
019E
FC26
FF7A
FF3F
FD20
0033
FE1B
FF00
FF97
FF08
FFAB
FFE4
FFFB
002C
0084
00D8
0067
016D
0151
0038
031C
FFC5
01E0
02D7
FE49
04C3
FEEE
00B5
03D2
FC41
0456
FEA4
FEBA
0337
FBCE
01D0
FEE9
FD8A
00DD
FD77
FEBB
FF3A
FE38
FDE8
0042
FD0A
FF45
0063
FC1F
0289
FD96
FF47
028C
FC97
033F
FF93
FFB5
0349
FEC4
0290
0146
008F
026E
00D1
017A
017A
0116
0111
00FC
00CD
0060
005A
008C
FF03
0095
FF3E
FE3A
0151
FC5D
0058
FF3A
FBD6
0297
FB1E
FFD1
0057
FAF2
0316
FC57
FF5E
0182
FCA0
022B
FF4A
FFA3
0190
003E
0056
0209
00C7
004A
03BA
FEBC
02F4
0210
FE90
0502
FE26
01DC
025D
FD8E
0387
FE68
FFF2
0138
FDB1
00AD
FEC0
FEA9
FF69
FE5F
FEB1
FEA9
FE90
FE89
FE98
FEFD
FE6B
FF1D
FFB6
FDFA
0126
FEC5
FF69
027B
FD22
035C
0007
FF21
04F8
FD18
03E9
018A
FECB
052C
FE50
026E
0213
FF25
028A
002E
000A
00E4
0052
FE7C
017F
FE4F
FE91
01A3
FB69
0186
FE12
FCB0
022B
FAFB
009F
FEF6
FCA4
01AE
FCFB
FFEA
000F
FE70
00E6
FFA6
003A
00C6
0095
00E4
0114
014C
0136
0139
0204
0097
01F0
01C2
FFA3
0374
FF00
012D
0262
FCEB
03DB
FDC5
FF40
027F
FB30
0280
FDC6
FD92
0179
FBF2
FFFE
FEBE
FD97
FF6C
FEEF
FDE3
FFC9
FF93
FD64
025E
FD82
004B
024F
FCB0
0455
FEDC
005F
03F6
FDB8
040F
009F
0066
037F
FF80
0244
013D
0068
017F
005E
006C
004D
FFFE
FFBF
FF72
FFA5
FEE9
FEDB
FFC9
FD68
FFF5
FE91
FD40
017F
FBD5
006E
FF9F
FBF4
0313
FBD3
001C
00D9
FBCC
029E
FD39
FEFF
00B4
FD2B
FFEE
FF08
FE24
FEED
FFB5
FCDA
0053
FEA0
FCE4
0259
FBA6
00DE
005F
FC55
03DA
FD04
00FB
021A
FDC2
03A7
FF99
0110
028D
0000
0253
0146
012B
01AA
0126
0119
00F6
00E4
0098
0017
00CB
FF4D
FFCC
007C
FD6C
012D
FDE8
FE0A
016A
FB16
0165
FDF2
FCA6
0259
FAFF
00F1
FF4D
FCE9
0228
FD96
0029
00C6
FF3E
009C
0164
FFCB
012A
028B
FE91
041B
0025
0040
04CB
FD40
0446
00B4
FEE1
0491
FD3A
0244
00A8
FE18
022B
FE02
FFD0
FFBF
FE33
FF7B
FE9B
FE90
FEB4
FE96
FE92
FE7B
FEF0
FEB8
FE7B
001D
FE0C
0014
005A
FDCE
02E2
FE2F
00D3
02C3
FD54
04AD
FF47
00B6
0424
FDEF
0402
00B7
0038
0318
FFBB
0130
015B
001D
FFD6
01CB
FE01
0094
00A3
FC3C
02DD
FC4C
FEF2
0149
FA79
026D
FCB6
FDD3
016B
FB7A
0128
FE72
FE39
0102
FE3D
005C
0026
FFD8
00BE
00A0
00C9
00FF
013F
0156
0102
01F5
0118
0104
02B2
FF6C
0299
00FB
FF0F
03C5
FD61
01C6
00E6
FCD1
0355
FC95
FFD4
008E
FC31
011A
FDA4
FE30
FF94
FE0A
FE2C
FFC3
FE2B
FE32
0171
FC4C
0195
FFDE
FD3E
0459
FC8C
023D
0200
FD80
051D
FE72
01DC
02F5
FEDD
03A7
0057
0118
0222
0031
0159
00C1
0063
0068
002B
FFDF
FF89
FFA4
FF5F
FE79
FFEB
FDF2
FEA7
FFF5
FC3D
00E6
FD87
FDAD
01A3
FB52
01A5
FEC8
FD84
02DB
FCD8
017D
00BE
FED7
0253
0034
00AD
01D2
0161
0016
0369
FFF0
0123
03C9
FD7A
048C
FFB0
FF3B
0482
FC05
032B
FFAC
FD8C
030B
FC48
0094
FF6F
FD36
007B
FD97
FEBC
FEF9
FE23
FED1
FEC7
FEBF
FEEE
FF3A
FF69
FF2F
0025
FFF6
FF6E
01DC
FF16
0174
01E5
FEB2
043F
FF2E
018B
0384
FDFD
0490
FFC6
0082
0358
FE5A
0245
006A
FF71
00E2
FFF1
FEB3
0064
FF5E
FD46
01DB
FC0E
FF8D
0060
FAAB
02EF
FBC9
FEA1
019D
FAAE
02BD
FDA2
FE9B
0229
FD24
01D9
0003
FFBC
01D9
0027
013E
015C
0124
015B
018A
0160
0141
0171
0174
0077
01C5
006D
FFF9
0223
FDFD
0185
FFD5
FD88
0287
FC29
0048
FFC5
FBFD
01BB
FC7C
FECC
FFD5
FCE9
FFC9
FEDA
FE59
FF7A
0035
FDBE
01B4
FF7F
FEA9
03F7
FCCB
033C
016E
FDE7
05D2
FD57
02D1
02A7
FDE9
04E1
FECF
0168
0269
FEF2
0276
0044
008F
0161
0070
00DB
0104
00E2
00E2
0132
0135
00E7
017B
018E
0059
029E
003F
0101
02B2
FE4C
032F
FF95
FF3F
02F9
FCA6
01E0
FF47
FD96
018F
FCEE
FF67
FF3D
FDAF
FED8
FF3C
FD7D
FF17
FFE7
FC40
021E
FD6A
FEC0
02E9
FB50
03DB
FF10
FEA5
04C4
FC91
03C3
0110
FF36
0468
FEFC
026B
01E1
0028
0258
00A8
00E4
010A
0083
0038
0057
FFE6
FF8B
FF92
FF8C
FE89
FF81
FEF5
FDB5
0089
FCF7
FF53
FFD6
FC31
01D4
FCED
FEF9
010B
FC27
01A8
FE37
FE7E
00CC
FDCD
FF7E
FF8D
FE74
FE92
0063
FCBA
FFFB
FF6D
FBCE
02BD
FB7D
FFAA
0137
FAB0
03E2
FCB5
FF74
02C1
FC29
0391
FF50
FFEF
0303
FF17
025C
014B
00D8
0203
0140
013E
017A
0145
00D7
011C
00C8
004A
0069
0089
FEEE
00B0
FF17
FE67
0119
FC89
0052
FEE2
FC8D
0196
FBF3
FF91
FF9B
FC90
0118
FDE4
FF13
0052
FF14
FF8E
012B
FF81
0019
02DF
FDCA
0395
00BC
FEE4
059F
FCDA
03C4
01EC
FDBC
05CB
FD5D
0246
0252
FDE0
03DD
FF0C
00E2
01EB
FF7F
01BA
00D0
00C1
014E
0141
00EB
0178
015D
0111
0161
0172
00AB
0143
0154
FF6F
021A
FF3B
FFC9
01AB
FCEC
01BA
FE64
FDDF
0165
FC0F
0033
FEA6
FD41
0011
FDDA
FE75
FF71
FEE1
FE02
014B
FDBD
FFE3
0208
FC58
043D
FE92
FFBA
04C6
FC2B
0510
0043
FF6B
0557
FD87
03A5
015F
FF6A
036C
FF3D
0139
00F5
FF9A
007B
FFE9
FF60
FF82
FF7A
FEAF
FF2C
FEE6
FE86
FEB7
FF2A
FDE1
FF5B
FF02
FD89
00FA
FD33
FF9C
0058
FCA6
01EB
FD95
FF05
00DE
FCE5
009C
FEA5
FE39
FF96
FEB8
FDD8
FFBB
FE87
FD3A
01AA
FBDD
0070
006D
FB96
0450
FC36
00B1
02CA
FBE5
0527
FE5F
00A3
03CA
FDD7
03D2
0080
008E
02C3
0008
019E
0146
00B6
00FD
0134
0071
00EC
0107
0070
00FD
010E
0099
0104
01BC
FFEB
0261
00F1
0044
0377
FEEB
02A1
017C
FF22
037D
FEC0
011A
0136
FEAA
00F7
FF8F
FEE0
FFA5
FFAF
FD29
00C6
FDB5
FD6B
01D6
FA6F
0196
FE6C
FBE6
03C0
FA6C
019F
004A
FC37
0431
FCE3
013F
01D2
FE4D
031B
FFFE
0111
020D
00BF
0188
01B0
0129
0137
01B6
009B
012B
00F8
0053
0066
0099
FF57
FFF5
002A
FDCF
00DF
FDED
FE6D
0094
FC1A
0099
FE07
FD86
00A8
FCEB
FFA2
FF56
FE5F
FFB4
001B
FEAA
00A0
0102
FDFF
03CB
FE8E
00E6
040C
FC9F
05BC
FF67
0021
0581
FC77
04E1
005C
FF19
044F
FD78
0215
006E
FE9C
014A
FEB9
FF60
FF8B
FED5
FEAA
FF50
FE5E
FE9F
FF2B
FE36
FEF4
FEFF
FEA1
FED6
FFBC
FE13
FFCE
FF86
FDB6
0150
FD75
FF88
004C
FCC6
0121
FDC2
FE7A
0001
FD75
FF26
FF11
FE2C
FEA5
0040
FD01
00C0
FFAA
FD1B
03DC
FC5C
01CD
0238
FC64
05FF
FD7B
01AA
03E4
FCF7
0556
FF4F
00CD
0378
FE95
02C3
00A7
004C
01AC
0073
0097
0120
00BD
0066
0195
0067
0113
0177
00CB
014D
01A3
00EE
013E
022D
FFD1
025D
00C6
FFBB
02C6
FE52
0156
006B
FE2B
016E
FE2C
FF37
FFB2
FE4D
FE93
FFAE
FDBC
FE8D
0084
FBBC
01A5
FDE8
FD2A
0336
FA4E
025B
FF23
FC07
0426
FAB4
0136
0004
FBDB
0293
FC62
FF53
FFD7
FD07
FFF1
FE5D
FE72
FF30
FF03
FE8B
FFD1
FF3F
FF3A
0094
FF77
0070
00C7
0079
00C4
01B7
0081
0182
0237
FFD0
0330
007F
00DC
02F8
FEF9
0271
0089
FFAB
019F
FF5E
FFD0
0047
FF4A
FE6C
00F7
FD0D
FF66
0054
FB0F
02AC
FBFA
FE3B
021F
F99F
035F
FD22
FDB3
035B
FB10
02D7
FF7E
FE80
0330
FE66
01C5
015B
0048
01E7
015F
0101
01B1
01B2
0096
021F
00BF
00CC
0176
0025
008A
0086
FFC8
FF86
007E
FE3C
FFD1
FF75
FD56
00BB
FD30
FECD
FFAC
FCDA
000D
FE3B
FE5D
FFA1
FEFD
FE93
008E
FF4F
FED2
02C7
FD47
0276
016C
FD98
05EC
FD1B
02C5
0364
FCE1
0673
FE19
0196
03B8
FD4B
0425
FF56
FFFF
0201
FE84
00A5
FFCA
FF06
FF66
FF86
FE30
FF41
FEE2
FDD2
FF88
FDFC
FE92
FF18
FE6E
FEC7
FF87
FECC
FF35
00A7
FE58
0139
0027
FF62
028D
FF31
01BE
01A6
002A
0255
0133
00F4
01D9
01C0
FFC0
0323
FFBE
0028
0381
FC58
039F
FF0E
FD78
0447
FA43
024E
FF22
FBA1
0363
FAB3
0037
FF89
FBFA
0157
FD22
FEF1
FFCB
FE4B
FF94
FFE1
FF4F
FFEF
00E5
FF5A
0169
00B7
005F
01FE
00A7
015F
01B5
013D
0115
022A
0087
0149
01F4
FF49
0248
FFD2
FFCA
0184
FE5E
0077
FF90
FE9D
FF6F
FF4D
FDC0
FF6F
FF08
FC7F
0197
FC09
FF23
0117
FA76
03BF
FC8A
FEDB
0370
FABC
046C
FEC5
FF0A
0456
FD29
0359
00F8
FFD7
031E
001C
0179
01AF
00E1
00E4
01D8
003D
0110
018E
FFA7
01D6
0066
007A
017E
0075
00E4
0165
00EA
00C1
0248
0022
01DC
01D4
FFDE
02E1
0012
00FD
01B6
FFA2
00F1
0079
FF78
FFC7
009D
FD75
00D5
FECD
FCE0
0282
FAD0
00C4
FFAE
FAC6
03FF
FA9E
0029
011B
FAA6
03AB
FC6A
FF3B
0164
FC43
0162
FE6A
FE82
FFFD
FE61
FEAC
FF51
FE83
FE33
FFD1
FD8C
FF44
FF3C
FDE7
0025
FEB4
FF51
0013
FFA7
FFCE
00EA
0023
006F
0206
FFAD
0235
0156
006B
02D7
0063
019B
01CF
00B8
0102
01C1
FFCA
00B7
01BF
FD6A
02D0
FE40
FE53
0302
FA48
02AA
FDFD
FC14
0382
F99A
0166
FEE8
FBA5
02BE
FBC2
0017
001E
FD8B
0139
FF40
FFCA
00C9
0085
0004
01D4
0082
00BE
026F
FFDC
0233
014D
008B
021B
00AC
0102
0158
00DF
0066
01B9
0012
00CC
01B4
FF69
0217
0088
007F
0208
0078
013B
01C2
0107
00B7
02E4
FF5E
0210
021C
FDC7
04B7
FD80
009F
02EB
FAE0
0482
FCC7
FE67
02C6
FA13
0282
FD8A
FD3C
0192
FBF7
001C
FEED
FDE8
FFC6
FEF1
FE93
FFA0
FF6B
FE2E
00A1
FE33
FF27
0016
FD9C
000B
FE8B
FE65
FF57
FE67
FE73
FF18
FE9C
FE43
FFF9
FDFF
FF9B
FFF0
FE7A
00FB
FF90
0012
0110
008C
005A
0204
0097
008A
0382
FE60
0379
014F
FE7B
05B6
FCAE
0320
0236
FCAE
0612
FCDD
01CA
02E9
FCF2
049F
FEF2
00D2
02C8
FF46
0248
0144
00C5
018F
01C3
0030
01FE
0104
FFD3
0259
FF13
00CB
00A1
FEB2
00A9
FEF8
FF01
FF66
FECB
FE4B
FF47
FE3E
FE2B
FF98
FD6D
FF5E
FEF2
FE34
FFE2
FF0B
FF2B
0029
0023
FEF8
0234
FF2C
0099
0340
FD57
04CD
FFC9
FFCF
05B3
FC3B
051F
00B1
FE80
05C2
FC7C
030F
0107
FDCC
0329
FDD9
001D
003E
FE42
FF7D
FF4D
FE27
FED0
FF6C
FD12
FFFD
FE12
FDF8
0052
FD46
FFEE
FF4F
FEA7
006A
FF83
FFDF
0097
008A
001B
01C1
006D
0117
0217
0051
0220
0162
00F8
01B2
0183
004B
01CE
00F1
FF0C
0322
FD99
00F3
0168
FB9C
0402
FBEE
FF22
0201
F9A5
035E
FC47
FDA4
0202
FA8E
0195
FE26
FDBB
0125
FDD2
FFEB
002C
FF81
FFFB
015E
FF78
0142
01B0
FF72
031C
0038
0146
029B
FFEF
026A
0116
00C8
018F
00C9
005F
00EB
0046
FF80
00D0
FED4
FF9B
FFB6
FE54
FF58
FEE6
FE3A
FEBF
FF57
FCFD
0046
FE21
FD64
0222
FB47
01BB
FFB5
FC5D
04E3
FB87
0248
01F7
FC99
05B9
FDB4
01D9
0338
FE50
0412
0055
0105
026E
0089
0100
01A2
0057
001E
01C7
FE64
00FD
FFE6
FE04
0143
FD93
FF67
FF80
FDA3
FFA1
FE6B
FE76
FF08
FEDD
FE53
FF84
FEC4
FEA8
FFF4
FE62
FF77
FF78
FECC
FF2B
FFBC
FE2A
FF56
FFD9
FC93
0180
FCF9
FE2D
01BC
FA30
02BC
FD5B
FD1A
03A0
FA2C
02F4
FF57
FD5A
0441
FCD3
0238
0162
FF14
02F6
0059
0114
01E8
013B
008B
0289
004A
00E6
028A
FED6
02A0
0058
FFE3
0284
FF25
019A
0103
0032
019C
00E9
00DF
0177
016B
00B6
0212
00E8
011A
01C9
008F
0107
011F
0045
0004
0161
FE39
00C5
0001
FCCA
02BC
FBCB
FFC5
00D7
FA3B
03A2
FB82
FEAD
01FE
FA0D
0318
FD2E
FE17
01F6
FC26
0100
FF0E
FE3F
0022
FEE7
FE76
FFA7
FEF8
FDAA
00A6
FD1B
FF1B
FFD2
FC99
00E6
FDBD
FEC0
0060
FDE4
0061
FF9D
FF8D
0085
0071
0036
0128
010E
009F
01FB
00ED
015D
01D1
0142
0107
021A
008D
00B7
0290
FE1C
02B5
FFC7
FE0C
03D5
FB43
0206
FFB6
FB7A
03FC
FA6D
005B
001E
FADE
0298
FC18
FEF0
0056
FCE1
006B
FF18
FEE6
0010
005B
FEDE
0196
003B
FFA6
031A
FED5
0269
01B7
FFAC
0387
FFED
01B8
01FE
0037
01CF
00D4
0085
00C6
0091
FFA6
0068
FFA4
FF26
FFCE
FEDF
FEBF
FF2D
FEB9
FDC5
0012
FD26
FECB
0047
FB88
024D
FD11
FE62
02FB
FAB2
03E7
FEBE
FE47
04DF
FC0B
03C1
00E9
FEDF
0462
FEDA
0217
01F0
002E
01C7
0185
004A
015C
01BC
FF11
02D8
FFB8
003F
02D0
FE4B
02BB
0086
FFF9
02D3
FFA7
01DD
017E
00B5
01C0
0150
00F6
0154
0141
0063
0132
0062
0010
0057
FFF7
FEFF
0025
FF16
FDFA
011B
FC5F
0001
FF9F
FB76
0302
FB48
FFA2
0141
FA4D
03DE
FC34
FEE7
0231
FB16
027D
FE01
FE34
011E
FD4A
FF91
FF42
FE3D
FEA5
FFC7
FD38
FF8C
FF4D
FCD2
017C
FD1A
FF82
00C8
FD37
01F4
FEFA
FFED
01A7
FF73
0188
010B
00DD
0180
018B
010F
01A9
018D
00F9
0194
012B
00AA
0103
0116
FF38
01AB
FF38
FEF8
0217
FBF6
01CC
FE9D
FC60
0335
FA10
011B
FF3D
FB01
035E
FAEF
0012
006A
FC25
023B
FE11
FF9F
0113
FF60
006A
0169
0029
00AC
02AB
FEFB
02F6
0120
FFAF
03FC
FEB3
0260
01A7
FF3D
0302
FF94
0110
0173
FFFB
0147
00D5
00A3
0100
0138
00AA
015D
0147
0100
0156
01B2
0094
01B1
01AF
FF64
0347
FEF6
00A6
02A6
FC43
03D9
FDBA
FE70
0320
FA2A
02BF
FDBC
FCAF
0279
FAC1
00A5
FEC1
FCE7
00BF
FDC7
FEF4
FFD7
FF2D
FED9
0154
FEBC
0057
020C
FE02
0368
FFE0
0060
03A0
FEAF
0340
0126
0060
02F9
0005
019A
013C
005E
00DB
0084
FFF0
0003
FFF1
FF38
FF6B
FF59
FEBA
FEBF
FFA1
FD63
FFCB
FEC9
FCF8
01CE
FBD3
0046
0041
FB54
03C0
FBAA
FFD6
01AF
FABE
0382
FCC5
FEA6
018E
FBD1
00FF
FE55
FDEB
FFC6
FE5E
FE20
FF9F
FEAF
FDCB
0148
FD0A
005E
00A2
FD41
031C
FE3F
00BB
024B
FE8C
031D
005D
00FA
0273
007E
01DF
017B
011B
014C
014A
00B1
00CC
00BC
0035
FFF1
0076
FF1B
FF71
0066
FD13
00FC
FDF6
FD77
01D9
FAA0
016C
FE61
FBEB
035D
FA74
0143
0004
FC1E
039D
FCEA
00BF
0183
FE6A
0236
0081
007B
01AC
01A8
FFFF
0302
00B7
0072
03D9
FE4E
0322
0100
FEDF
03A4
FDDD
0156
00A6
FE12
0164
FE4F
FF45
FF8A
FE45
FEFB
FEB8
FE6B
FE8A
FEC0
FE73
FE9D
FF0F
FEE2
FEA5
0068
FE55
003A
00F9
FDC1
0372
FE85
00AE
03AE
FCC3
053E
FF62
0011
0514
FCBD
0482
007F
FF4F
041C
FE53
0208
0146
FFB8
017A
0116
FFE5
016D
018D
FF01
038B
FF70
0102
0374
FE09
0427
002F
004B
03A2
FE79
0297
009D
FF9D
01B9
FF37
002F
FFEB
FF32
FF5B
FF3D
FED4
FEC7
FEE5
FEB8
FE4F
FF3E
FE74
FE32
0069
FCE8
005E
FF61
FCC7
02D5
FBD7
008F
00BB
FB3E
03BA
FBD3
FF67
014C
FAF3
0240
FD18
FE24
0096
FCDD
FF99
FF25
FE57
FF28
0060
FDC8
00F7
0033
FE19
0381
FDE2
01BF
0251
FE2C
0477
FF59
017F
0302
FF3B
031C
00A7
00D3
01DF
003C
00E9
009A
002B
000C
FFFA
FF9B
FF40
FF68
FF3D
FE23
FFDE
FDDB
FE4D
004F
FBD2
0115
FDD2
FD2D
0296
FADA
0218
FF6F
FCE5
044A
FC3F
0221
0177
FE0E
03E1
FF46
014A
0235
0058
0160
0215
0061
011C
02B0
FE84
0346
003E
FF5C
0405
FD61
02E3
00F7
FEB4
03E6
FE89
01F1
01C2
FFA6
02AF
0084
0149
01B3
00EB
0149
0134
00F3
00C5
00B9
00A6
FFCE
0071
FFF7
FE87
011E
FD87
FF70
0045
FBA5
021D
FC57
FE3E
018A
FA37
0295
FD39
FDAC
028D
FB8C
01F7
FF78
FE7D
022F
FF1F
00B0
016F
009F
0074
02E3
FFAF
01E0
02E2
FE72
04A2
FF68
00C6
03AD
FD54
0393
FF7B
FF33
025F
FD7A
00ED
FF57
FE60
000D
FE50
FEE8
FEE9
FE94
FEAF
FEC6
FECF
FEA3
FEE4
FF60
FE22
FFFD
FEEA
FE23
016E
FCA3
00BB
FFAE
FC4F
030A
FB80
0019
007E
FAF1
02EB
FC00
FEDB
00D6
FBCF
013B
FE42
FE8A
006F
FF1C
FF3C
00FF
FFD4
FF73
0306
FE2E
028F
01D7
FE84
0521
FE70
0250
02F7
FE49
0460
FF59
00F6
0248
FEC8
01C4
FFD0
FFAC
0058
FF35
FF69
FF3D
FEFD
FECC
FEAF
FEE8
FE2A
FEB2
FF23
FD44
0051
FDD7
FE69
0170
FC11
024D
FEFF
FE27
0411
FC48
0335
00F5
FE56
04D9
FE21
0263
022C
FF62
02EB
00B4
00B4
01B5
0149
FF99
02C4
FFBD
0028
0363
FD51
0394
0042
FEFF
0493
FD75
0322
0178
FF1A
040C
FF36
01F5
01DE
FFF8
021D
0083
00B7
00DD
0045
002E
FFFB
FFD5
FF6C
FF24
FFB3
FE18
FF53
FF18
FCFD
00E3
FC94
FEF6
006E
FB45
028F
FCDA
FEBA
0262
FB7C
0333
FEDB
FF02
033C
FDFC
0242
0130
0026
020B
018C
0070
0235
01D0
FF65
0416
FEE5
0152
02F2
FCEC
0427
FE45
FF62
029A
FC05
020E
FE5E
FDF3
00E9
FCD8
FF9B
FEA4
FDF0
FF38
FE56
FEAF
FEE6
FEF5
FF19
FF33
FFCC
FF74
FFC5
010C
FEFB
01CD
00A4
FF81
03E1
FE4E
02F1
0221
FE6D
0579
FE1F
0249
02E2
FDAE
0458
FECA
0066
01F2
FE40
00DD
FFD0
FEC7
FF6B
000F
FD11
0066
FE8F
FCB0
0202
FB2E
0047
FFA9
FB84
02F2
FC09
FFF2
0109
FCB0
029A
FE97
0022
01B8
FF4B
01C3
00DF
00F0
019D
0147
0168
0170
0186
015C
00F9
01C4
0056
00DE
0191
FE7C
0232
FEDC
FEE9
022F
FBBE
01ED
FE59
FCEA
027A
FAFD
00CB
FF04
FC7C
0197
FCE1
FF4F
FFC6
FE17
FF4D
FFEC
FE2A
FF60
0099
FC79
01E0
FDCC
FDD0
024B
FAB8
01C2
FE3F
FC87
025F
FB3C
0088
FF38
FCFF
0170
FDAC
FFE2
003A
FF15
00BE
0038
007C
00E1
00F7
0115
0111
0186
013F
00E3
0258
000D
01D3
01D0
FEF8
03BE
FEC1
0120
02D2
FD2F
045F
FEDD
003D
03A8
FD7B
03A1
0073
0017
0320
FFF0
0191
01E7
00D1
00AE
02BE
FF09
01AA
01BD
FD53
03EA
FD49
FFD8
0212
FB23
02F4
FD19
FE12
0185
FB6F
00F9
FE1E
FDC2
0068
FD7F
FF79
FF1E
FEAA
FF68
FF22
FF22
FF2F
FF47
FF39
FEC3
FF9A
FEA5
FE83
002C
FCEB
002A
FEA9
FCE7
01D3
FBB1
0063
FFDA
FC23
030B
FCB2
0058
0176
FD79
02BB
FF93
0062
01FB
0097
00CE
026A
00C6
00B0
03C3
FE63
0364
015B
FE5F
0518
FCE4
022C
0187
FCA2
03DF
FCDB
FFF7
00CD
FC7F
0121
FDB9
FE72
FF84
FDAA
FEFB
FE9A
FE80
FED7
FEF5
FF0C
FF1F
FFA5
FFCB
FF4E
0123
FF84
0088
0219
FE94
0362
0017
003F
0429
FDBC
03E5
00D2
FF4E
0460
FE13
026D
0165
FF39
0277
0022
0070
0175
00F0
FF9E
02F4
FF8A
00D4
039A
FD71
04AD
FFFC
FFB4
0525
FCCD
0414
00AF
FEA2
042B
FD6B
01B1
007F
FE31
015A
FE55
FF53
FF67
FE65
FEE6
FEAF
FE7C
FE81
FEA6
FEB2
FE5B
FF37
FEF5
FE60
00C8
FE00
0065
00E3
FDC2
0367
FE72
00F1
030F
FDB0
046E
FFCE
00B5
03B5
FEDE
02EE
0134
0055
01DD
00FC
FFC8
017B
0072
FE4F
02D3
FCEF
0052
0104
FB2A
0346
FBF6
FEA2
0173
FA5A
0240
FD00
FDD6
0147
FC2B
00CD
FEEC
FEA2
00C1
FF18
003F
0074
0058
00B1
0106
0105
0111
016D
019C
00CA
0240
010D
00B9
02FF
FEEF
0287
00E0
FE97
0392
FD2C
013C
00A6
FCC6
0269
FD0C
FF3B
0020
FD10
FFCA
FEB5
FE0D
FF07
FF9A
FCFB
00CA
FE6E
FD70
0298
FB47
0193
FFA2
FBFB
03C8
FB32
0096
005A
FB8F
027F
FC6B
FF08
0013
FCAB
0044
FE2B
FE94
FF89
FEBC
FF4F
FFA1
FFA8
FFD3
004A
0075
004D
0106
013A
0026
028A
004A
0129
02F8
FEB0
03B1
0037
0004
03E1
FDB4
0316
00A7
FF20
0345
FECF
0170
016C
FFFF
0143
01BB
0006
01A2
0266
FEA8
0463
FF7F
0097
0478
FC8C
04BA
FF8C
FEB9
046F
FBD3
02A1
FF90
FD63
024D
FCA7
FFEE
FF4C
FD8D
FFC8
FE33
FE9A
FEF7
FEB2
FEB0
FF1D
FEF9
FEEA
FF37
FF6F
FEA0
FFBE
FF4D
FE1B
00EE
FD52
FF9A
0002
FC3D
01BF
FCBA
FEAB
00AA
FBBE
0143
FDE2
FE46
00BF
FDF6
FFE7
003D
FF70
FFDB
01F7
FE93
0212
01B5
FE3A
053D
FE02
0222
0393
FCE2
05DD
FE6F
00E4
03E5
FD00
041C
FF95
FFF6
02D7
FEC2
01EB
00CD
0059
018F
00E2
00FE
0160
0155
0113
0185
015C
0106
0146
0181
FFF9
01C7
0031
FF7D
0225
FD82
0134
FFA9
FD34
021B
FC54
FFCD
FFB0
FC7F
00E0
FD87
FE8F
FFA8
FE44
FE98
000E
FE3E
FEB1
0153
FC19
01C2
FEC8
FCD3
0373
FA98
0172
FF8D
FB57
0365
FAFD
FFF3
000F
FBB5
01CE
FD1D
FF16
0045
FE01
0066
FFA5
FFBF
0074
008E
005D
010E
0114
00E8
0157
0185
00DC
0191
01C1
FFFB
02C6
000B
00BC
02C6
FE2F
0328
FFFD
FFA3
0353
FE24
026D
0100
FFB3
0294
0065
00FD
01EA
013F
0039
034D
FF7E
0158
0326
FD18
0499
FE85
FF44
03E8
FAEB
0375
FE58
FD3D
02F5
FB01
010D
FEC5
FCE0
0103
FD03
FF3A
FF39
FE29
FF58
FF14
FED5
FF3A
FF6E
FED3
FF73
FF44
FEEE
FF1B
FF81
FE22
FF7F
FF05
FD6B
00BD
FCDE
FF37
FFEE
FC42
019B
FD67
FF05
0118
FD61
0163
FFB9
FF9B
0143
00AA
0005
0215
0100
FFC2
0430
FE51
02C1
028C
FD78
05EB
FD85
01B1
037C
FC4E
054E
FE4F
0068
0371
FD6E
0367
001F
0040
0291
FFF6
01AE
0177
0102
015E
019E
00D9
0146
0145
0084
00DB
00AC
FFF0
000F
007A
FE5D
008D
FEDF
FE00
010E
FC6D
001D
FF03
FCC4
0148
FCC1
FF5B
FFBE
FD7E
0018
FEFA
FE92
FF95
FFD3
FD77
0132
FE30
FDEA
024D
FAD2
01DD
FE8F
FBE0
038E
FA0C
0114
FF96
FB5E
033A
FBD6
0023
00AE
FD2B
0202
FEF7
0021
013C
0011
0102
0153
00F8
0133
01DE
00EE
01A6
0198
0114
0143
018E
005D
0106
0140
FEE3
01EB
FEEA
FF55
0162
FCC9
0126
FE6C
FDC2
00BA
FCD2
FF5E
FEEA
FDCD
FEFF
FF48
FDBE
FFA1
FFF5
FCEB
02B6
FD7E
FFE3
031B
FBC5
04FF
FECC
FFAC
0535
FC56
04EC
0093
FF7C
04DC
FE2B
02EB
0162
FFA7
0265
FFDD
0084
00A7
FFE0
FF9D
0024
FF0C
FF24
FF83
FE60
FEF2
FED4
FE54
FE6E
FF43
FD93
FF53
FF1E
FD6E
0133
FD90
FFE2
00ED
FDB3
025A
FF46
0044
0209
FFB1
0189
018B
00AF
0120
02A2
FF3D
02C7
0173
FE9D
0513
FD46
026C
0291
FC7F
05E7
FD3B
0150
037D
FC8E
04F8
FF05
009E
036A
FEA7
02F5
00F3
00AB
0214
00D7
00EB
0156
00C9
003B
012A
FFB4
0013
0029
FF2F
FF68
FF7F
FE96
FEBE
FF96
FD33
FFCB
FE51
FD74
00BD
FC94
FFF0
FF65
FD8B
0137
FE5E
FFCF
00AB
FF9F
0035
0195
FFDC
00DA
02F1
FE3D
042D
006E
FFA3
059B
FC97
0482
0125
FDE0
05D4
FC38
028E
0132
FCE1
0371
FD1B
FFE9
004B
FD5B
0027
FE77
FE6F
FF10
FEC6
FE2F
FF56
FEA3
FE7A
FFAF
FE6A
FF39
FF65
FEEC
FF0B
FFD3
FE75
FF50
FFE4
FD64
00B1
FDF7
FE54
007C
FC96
0031
FE79
FDD7
0013
FE23
FEEE
FFC5
FF2D
FEB4
01A5
FE1E
00D4
0216
FD1A
04F4
FE71
00D2
04C4
FC43
05F0
FF90
FFEF
0557
FCC0
0430
0078
FF15
035D
FE2A
0122
0053
FEE3
002D
FF5B
FEBF
FF3F
FF1F
FDF2
FF79
FE29
FE55
FF2E
FE1A
FEC9
FF1B
FEBC
FEDF
0042
FE6B
006A
0074
FEB4
026F
FF2E
0108
0214
FF60
029F
00CA
00D9
01FA
0128
0084
023C
00B5
FFEE
0399
FDD1
02BD
0178
FD72
05A0
FCB4
024F
02EB
FC70
0615
FDD6
0177
03C1
FD7F
0485
FFE2
00B2
02D8
FF79
01B1
00E6
0028
0088
009D
FF36
0030
FFB2
FE7F
000E
FE57
FEC1
FF1B
FE45
FE73
FF0B
FE2B
FE73
FFC8
FD62
0032
FF15
FE4B
0178
FE24
00C0
00BC
FF5A
01A5
00A7
0090
019F
01B2
FFDE
036C
0030
00C1
043D
FD32
0491
0010
FE86
0559
FB53
0355
001A
FC85
042E
FB62
00C7
FFF7
FC45
017E
FD24
FECE
FF83
FDDF
FF04
FF2C
FE75
FEF0
FFC0
FE0E
FFF4
FF1A
FE9A
0013
FE96
FF2C
FF63
FED3
FE99
FFA5
FE03
FED2
FF96
FD10
0041
FE0A
FE4D
005C
FD95
0012
FF95
FF0C
0047
0089
FF58
0159
0136
FEE2
041F
FEA3
01BF
03A3
FCE1
05FC
FE8B
0098
04E3
FBE1
0544
FF53
FF55
0466
FD08
0315
009D
FF72
02BB
FFC6
0139
018A
00DB
00FD
020F
008C
016F
01F4
0007
0225
0096
007F
014C
0003
002A
005F
FF97
FF22
0063
FDFD
FF84
FF56
FD4A
0047
FD83
FE8C
FF73
FD9C
FF37
FF16
FE75
FF2A
0069
FDAA
0170
FFCA
FE36
0428
FCBB
02E8
01FE
FD36
0682
FD29
02B0
0395
FD0A
05F3
FE8E
0139
0339
FDED
02E2
FFBF
FFAC
0100
FF3D
FF63
FFE5
FEF7
FE88
0008
FDA6
FF42
FF1D
FDAA
FFC9
FE37
FEB2
FF50
FEBD
FEBD
FFAF
FEBE
FEDE
004A
FDC6
0027
FF24
FE19
006C
FDE7
FF16
FF4A
FE3F
FEA1
FF84
FDBC
FEE5
0034
FC2F
01EF
FDBF
FE37
034D
FAF9
03BF
FF70
FDDD
0595
FBEB
03E5
0186
FE51
0566
FE55
0284
0256
FF7E
02DC
0089
00B1
014B
009E
FFB7
0123
FF73
FF59
00BE
FDE9
000B
FEFB
FE1D
FF9C
FE28
FE83
FEE8
FE85
FE28
FF9C
FE1A
FEFC
000C
FDEA
00C1
FF5A
FF77
0126
FFBA
00A1
014B
00B4
0087
02D9
FF78
024E
027F
FE4D
055F
FE48
0183
03E7
FBEE
059B
FDE3
FF7F
03D1
FB0A
035B
FE41
FDCA
01F4
FC2B
0023
FECA
FDA0
FF60
FE77
FE11
FF21
FEFE
FDDF
007D
FE46
FF7B
00B2
FE84
0141
000D
002F
0160
00A5
00D8
0195
0121
00C0
025D
003C
01A3
01B9
FFFC
0231
007A
00B1
016A
00A9
0044
01C7
0040
0025
031D
FE05
0332
0123
FE6E
05CA
FCDF
036B
0292
FD12
0672
FD2D
01FC
02F2
FCC6
0435
FE41
FFD6
017F
FDB2
006D
FF2A
FE76
FF18
FF33
FD97
FF6D
FE8D
FD86
0046
FD48
FF53
FF87
FDFE
005E
FF1A
FF8E
005A
0020
FFF8
0141
0079
0099
0229
0013
0206
018D
00B2
0234
0122
00F9
01A4
0141
FFB2
0286
FF13
0016
0257
FC0E
032C
FDDC
FDA2
0355
F9BC
028E
FE20
FBFE
035E
FA44
010F
FF47
FC54
01FC
FCF7
FF85
FFEB
FE2D
FF9C
FF96
FE8D
FF47
FFE8
FD87
0060
FE59
FE1D
004E
FD16
FF92
FEC6
FDF6
FF95
FE91
FED7
FF81
FF6E
FF01
00B1
FF6E
002F
014B
FFA5
0196
00FC
00B7
0197
018D
0079
0220
0167
FFA6
03DF
FE7B
01FA
0294
FCF0
057D
FD92
00EE
03F5
FBBF
059A
FEA1
0014
0482
FD14
0417
0097
000F
0350
FFC7
019F
0194
0092
00AE
01AE
FF61
00C4
00CD
FE2E
017F
FE4B
FF16
0036
FD63
FFC7
FE6F
FE2C
FF0F
FE75
FE46
FF19
FEC6
FE5B
000D
FE78
FFA7
002A
FF2D
0091
0076
001A
00E1
01B0
FF7E
02E1
00C6
0002
04AA
FDA8
03E7
019E
FDF5
0621
FC62
02BB
01FE
FC33
04EA
FC81
004A
0157
FC2A
01B7
FDD5
FE71
FFD6
FDFF
FE94
FF62
FE4E
FE57
0047
FD30
0015
FF47
FDA9
0124
FDA6
FFA0
FFD3
FE04
0003
FEC3
FEBB
FF34
FEEB
FE42
FF56
FE7D
FE4F
FF91
FE02
FF25
FF41
FEBD
FF4F
001E
FED2
0048
0119
FE1F
0355
FF0F
007B
0434
FCC3
0559
FFF0
FF96
05F2
FC44
04C2
00D0
FE74
04F4
FD1D
0216
00D8
FE27
01AD
FEBE
FF31
FFCA
FEF1
FE1F
0009
FDC3
FE63
0014
FC75
005A
FE34
FDE3
00AA
FD73
000F
FFA0
FEF5
0084
FFF6
0010
00CB
00E3
0052
01D2
00CD
0125
01F9
00E6
0183
01BF
0106
00E3
0259
FF44
01DC
011D
FDE3
03CA
FCC5
00A5
0196
FAD3
0410
FBC3
FEC2
01EB
F9D5
02C1
FCC1
FD9E
017E
FBBA
00AB
FEDE
FE3E
005A
FF61
FF37
00B2
004E
FF4A
028A
FF3B
016C
0248
FF26
0379
0047
0131
02A7
FFF1
0227
010F
00A1
0134
00B7
000F
0097
0016
FF46
004A
FEEF
FF1F
FF61
FEB0
FE63
FF74
FDF6
FE3E
0045
FC0D
00EE
FE52
FCF3
031E
FAF2
021D
0035
FC5D
053F
FC08
0243
0248
FD3D
051D
FEB5
0193
02EF
FF61
02C1
0137
00C1
019A
018B
FFAD
01FF
003B
FF3D
024C
FDA5
00E0
FFDD
FD8E
0131
FD6E
FF1F
FF5B
FD9A
FF48
FE73
FE58
FEDB
FEF3
FE60
FF81
FF23
FF0E
001F
FF98
FFDB
00A6
0086
FFDA
0263
FFA4
0166
02EF
FE2B
04DB
FF7A
0097
04EE
FC56
0534
FFAA
FECF
0500
FBC5
0319
FFE2
FD81
02B7
FCEC
FFF2
FFA0
FDC0
FF48
FEFF
FDC8
FEE9
FF5E
FCD1
00B9
FDBF
FE6E
0127
FCCB
0164
FF56
FEF0
01EF
FEE7
0140
0105
0060
018E
0142
010D
0191
01A2
00E8
01DA
012A
00F4
0153
0105
0018
0141
002D
FF04
0210
FD38
00B7
002C
FBD8
0336
FB50
FF81
00FD
F9EC
036A
FBB8
FE6D
01C8
FAC9
0259
FE10
FE81
01AF
FE24
00B7
00B3
FFF6
009F
01F9
FF97
020B
01DD
FF63
03FD
FF7C
01B4
02BC
FEE0
0347
FFED
007B
01CC
FF2E
00D9
FFF8
FF6C
FFBB
FF7D
FEC3
FF2F
FEF3
FE51
FEED
FE95
FE37
FEC1
FF13
FD82
004D
FE3A
FE62
01EB
FC36
0277
FFAE
FDD0
04F9
FC1E
0363
01B0
FD8F
05F5
FD7E
0289
02BB
FE43
041B
FFAC
00F0
0217
001A
00DD
019D
0028
0080
0261
FE9F
0294
00C4
FF62
03C7
FE9A
0265
01CA
FF7B
0355
FFF4
0171
01CA
003C
0164
00C4
0058
0073
0061
FF88
FFEE
FF8F
FF04
FF20
FF4D
FE0E
FF19
FF17
FCDC
00E2
FCC4
FEB6
0105
FAFD
02F5
FD3F
FE61
037D
FAF1
03EA
FF43
FE88
0498
FD17
0325
015B
FF8B
035D
004F
0156
0206
011B
007C
02A1
FFAA
00E2
022F
FDBD
02BC
FED0
FEF3
01DD
FCA3
00F6
FEAC
FDC7
0051
FD5F
FF07
FECD
FE22
FEDF
FED7
FE99
FF0C
FF5F
FF0E
FFA7
FFF8
FFB9
0015
0145
FF4A
01EA
0114
FF61
044A
FE57
02C6
02B5
FDB4
0604
FDCE
01D6
0388
FC6E
0509
FE23
FFDC
029D
FCB9
01C1
FEF2
FE63
001A
FE8E
FE2B
FF86
FE72
FD6C
00C7
FC69
FFA0
FFCA
FC54
021D
FD34
FFAA
013B
FD84
0223
FF77
002F
01C8
FFF7
0181
0149
0115
0173
019D
012D
0170
0181
0118
00EB
0182
0031
008B
017D
FE20
01F8
FEDD
FE42
0284
FB26
01CB
FE97
FBF6
033D
FA2A
00D0
FF6B
FB63
02C3
FBF8
FFBA
0071
FD53
011E
FF72
FF7A
00BF
00D5
FF4C
0273
004F
0034
03C6
FE67
0365
016D
FF72
0459
FEB1
0242
01A5
FF1F
0278
FF63
0053
008D
FF35
FFD4
FF75
FF07
FF00
FF0E
FE97
FE95
FEDB
FE83
FE1B
FFB7
FD81
FF49
FFF0
FCA7
024E
FD61
FF91
02A0
FBCE
0468
FEB0
FF89
04BA
FC8F
0481
00A7
FF9B
0483
FECD
028A
01C2
0022
01C4
0135
FFCE
0116
00EF
FE18
0255
FDEF
FF3A
016D
FBCE
01C5
FDB5
FDC8
0127
FC16
005A
FE94
FDD2
0035
FDFE
FF43
FF49
FED6
FF3D
FF52
FF11
FF1E
FF4B
FF1F
FEAB
FF87
FEA2
FE40
0058
FCB8
0014
FF05
FC63
0274
FB86
005B
00B0
FB67
0423
FC82
0061
0294
FC87
041C
FF33
0074
030E
FF6F
0234
01B7
00D0
0176
0273
FF93
026D
014B
FECA
03C8
FDBD
012F
015A
FCD5
02CA
FD5F
FF45
0097
FCAD
007C
FE04
FE3D
FF66
FDEF
FED6
FECC
FEAF
FEEB
FF3A
FF41
FF4F
FFE0
001B
FF62
0177
FFC3
0079
02B2
FE5C
03B7
0079
FFCA
0518
FD31
0435
0145
FE69
0573
FD07
0284
0173
FDA6
0317
FE21
FFD2
0073
FE57
FF2C
FFB9
FDEB
FE97
0027
FC02
00D4
FDE4
FD21
01EE
FB72
011E
FF5E
FD47
02A4
FD71
0102
00F9
FF01
022D
0021
0104
018C
00E0
015B
0162
013F
0130
0145
0155
00A2
016B
011A
FFD4
0297
FF2C
0141
023E
FDC5
0460
FEB7
00B4
040D
FCBE
0517
FFA9
FFFE
04B5
FD7F
03A8
00DE
FF8E
02E2
FF70
009A
00F3
FFBD
FF32
0146
FDC2
FFAE
0079
FBE2
01FC
FCBC
FE26
012B
FB00
017B
FDAE
FDBA
0144
FCC2
009C
FF6D
FEDB
00E9
FF86
0070
00B8
00A0
00EB
0126
0147
0128
016B
01DE
008E
0250
011E
0033
0356
FE60
024D
0115
FD8B
041C
FC6B
00DE
011E
FB70
0349
FC40
FEFD
00DC
FBB8
0107
FDF0
FE19
FFDD
FE67
FE62
FFFE
FEAA
FE1F
0186
FC83
00B9
FFD7
FC5E
02DA
FC0D
FFD8
0073
FBC2
01E1
FCED
FEA9
0027
FCDE
001D
FE77
FEA9
FFB4
FEF4
FF8F
FFCA
FFEF
001E
005A
00E2
0066
0122
01B8
FFEC
02FC
0072
00E4
03BA
FE1C
040D
0069
FF32
04B8
FC89
030F
006A
FD6C
0397
FC8F
008B
0019
FD20
0086
FE39
FE2F
FF2F
FECC
FD2F
0074
FD8E
FE1D
0180
FB99
0207
FEE2
FDCA
0388
FC92
0264
00DE
FEA2
03B4
FEFC
01D7
01DD
0013
0254
00D8
012B
0172
00FE
010C
0101
0105
00C6
00AB
0166
FFF6
015B
0145
FF4B
034D
FF11
017E
02F5
FDC3
04F6
FF1E
00D1
043F
FD13
047B
FFCB
FF94
036B
FDC5
01A6
0030
FEC9
0057
FF8D
FE31
FFC4
FF3D
FCC0
016F
FC4E
FEDB
00AB
FAE3
0269
FCDD
FE59
01F6
FBCA
023D
FEF5
FEEF
0244
FE88
0196
00DE
005B
01C4
00F5
0151
017A
016B
0163
0142
0194
00EB
00E1
01C6
FF4F
01B8
0027
FE9F
029F
FCB3
0108
FFF5
FC0C
02F1
FB80
FFA4
0047
FB2D
0200
FCAB
FE8C
0069
FD11
000F
FF69
FEC8
FFD5
00DE
FE41
01F0
0069
FECE
0458
FDAD
02DE
024B
FE20
0578
FE6A
021E
02F4
FE4E
03E0
FF7F
00A4
01D1
FEFA
010A
FFC3
FF76
FFD0
FF31
FF17
FEF2
FEEA
FEB3
FE55
FF35
FDED
FEA9
FF9F
FCD8
00E7
FDF0
FE61
020E
FC03
0296
FF60
FE48
0425
FCEA
02EF
0153
FEE9
0416
FF66
01CF
0239
0075
018E
020C
0024
0132
0243
FDFA
0338
FEFD
FEDA
032F
FB78
025E
FEB7
FCDC
0290
FB49
0070
FEFC
FC9E
00EB
FD05
FF1B
FF57
FE1A
FFB1
FF20
FF61
FFCA
FFED
0020
0038
00D0
00B0
007F
0221
0003
01F2
0213
FF58
0433
FF3F
019B
033D
FD7E
0487
FED1
FFF3
0318
FCA1
027A
FF00
FE5B
0122
FDB8
FF2C
FF63
FE3D
FE19
003B
FCA8
FF7B
FFD0
FBB3
02A3
FC61
FF56
01F8
FB70
03A7
FE2B
FF7B
033B
FD67
0328
0077
0038
02EF
000B
0200
0195
010A
01AA
013F
0117
00FA
00E7
00AD
000B
00B8
FF9B
FF53
00D8
FD76
0094
FEF5
FD17
01E6
FBA8
003D
FF96
FBC0
0287
FC0B
FF8C
0083
FC5D
0175
FE22
FEC4
0033
FEA5
FEB5
002E
FE6C
FE3F
0143
FBDE
00E3
FEE8
FC07
02E7
FAE6
006D
0010
FB7F
0317
FC74
FFF5
0132
FD4A
024F
FF43
004E
01A8
0009
0185
013E
012E
017D
0181
016D
0146
0185
0157
007D
01EF
FFE9
0085
01AF
FDC8
023A
FE9C
FE7C
0228
FB89
018C
FE60
FCCF
01DF
FB99
0003
FF12
FD03
0063
FE33
FEA8
FFD5
FF78
FE4F
01CD
FE8A
FFFB
02E6
FCE3
0444
FFB8
FF94
0529
FCF6
0461
011E
FF32
04D9
FE35
0293
0175
FF35
0267
FF65
0060
0069
FF57
FFC1
FF6D
FF17
FEF6
FEF2
FED3
FE4E
FEFE
FE91
FDD3
0016
FD2E
FF78
FFE1
FCB1
024E
FD59
FFDD
0208
FCBC
0392
FF10
0019
033F
FE91
02CB
013C
0088
023A
0180
0070
0244
0157
FF4A
03DE
FE04
016A
0218
FC33
043F
FCD8
FF67
0217
FAD9
0297
FD2C
FDD8
011D
FBD7
0052
FE4C
FDE0
FFE3
FE24
FF39
FF63
FF43
FF9D
FFFA
0007
0028
009E
00EC
003D
01DA
00D1
00A8
031A
FF37
02FA
017C
FF58
0475
FE29
024D
01C4
FDE9
0389
FE20
003B
0106
FDD4
0068
FF29
FE55
FF22
FF8C
FCC7
0076
FE03
FCF8
021E
FAD5
0137
FF69
FBEF
03F4
FB9E
0149
0158
FCD8
0413
FE45
011F
025E
FF1E
02D0
00C0
0122
01FD
0108
0162
016E
0123
00F0
0104
00C7
0037
0088
005A
FEEA
00FA
FE71
FF12
00B1
FC45
0130
FDAB
FD78
0161
FB48
00C6
FE79
FD19
0167
FD1B
FFE8
000F
FECC
0038
00D6
FF45
0102
01E6
FE46
041F
FF58
008E
048C
FCBF
050E
0003
FF54
0530
FCBC
03B3
00CB
FEC7
03DB
FE5C
01C8
0148
FFA7
01FC
007C
00F2
015A
0118
0113
0177
0146
0124
0159
0175
0088
0186
00F1
FF9A
0248
FE86
00A8
00EA
FCFF
025B
FD2F
FEFA
00D3
FBC1
0120
FD99
FDD8
002D
FD43
FF16
FF52
FE70
FECB
00DE
FD79
00FE
00B0
FD4B
046C
FD54
019D
033A
FCB6
05DD
FE98
0131
044D
FD7A
049C
0010
005E
031E
FEDD
01CE
006F
FFB2
009C
FFA1
FF71
FF8D
FF44
FED0
FF1D
FEDD
FE81
FECC
FF21
FDC2
FFC6
FE71
FE05
00F8
FCA2
009F
FF58
FD20
0239
FC97
0029
0018
FCE6
013B
FDCC
FEB8
FFB1
FE2D
FE63
FFC0
FDDE
FE4A
00F1
FBC9
0191
FEC3
FD05
03E7
FB54
027A
00E4
FCFA
0550
FD26
024E
0290
FE4C
0469
FFAB
0186
0286
0004
021C
0104
00BC
010B
00BB
0022
006C
0011
FF8D
FFAC
FF96
FEB5
FF3E
FF4F
FD77
003B
FD84
FE44
0064
FBEB
0106
FE02
FDD1
01AD
FCA9
011C
FFD8
FEB3
01B9
FFAD
0067
0174
00E8
FFFF
0330
FF80
0177
0365
FD78
051C
FF2D
0011
04DE
FC09
04BC
FFC9
FED6
04B5
FCE5
0312
00E8
FF1C
0352
FF60
019E
01A0
008B
01AF
015C
0108
0155
016C
00B1
0130
00DC
0062
0069
00A9
FF24
005A
FFBA
FDFA
0127
FD22
FF54
FFE5
FC13
0147
FCEE
FE69
005C
FC88
0070
FEB3
FE88
0029
FF91
FEF5
0116
0019
FEFB
038F
FDD9
0275
026E
FD86
0620
FDDB
0220
03FA
FCCF
05C5
FEAF
00A3
037C
FD3D
02F2
FF60
FF34
0137
FE52
FFC6
FF54
FEB1
FEEC
FF1C
FE56
FED3
FEF1
FE5D
FEEF
FF03
FE90
FEFC
FFB3
FDDF
0051
FEDC
FE2B
015A
FCCD
0084
FF65
FD16
0183
FCDF
FF59
FF9C
FD40
FFC4
FE99
FE2E
FF3A
FF8F
FD56
013F
FE78
FE74
0320
FBF2
0349
0045
FDDA
05C2
FC70
0399
022D
FDF6
05C2
FE3C
0257
02A2
FED1
034E
FFE1
00A2
0151
FFBA
0041
002E
FF76
FF5E
FFC3
FE99
FF26
FEFD
FE6F
FEA3
FF04
FDF8
FED4
FF4F
FD3E
009C
FDFA
FEC9
013C
FD0B
01CE
FF78
FF2A
0276
FED7
01A1
015B
005E
01A1
01EA
004F
0212
0236
FEEF
0470
FEE3
00EB
03BF
FC02
04D3
FE38
FEB4
03DF
FAAA
02F4
FE5C
FD13
0250
FB8D
0049
FECD
FD2E
0018
FDCA
FEB8
FF2C
FEC1
FEE0
FFCF
FF21
FFA2
0068
FFA6
0091
00C3
0086
00D5
01CF
0035
01FB
01BA
FFED
0386
FFA8
01B3
026B
FED6
031C
FFA3
003B
019C
FEE3
0060
0010
FEEA
FF1C
006C
FCE0
0050
FEED
FC14
0291
FAD4
0013
0057
FA69
03FA
FB78
FFB9
0212
FB4F
03E3
FE19
FFD8
02C8
FE27
0294
00B1
0085
020A
00EA
011B
01A3
0135
00C8
01DA
0089
010F
014E
007F
00E4
0127
0068
00BA
01B9
FF78
022C
00C8
FFF8
0345
FF15
025E
01B5
FFB1
0326
000C
0130
01B6
004E
0080
017B
FF5A
FFF3
01A9
FC9B
023C
FE39
FD38
030A
F9F0
01D7
FE87
FB61
0383
FA23
00C5
FFBE
FBCB
02BF
FCCF
0004
00CC
FE3C
0162
0002
0041
011E
0104
0091
01CF
0128
0101
022C
00D5
018B
0198
00F9
00F1
018E
0005
00B5
011E
FE74
0199
FEB9
FEF3
00F9
FCF2
0070
FE9A
FDDC
FFFB
FDEE
FE9B
FF53
FE99
FDFE
00C9
FD1B
FFA7
00BF
FB98
0346
FC98
FED0
029D
F9FA
038B
FD17
FD6A
02D0
FA41
01C5
FE2D
FCF7
0176
FC87
FFCD
FF55
FE44
FFF2
FF86
FF51
0036
0077
FFA2
0177
0068
00C7
01C4
00C3
0174
01B5
0135
0127
024A
0027
01D0
017B
FF57
02AB
FF03
0078
0125
FE18
0109
FEEE
FEC3
FFB6
FEC2
FE08
FFB6
FE2F
FD72
0130
FB83
0090
FF70
FB92
03EB
FB2A
00F1
01B8
FB67
0534
FD1B
00DE
034A
FD27
044B
FFC5
00B2
02F5
FFB3
0209
015C
00C1
0143
017E
003F
0163
0110
0009
01C3
0038
00CA
0149
0093
00DC
0187
00B1
00F9
0244
FFC8
0275
012B
0027
030E
FF6A
01AE
014C
FF86
016A
0006
FF8B
003B
FFF7
FDD7
0125
FDB8
FE27
0192
FA88
01F9
FD9C
FC45
035A
F9A2
01FC
FF22
FBF2
0404
FB9F
0168
00F8
FD9E
0324
FF0E
00EF
01D0
004A
0182
01B0
00F5
0163
021E
0050
0215
0117
0070
01C0
001B
0088
0098
FFE1
FF82
0069
FEA4
FF4F
FFF0
FD47
0053
FDF7
FE15
FFFF
FD14
FF6E
FED0
FE2A
FF4C
FF7C
FE3F
003B
001C
FDD4
0325
FDC6
0104
0310
FC7A
05C3
FE7F
00B7
0527
FC43
05BA
FFD3
FFD2
04D3
FD5A
033D
0090
FF27
022B
FEEB
0010
0016
FF20
FF03
FFDF
FE32
FEFA
FF74
FD8B
FFBC
FE50
FE68
FF71
FE6B
FEDB
FF5D
FEE0
FEB3
0036
FE0A
FFBF
FFB4
FDBE
00C4
FDFE
FEF7
FFC6
FDCE
FF42
FEF5
FE27
FEB1
FFC6
FCE1
0088
FEC9
FD25
030E
FBA0
01D4
00F8
FC44
05A9
FC6E
0216
031F
FCB9
05C8
FE8A
015C
0382
FE5C
0377
007A
008D
0206
0069
00B5
015C
0092
0047
01E8
FFA6
015D
0151
FFF3
0221
009A
0119
01B5
011A
010B
01EA
00DF
00E2
022B
FF82
01BC
0090
FF5B
0185
FED6
FFDE
FFEC
FEBD
FEFD
FFBF
FDD9
FEE3
0015
FBF4
0196
FD47
FDA0
0294
FA1C
02BC
FE44
FC86
0413
FA3D
020C
FF83
FC28
031B
FBEE
0008
FFCE
FCF5
005C
FE1E
FE68
FF2F
FEBC
FE1A
FFD5
FE7D
FEC3
008B
FE1C
00A4
FFF8
FF78
014D
0025
00C0
0157
0117
00CC
0242
00B1
0173
0254
FFF4
0281
00C4
0084
01CF
FFFB
0079
00BB
FFC0
FF36
0131
FD84
001B
0019
FBC3
02C0
FBA4
FEEA
0169
F99A
0381
FC10
FDFE
02AD
FA49
0304
FE55
FE4A
02DC
FD75
01C7
00BD
FFD4
01C6
00FF
00A9
01B9
0184
0044
02B3
0041
0132
021E
FFA4
0214
0097
0076
016D
0082
0093
0139
00BC
005E
0209
FFFF
0182
01B8
001B
026E
00CE
0114
01D2
0109
0090
01F1
003C
FFE8
029D
FD3D
021E
FFC2
FCC3
03DC
FAB8
0117
001F
FA90
03F1
FABD
FFAD
00D2
FAE0
0292
FCE8
FECA
00BF
FD3B
003A
FF31
FEAE
FF74
FFA7
FE16
FFEA
FEFD
FDDE
007E
FD5A
FF3B
FF42
FD8C
FFC2
FE57
FEA9
FF5A
FF0C
FED9
001F
FF5B
FF87
012B
FF2E
0141
00EC
0039
01E5
00FF
0104
01DB
01A4
003E
0338
FFE7
0106
035E
FD24
044A
FEFB
FEBA
045D
FAAE
0362
FED1
FC88
03BE
FA78
0119
FF29
FC12
019E
FC86
FF0B
FF74
FDC4
FF4E
FF6F
FE98
FF8F
0073
FE5B
0181
FFC6
FFD2
0246
FF49
01F3
0149
008A
022A
0117
013B
01B5
0162
00A8
0200
005C
00B7
016A
FF5C
00E8
FFEF
FF51
FFE2
FF96
FE4B
FFC8
FEF1
FD1F
0154
FBF5
FF83
0035
FAAE
0360
FB9C
FF22
0254
FA49
044F
FD7F
FF1B
03AE
FC64
0389
0029
FFC1
0320
FFB4
01A9
01BA
00D7
0112
0233
0008
0190
01BE
FF47
02C2
FFB9
00AF
01F9
FF4F
01DB
00A6
0082
017E
00F5
00CD
019F
013E
00BA
0246
007E
0170
01A8
0056
015D
00DF
001A
0078
00DF
FE4A
0150
FEE3
FDDA
024B
FB23
014D
FF01
FB67
03B2
FA21
00B4
003B
FABC
03C0
FBA6
FFBA
010C
FC1B
01D8
FE1B
FECE
003D
FE64
FEEA
FFA2
FE71
FE5A
0029
FCF4
FFC1
FEE3
FD40
00C1
FD57
FF72
FFD3
FE3C
007C
FF85
FFC9
008E
008F
0029
0177
00CC
00BD
0211
0082
0196
0194
00E2
013C
01C9
0034
015E
01E2
FE9F
0390
FF0F
0048
03DB
FC50
04DA
FF71
FF23
0595
FC05
04AA
00E2
FEB3
0561
FDB6
02D7
01BC
FF27
02C2
FFE0
0057
00EC
0005
FF20
00F0
FE89
FF04
008C
FCC2
007B
FE28
FDAC
0049
FCEC
FF64
FED6
FE11
FF8B
FEEE
FEFF
FFB7
FFD3
FF4B
00DC
FFEC
005E
0153
0064
0127
018D
00FF
0107
02A8
FFBC
027A
01DD
FEC1
04C0
FDCE
01B9
02AF
FBEA
051E
FCC2
FFAC
02B9
FA83
034A
FD23
FDD6
018A
FB9B
0061
FE6B
FDA6
FF9F
FE88
FE46
FFAE
FF3E
FE34
0174
FE2C
006B
015A
FE52
02C4
FFB5
00C5
0264
FFDA
023B
014E
010A
01C4
016A
00E2
0183
0117
0055
0161
0007
0031
0067
FFA2
FF3D
0030
FE8F
FEB1
0090
FC2D
00E2
FE1B
FC92
0296
FA46
0151
FF4D
FB60
0433
FAF2
012B
0135
FC35
0426
FDD5
00D0
024E
FEE5
026E
010E
00C3
01C7
01E3
002D
02A4
0101
001F
0345
FEAF
01F4
00F5
FEA2
023C
FE69
0004
0024
FE42
FFCC
FECF
FE8B
FEE3
FECF
FE12
FF0A
FE86
FE4F
FF42
FEA3
FED4
FF93
FF6E
FEC3
0154
FEA4
007B
021F
FD7B
044F
FF16
005C
04DF
FC73
057B
001B
FF66
05B9
FC9D
0409
00E5
FE91
03CC
FE01
0100
00A1
FEAD
001C
FFB5
FE5C
FF56
FFA3
FCEC
00A9
FD84
FE0A
009C
FC1C
0094
FE6B
FDEF
00DF
FDCE
0025
FFEF
FF55
0096
0063
004C
00F4
012C
009E
01BC
0139
012F
01B9
0192
00C8
0211
0116
0000
0319
FE47
01C5
0134
FCD4
0420
FC24
003B
0199
FA69
03C5
FBF0
FE82
01B9
FA95
0201
FD93
FDDE
00E6
FD35
FFA1
FF74
FE8F
FF0F
0041
FDB7
0005
FFB4
FD1B
019C
FD08
FF35
003B
FC68
00E4
FDAA
FE64
FFEE
FD93
FF8D
FF05
FED8
FF8B
FFB4
FF62
0033
0058
000D
00F7
00E0
00B3
015F
01C1
002F
02E6
00AF
00A2
03EA
FDE5
03CC
00A3
FE5F
0520
FBDE
02C0
00AE
FC36
0450
FB96
006B
0073
FBDC
01A2
FD2B
FE72
FFA6
FDBC
FE9A
FF7A
FE27
FEA6
00AF
FD15
0133
FF8C
FE52
02DD
FDD7
01C8
0153
FF29
0327
FFEA
018C
0208
009C
01E6
0165
0116
014A
014E
0085
00F7
009E
0013
0027
0046
FEF3
FFE4
FFC2
FD63
0140
FCF8
FEBD
00DF
FAAB
027A
FC9D
FD9C
029A
F9F5
02DE
FE2B
FD6D
0380
FC0A
0228
0074
FEC0
02B3
FFC9
00F9
01D2
0112
009E
02ED
001E
017B
02EA
FE95
03AC
FFD4
0003
02F3
FDB8
0204
FFAD
FEB4
0124
FE13
FF99
FF37
FE63
FEF5
FEC1
FE58
FEA1
FECD
FE58
FED3
FF0A
FEB6
FF04
002D
FE32
00D8
000F
FE70
0372
FD9D
022F
0244
FD6C
05E7
FDDC
020F
03EB
FCF8
05B7
FEF1
00C5
039A
FDC6
02D7
000A
FF76
0122
FF84
FF0A
0048
FF12
FDE6
0119
FC90
FF9B
FF9A
FBF9
019B
FC8D
FEE3
0057
FC89
0119
FE63
FF17
00B4
FEED
0087
0066
004E
00CC
011B
00D3
013F
017C
013E
013C
01FB
00D0
014C
025B
FF16
0300
FFF0
FF5A
039B
FC34
02CA
FF80
FCC4
03EB
FAB4
0132
FFA3
FB6F
02A5
FBAE
FF47
FFD9
FC98
0046
FE81
FE76
FFAF
FFBF
FE37
0165
FF4F
FF47
02F3
FDB2
02D3
0100
FF2E
0440
FEC3
027F
020C
FFAD
032A
0035
0140
0190
0047
00EE
0090
001D
0009
0004
FF74
FF52
FF74
FEF4
FE62
FFD2
FD6F
FF0B
FF89
FC19
019D
FC92
FEAA
01A6
FAC7
035B
FDA4
FE83
03BF
FBA5
03AB
FFEB
FEFB
0403
FE6E
024E
01AB
0031
01FA
0192
0053
01C2
01C4
FF15
0379
FF3B
00AD
0306
FD8B
03A3
FFB2
FFE1
0358
FE5A
02AD
00F0
0033
0294
0055
018D
0182
00F9
0145
013B
00D8
00C3
00C9
0077
FFDB
008F
FF82
FEF8
00E7
FD20
0056
FF21
FC59
0246
FB34
FFE7
001D
FAB6
0357
FB9F
FF6B
0190
FB7A
030C
FE27
FF72
021C
FE94
0177
011D
005C
012C
0257
FFA4
02AC
01B6
FF5E
0481
FE94
0220
025E
FDE5
03DE
FE71
004F
0192
FD94
014A
FEB6
FED0
FFD8
FE3F
FF03
FED6
FE95
FEAD
FED8
FEBB
FEA5
FF10
FF25
FE45
0032
FE56
FEE3
00F3
FC74
01A9
FE49
FD7B
02B1
FAB8
01B3
FEC3
FBF3
0315
FACB
0078
FFA3
FC1C
01DF
FD43
FF54
005B
FEA6
FFE2
00D4
FF64
0065
0240
FE58
0357
0085
FFCF
0496
FE03
0388
0191
FF35
0442
FEB4
01E3
0174
FF14
01D9
FF6B
FFF1
0023
FF2C
FF67
FF39
FEED
FEC2
FEC7
FED2
FE24
FEFB
FEC0
FD97
007B
FD35
FF70
0096
FC46
030A
FD89
FFAE
032D
FC04
0482
FF38
FFB2
048D
FD7A
03C7
0120
FFF2
0368
0016
015E
01D0
00B0
0035
0255
FED6
00C0
0182
FCDC
02DF
FD82
FECA
01A8
FB52
01A0
FDA5
FD84
00E2
FC38
FFED
FE9E
FDF2
FFED
FE7C
FF60
FFA8
FF96
FFED
003A
0071
006B
00CB
015E
002F
0214
0105
0040
0388
FEB9
02CD
01BB
FE5A
0513
FD89
0224
028B
FD03
0502
FE1B
00F9
02F4
FDE9
034C
0044
0077
023F
00C7
00BB
024A
00E4
0043
038F
FE6E
0283
017E
FDE0
0435
FD41
00E4
0157
FC7E
0276
FD5B
FEF1
0048
FCDA
FFF3
FE29
FE39
FF23
FE45
FEC4
FEE7
FEF9
FF19
FF4C
FFD1
FF58
001E
00C5
FF11
023D
FFD6
006E
036F
FDFD
041B
00A4
FF99
0547
FD3C
03E0
0156
FE6A
04A2
FD9F
019A
0122
FE1C
0171
FF0D
FEE8
FFCB
FF49
FD8A
00AB
FDA0
FE0A
0147
FB3A
0181
FE34
FCF5
028B
FB6C
0118
FF6B
FD09
01F7
FD1D
FFD9
FFC2
FDE0
000E
FE83
FECD
FF11
FE9E
FEB5
FEB6
FECC
FEA5
FEA5
FF7F
FE31
FFB9
FFC9
FDF6
021F
FE0C
00A0
0240
FD35
0490
FEDF
00B7
044B
FD43
04CF
0040
0029
041D
FE92
028A
0127
FFCE
0165
009D
FF3D
00C6
002E
FD99
022B
FCE7
FF4C
00F2
FAFD
0255
FC9C
FDED
0160
FB10
0164
FE03
FDEA
0133
FD73
0084
FFD5
FF60
00DE
0027
00A0
00E8
00FB
0116
0118
018E
0108
0122
022B
FFD7
0264
00F8
FF95
03BC
FDF8
0275
018B
FDCA
04D8
FD8E
01D5
0298
FD98
047D
FF31
0112
02E3
FF74
024D
0175
0098
015B
0210
FF16
0261
0072
FE6E
0391
FC82
0158
0073
FC02
0323
FBED
FF8B
005C
FBC1
016F
FD37
FE93
0000
FD71
FFCD
FED3
FED2
FF72
FF13
FF2F
FF36
FF4E
FF2A
FED1
FFAC
FE53
FEF5
FFC9
FCDA
00BE
FD9A
FDE0
0164
FB35
01AA
FE5D
FD35
030C
FBD2
01DE
0052
FDFE
0345
FEB3
013E
01CC
002C
0169
020C
004A
017C
02B0
FE8B
03ED
FFD6
FFD8
0454
FCC4
03D2
0054
FEA2
047E
FD5D
02A6
0150
FF0A
0367
FF89
019C
01CA
0073
01E4
0121
0123
0143
0111
00E8
009E
00D0
004A
FFB3
00F3
FE79
0016
FFF1
FCFC
01AD
FC9E
FEF1
009B
FAF4
0225
FCA8
FE0E
0185
FB69
01A3
FE90
FE54
0184
FE80
0055
00E5
000F
0031
028B
FF22
0210
026F
FE4F
052A
FEC5
0188
03EA
FD17
04F7
FF1D
0009
0361
FD24
027C
FF66
FEC9
012A
FDFC
FFB3
FF19
FE6E
FF00
FE98
FE84
FE8B
FEAC
FEB3
FE5F
FF64
FEA7
FEC3
00AF
FDB2
0134
FFF3
FE6C
0388
FD8D
025A
01DF
FE28
0502
FE8E
020C
02F7
FEBE
03BA
0047
00C6
020D
0057
003E
018D
FFA3
FF4D
022B
FC9F
017E
FF5F
FC5A
0316
FAF0
0054
FFD4
FB20
0297
FBD4
FF38
005B
FC5D
0150
FE38
FF3E
0098
FF00
008A
0057
0062
00D1
00FA
010F
0113
017F
017E
00D0
026C
008D
014B
0293
FEC4
0347
FFB3
FF96
033E
FC95
0288
FF45
FD98
0288
FC1E
0061
FF47
FD0E
0043
FDEA
FE37
FF3E
FEC0
FD78
00DD
FD86
FEEA
01CE
FBCA
0332
FEB3
FEA3
0452
FC3F
03CE
00B4
FEF3
04C7
FE50
02DB
01E6
FFCE
0323
003F
0151
016C
0064
00D2
007C
001D
FFED
FFD5
FF9E
FEFE
FF8F
FF02
FE21
0041
FD36
FF5B
FFA0
FC4C
01C5
FCAB
FF09
010E
FB9B
0249
FD9F
FE7E
017A
FCA5
00B9
FF07
FE35
FFCE
FF04
FDEC
FFC2
FEE2
FCEE
01A8
FBFF
FFA2
0099
FB07
036D
FC68
FF5D
0274
FB9B
03BB
FEAC
FFAB
0338
FE2C
02D3
00E9
0088
0285
00AF
019E
0192
012F
013A
013E
00EB
00A5
00B3
0098
FF83
00BE
FF59
FEE0
010A
FCEC
0082
FEE6
FCB4
01D2
FB98
FFDF
FF88
FBEC
01D9
FCC7
FF43
0074
FDAD
00AC
FFD7
FF68
0094
0151
FED4
02BD
0074
FF83
04B2
FD63
03AD
01BA
FE0E
05D6
FD3D
029E
0262
FD99
048D
FE7E
011F
022F
FECB
0266
004A
00AC
0192
00B2
0129
0159
0136
012E
016D
015A
00F0
0163
0151
FFF6
0214
FF90
0030
01C5
FD48
021B
FE78
FE23
01E5
FBA1
00F3
FE78
FCEA
010B
FC96
FF3B
FF3F
FDDE
FF32
FFBF
FE24
FFDF
00CA
FD39
0327
FE7D
FFD7
03FD
FC5C
04D7
FFF7
FF72
0571
FD1A
0425
0147
FF41
0446
FEAD
01F1
013F
FF61
0173
FFA9
FFD4
FFF0
FF67
FF22
FF4F
FEF2
FEB3
FEDA
FEF8
FE1C
FF3A
FED3
FDB6
00A7
FD2D
FF9C
002A
FC88
0228
FD37
FF32
0130
FC36
019F
FE16
FE47
0084
FD79
FF25
FF35
FE26
FE54
003D
FCB3
0018
FFB1
FC3A
0352
FC39
0089
0234
FBC3
0504
FDDB
0095
03D4
FD25
046D
0007
007A
0361
FF46
025D
0124
008D
019D
00C9
00C0
0101
00DE
008E
00FD
00DD
009D
0100
0169
0019
0226
00D5
0065
0351
FEED
02D6
0177
FF23
041C
FE58
01C5
018E
FE35
0262
FECC
FF90
0062
FEB7
FEC6
FFFD
FDF6
FE3D
00BF
FB73
0119
FE2B
FC50
0316
FA6C
0180
FFDC
FBEA
043E
FC19
014D
01A2
FD76
03B3
FF18
011B
0246
FFF1
0236
014B
012E
01A4
0178
00FC
015E
0114
009A
00BD
00A4
FFBA
0035
0033
FE43
00ED
FE18
FEB7
00B5
FC19
010F
FDE6
FD8F
0144
FC19
0064
FEF9
FDAB
008A
FE56
FEE9
FFD1
FF20
FE16
0129
FD5D
FF3E
011A
FB20
02BC
FCCB
FDB4
0289
F9C4
028B
FDAF
FCD9
02D7
FB2A
017A
FF76
FDD1
022E
FE63
00CA
00F3
0006
0152
0125
00F7
016A
01A6
010F
01AF
017C
011E
013F
0195
0021
0163
00C9
FF09
022F
FE1C
003B
00B2
FCC2
01D3
FD52
FEA4
006A
FC6B
0027
FE41
FDEF
FF6D
FEB7
FE02
0011
FF08
FDE4
0279
FCCB
0174
0181
FCB1
056A
FD47
01B3
03B5
FCB5
05D7
FEEE
010D
040F
FDF7
03CD
0058
0041
0254
FF76
00E9
006D
FFB9
FFDA
FFE9
FEFD
FF50
FF41
FE80
FEE5
FED2
FE3D
FE90
FF38
FD60
FFDB
FE7B
FDEB
0148
FCF3
00EB
0013
FE10
02C8
FE6D
012B
01AA
FF7F
0227
0111
00AC
01AF
01EB
FF8B
0341
003C
FFF3
0455
FCDB
03E8
009E
FDF3
05A6
FC29
0332
01B3
FD77
0549
FDD5
020B
0279
FED0
037A
003A
0128
0201
0090
0136
013B
0093
0082
00E6
FFB3
0030
FFEF
FF43
FF54
FF8E
FE58
FF08
FF57
FD1A
004E
FD84
FE2D
0080
FC32
00DE
FE75
FE1A
0160
FDC2
0092
005A
FF71
00CD
0134
FFBD
01A6
01F5
FED9
0486
FF25
0157
0453
FCB8
05A8
FF26
FFB5
04EC
FBBC
0405
FF65
FE0E
0338
FC5C
00FD
FF61
FDA1
0068
FDF6
FEBF
FF0F
FE7F
FE7A
FF44
FE72
FECE
FF6E
FE86
FF4B
FF55
FEF0
FF16
FFEA
FE2A
FFCC
FF6C
FD86
010D
FD24
FF2F
FFF1
FC73
00DC
FD94
FE69
0012
FDAD
FF87
FF9B
FEDD
FF7B
0134
FE0D
01DA
00CB
FE38
04EC
FD57
02AC
02F4
FCF9
066B
FDBD
01C4
03DA
FCCD
0513
FEFC
0070
031B
FE3E
027A
0071
002E
01A7
0087
00C3
0160
010D
00BF
01F0
00BD
015B
01AB
00E3
0144
0176
009B
00C4
018D
FF0E
017D
FFCE
FEB2
01B4
FD3D
0048
FF6A
FD3D
0099
FD75
FEA1
FF3F
FE00
FE6B
FFAC
FDDF
FED5
00F0
FC4B
0257
FEBF
FE25
0457
FB97
03CB
00BD
FDCB
0612
FCC8
036D
025C
FE4C
0515
FEEC
01DA
024E
FF63
0224
005C
002F
00A1
001F
FF4A
002F
FF39
FED1
FFCA
FE51
FEF6
FF03
FE75
FE8D
FF58
FE08
FEFB
FFAD
FD4F
00C0
FE29
FEA5
00E6
FD0E
00B0
FEF2
FE3E
005B
FE43
FEDC
FF78
FEA1
FDE7
0095
FCCF
FF4B
005C
FB3B
02F9
FC6A
FECC
02CF
FA6B
0443
FE1A
FEB9
046B
FC22
03E5
0080
FF71
0409
FF21
025D
01CB
008D
0200
014B
00BF
0145
011E
FFDE
0147
FFCE
FFC6
0063
FF0C
FF71
FF75
FEC4
FE96
FFA8
FD84
FF3D
FF06
FD10
009F
FD3F
FF07
000E
FD63
00BA
FF07
FF44
009D
0009
FFA8
01A4
0061
FFD9
03BE
FE26
0339
020D
FE13
063F
FD43
02C1
0334
FC87
05F1
FD71
00CE
02D4
FC50
0319
FE41
FEE6
00EC
FD79
FFAB
FEE7
FE3F
FEC0
FF04
FDD6
FF12
FEDE
FDF9
FFDA
FE76
FF31
FFD9
FF4C
FFBC
008E
FFDF
004D
01BD
FF65
0237
0110
0030
033C
FFBB
0221
01E0
0038
0238
00EB
0083
0142
0106
FEE8
0232
FEB9
FF16
0269
FB41
028F
FE0B
FC8A
0373
F98E
01BC
FEB7
FB5F
034D
FAC9
0078
FFF3
FC8B
020B
FDF5
FFDD
00CB
FF59
00AA
00F7
005F
00F3
01D7
0033
0224
0150
00D2
0249
00C8
0155
0180
00DF
008F
017F
FFBC
0063
00F8
FE3C
0131
FEB8
FEB4
0078
FD64
FF94
FECB
FDF9
FEF2
FEFA
FD99
FF75
FF3B
FCDD
021D
FCB4
FFEE
01FD
FB71
04C8
FD9A
FFEC
047C
FBBC
055A
FF9E
FFC9
04F7
FDA9
03B7
0133
FFEE
0311
FFEB
0124
0136
0043
0021
00F0
FF2F
FFDB
0032
FE22
0029
FE90
FE7D
FF5C
FE32
FE84
FEF0
FE67
FE3A
FFC8
FDB3
FF8C
FFB0
FDF3
013B
FEBC
0000
011B
FF6D
0125
0115
007A
0129
0255
FF77
0314
013B
FF6A
0519
FD62
0341
0207
FCED
05EA
FC45
0186
022D
FB6B
0428
FCA4
FF3B
0134
FBEE
00F5
FDF0
FE07
FF8E
FE07
FE6F
FF39
FE94
FE70
003A
FE21
0001
001C
FEE3
0136
FFD2
0074
0133
00BB
00CF
01D1
00EB
0113
0282
FFFE
025B
0151
003B
027D
FFE3
00F7
010C
FFD9
000E
00BC
FEBA
FFA2
00AC
FC5F
01D3
FD56
FD83
0251
F9BB
0245
FDC3
FC07
03A3
F9E9
01E1
FF8C
FC6E
03A7
FCC4
012A
013C
FEA9
0251
004A
00BD
01A0
013B
0095
023E
00C5
00DC
026C
FFBA
01FA
0103
0038
01C6
005C
00BD
0123
00BF
005C
01C6
0036
0104
01FB
FFBB
026D
00DA
00C7
023E
0095
013B
019F
00BF
0049
0251
FEA8
013B
012D
FCC4
03A7
FC6B
FF8C
01E3
F9E9
03A3
FC04
FDC4
0247
F9BB
0250
FD80
FD58
01D5
FC5F
00AA
FF9F
FEBE
00BF
000F
FFD6
0109
00FB
FFE5
027F
0036
014F
025E
0000
0283
010F
00EC
01D4
00D0
00BA
012F
0077
FFD5
0137
FEE0
0018
0005
FE24
003C
FE6C
FE91
FF3C
FE71
FE07
FF89
FE05
FDF3
00F6
FBEE
0130
FF3C
FCA7
0429
FB6B
0229
0189
FC47
05EA
FCEC
0204
0345
FD62
0518
FF68
013A
0318
FF77
0254
0126
007C
011A
0124
FF6B
0118
0004
FEBF
013A
FDF1
FFAD
FF90
FDB5
FFC7
FE37
FE65
FEF4
FE84
FE31
FF5A
FE7D
FE94
0027
FE21
0030
FFDD
FF33
00EF
001F
0040
0139
0127
FFEA
030F
FFEB
0136
03B9
FDA8
04F4
FFC6
FFA1
055B
FBBC
047A
FFEB
FD9D
04C8
FB71
01FB
FFEE
FCB6
021D
FCDD
FF38
FF76
FD9B
FEFB
FEF3
FDF7
FECC
FF94
FD64
0078
FEB2
FEBA
0131
FE3D
00F6
0062
FFBF
017F
0090
00DC
017F
0157
00C9
024B
00CF
0150
0224
0034
01D8
00F1
0060
00F7
00AB
FF5A
00C9
FFE0
FDF5
020B
FC8A
FFF2
007A
FAC8
034D
FB5C
FEB7
01BF
F98E
0372
FC87
FE0D
0292
FB42
0268
FF12
FEBC
0234
FEE9
0103
013E
0087
00EE
0238
0034
01DC
0224
FFBD
033C
002C
010F
023A
FF66
01BD
0049
FFE0
0092
FFBD
FF4A
FFD5
FF34
FE79
FFDA
FDF6
FEDA
FF16
FDD8
FF05
FEBC
FE3B
FEEA
FFAD
FD7A
00E8
FEE5
FE44
031B
FC51
02D0
00CF
FD74
05F1
FC85
0331
02C3
FD43
063E
FE10
020A
033B
FE26
03BD
FFD7
0062
01A9
FFA8
0009
009C
FF47
FF0C
00B9
FD61
000B
FF09
FD41
009D
FD0C
FF02
FF3E
FD84
FFA6
FE94
FEC3
FF79
FF73
FF0D
0064
FFC9
FFD4
0148
FFDF
011D
0147
00C2
0146
01FA
0086
01C8
025A
FF1A
0403
FF6C
0083
03E9
FC27
0471
FEC1
FE29
0450
FA77
02D6
FED1
FC6E
02F5
FB2F
0046
FF30
FCB1
0072
FDC5
FE7F
FF64
FED8
FE55
008C
FE90
FF75
0166
FDFE
0212
0010
FFD9
02AD
FF78
0209
0182
00B4
0214
014E
0126
0198
0161
007E
01AB
0053
005A
00E4
FF8D
FFEF
FFFB
FF1F
FEE5
0053
FD42
FFED
FF4D
FC3D
0258
FB8F
FFB0
00E4
FA64
03E2
FBD1
FF03
0255
FA5E
035C
FD60
FE33
01FC
FC14
00D7
FED3
FDF5
FFCF
FE92
FE25
FF61
FEC5
FD90
00AA
FD42
FF67
0044
FD31
01A1
FE98
FFB6
016B
FEFC
017F
00B8
009C
0182
0154
00F9
01C5
0183
00E7
0215
00DA
011D
0166
00B0
0052
0146
FFA0
FFB7
0183
FD08
01A0
FEB7
FD08
02E2
FA67
0146
FF16
FAFE
03A8
FA44
005D
004C
FB38
031C
FCC4
FFBF
0143
FDE7
0182
0039
0009
012B
0168
FFD4
026E
00EF
0031
037B
FF0A
0273
0199
FF6B
032A
FF7E
0140
0189
FFD0
0182
00AD
0090
010B
0118
0074
0181
0108
00D2
01BD
0109
0119
01AB
014B
005C
029D
FF94
010B
024A
FD40
03AD
FE0F
FEF7
0324
FA6C
0335
FDA5
FCCF
0312
F9F7
0175
FE72
FC50
01CB
FC4C
FFA1
FFA0
FE11
FFE7
FFE9
FEF6
0054
00FE
FE9B
02A3
FFBC
0073
0328
FEBB
0338
0102
006A
032E
FFE2
01F2
0168
0071
014D
00B0
002D
0068
0038
FF48
000D
FF3D
FEF3
FF4D
FF07
FE2F
FF7B
FE94
FDA1
00EB
FC55
0018
FFD2
FBBE
0356
FBA1
FFF9
018F
FA8C
040A
FC49
FEE4
0216
FAE6
023B
FDB2
FDDE
00C8
FCFB
FF51
FF16
FE2D
FEB4
FFFA
FD91
000C
FFF1
FD99
0261
FE18
0091
01E1
FE53
030B
0003
00E1
027F
002A
0218
0172
0118
018E
016C
00C4
0134
00F2
003C
00BA
0038
FFA5
FFF2
FFFF
FE21
009C
FE35
FE09
0141
FB3E
0137
FE2E
FC1C
031C
FA25
015D
FFAA
FB98
041B
FBCC
0109
0176
FD3D
0357
FF29
00AC
020D
0041
012C
0208
00A3
00FF
02D9
FF05
02E1
00F1
FF6B
03AC
FE5D
020B
0159
FEFE
02D5
FF7E
0111
018C
002B
0189
0126
00FB
0159
018A
00EE
018B
0159
00F0
0120
0153
000C
0100
00DA
FE6F
0239
FDD8
FF80
0182
FB2B
02D5
FCD3
FDAD
0286
F9BD
0282
FDAC
FCCA
02BA
FB20
0119
FF3E
FD63
012D
FE1A
FF21
FFD3
FEEE
FE59
008C
FDA8
FEF8
0064
FC17
0142
FD89
FDE5
010E
FC18
00B4
FEB5
FE1B
00F0
FE46
0032
0035
FFBF
00A7
00BF
0097
0112
015F
00FC
0178
019F
012C
014B
0236
FFF1
0243
011C
FF19
03B4
FD77
01A1
0151
FC1B
0440
FBE9
FFDB
0183
FA6C
0315
FC4B
FE2A
011B
FB72
00BD
FE38
FDF7
0000
FEC6
FEB6
0060
FF95
FED1
0264
FE34
018C
01CA
FE5A
041C
FF1F
0174
02D8
FEEB
034D
005F
00D3
0229
0018
0167
00FD
00A2
00E4
0100
008F
00DD
0109
00C6
00CA
0199
0087
0125
025B
FF40
0356
0072
0005
046A
FD23
03D1
0099
FDE5
050E
FBCF
023E
0098
FC48
035B
FC3E
FFAD
0012
FCA4
0025
FE34
FE01
FF13
FF01
FD5C
0072
FE4A
FE36
01DD
FC9D
01C5
0001
FE43
036E
FE0F
01EE
01A1
FF6A
0312
0048
017D
01F5
00D3
019D
015E
0104
0105
010F
0087
0067
0085
FFFA
FF57
00B0
FE31
FFAC
0005
FC6D
01C6
FC8F
FE7A
014A
FA40
02AD
FCD2
FD92
02B6
FA8B
0288
FEC6
FDDE
02F5
FD77
0176
00F8
FFA7
019C
0162
004F
01E7
020C
FF79
03F0
FFB9
0127
036F
FDD6
03C5
FF9F
FF90
02C2
FD7A
0181
FF7A
FE76
0098
FE25
FF34
FF0E
FE7A
FECA
FED4
FE94
FEAE
FEF0
FEE1
FE8F
FF8E
FECD
FE8C
00BD
FD2F
0093
FF81
FCCF
02C5
FBAF
0053
0070
FAE7
0361
FB7D
FF1B
0114
FAD4
0241
FD3D
FE6F
0109
FD79
005B
0009
FF56
003C
0180
FEEC
0214
0142
FF10
0458
FE92
0245
02A9
FE56
0475
FF2E
0131
029A
FEC1
029D
002E
006D
0199
0021
0104
00F4
00CB
00F7
0132
011F
010C
0175
0182
0093
026C
0076
00E4
02D3
FE2F
033C
FFB2
FEBB
03C7
FBA5
0279
FF63
FC6F
036E
FB05
0093
FFA0
FBFD
01A2
FCE9
FEDB
FFC2
FDEC
FF03
FFCD
FE35
FF0C
00BB
FCA7
017B
FE80
FDA3
0249
FB9B
010C
FF0A
FCAD
01C3
FC4B
FF9C
FF5B
FD36
0040
FE22
FF00
FF91
FEFE
FF9E
FFD7
FFEE
0020
007B
00D2
0064
016D
0154
003C
0321
FFCB
01E7
02DD
FE4E
04C6
FEEF
00B5
03D0
FC3F
0452
FEA1
FEB6
0333
FBCB
01CD
FEE8
FD8A
00DD
FD78
FEBD
FF3C
FE39
FDE9
0043
FD0A
FF46
0063
FC1F
0289
FD96
FF47
028B
FC96
033F
FF93
FFB5
0349
FEC4
0290
0146
008F
026D
00D0
0179
017A
0115
0111
00FC
00CD
0062
005C
008E
FF05
0097
FF40
FE3C
0152
FC5D
0056
FF37
FBD2
0292
FB19
FFCC
0052
FAEE
0315
FC58
FF61
0188
FCA8
0235
FF56
FFAF
019B
0046
005A
0207
00BF
003B
03A4
FE9F
02D2
01EC
FE6F
04E6
FE17
01E0
027B
FDCD
03EF
FF00
00C0
0241
FEF9
0236
0089
00B0
01A8
00CF
0148
015B
014F
0145
0140
0182
00BC
012A
0171
FF57
021A
FF4A
FF7C
021B
FC51
0220
FE69
FD2D
02BB
FAA1
0149
FED2
FC0B
0273
FBAE
FFF0
FFC3
FD0B
00AD
FE91
FEAE
FFC9
FF74
FDD5
010A
FE05
FE6B
0198
FB73
019D
FE31
FCD2
024C
FB18
00B6
FF07
FCAE
01B1
FCF9
FFE4
0006
FE65
00DC
FF9D
0033
00C0
0092
00E3
0115
014D
0139
013B
0206
0099
01F2
01C3
FFA3
0374
FF00
012D
0263
FCEC
03DD
FDC7
FF42
0281
FB31
0281
FDC5
FD90
0176
FBED
FFF7
FEB7
FD8F
FF65
FEEA
FDE1
FFC9
FF97
FD6C
0269
FD8F
005A
025E
FCBF
0460
FEE2
005F
03EE
FDA8
03F5
007D
003E
0355
FF57
0221
0127
0065
0198
009A
00D2
00E3
00CB
00C7
00B7
0128
00A9
00D3
01F5
FFBF
026D
0121
FFDA
0416
FE5F
02DD
01E8
FE0E
04F6
FD7A
0184
0201
FCB5
034C
FDB4
FF4C
00DC
FD36
FFE7
FEF6
FE0F
FEDA
FFA7
FCD6
0056
FEA9
FCEE
025D
FB9E
00C0
0022
FBEF
0343
FC35
FFEC
00C8
FC2C
01CD
FD7E
FEBC
0008
FD57
FF93
FE7E
FE6B
FF05
FEAC
FEDB
FF02
FF48
FF5E
FF49
006E
FF64
0055
0174
FECA
02E9
FFF5
005A
03EE
FDBD
041F
00B0
FF57
04F0
FD6F
0330
0154
FEB2
03B1
FEDD
0131
0193
FFD5
0102
01A2
FFE8
012E
027D
FE78
03FC
0005
0023
04B4
FD2E
043A
00AF
FEE0
0493
FD3D
0247
00AA
FE19
0229
FDFF
FFCC
FFBC
FE32
FF7D
FEA3
FE9F
FEC9
FEB1
FEB1
FE9C
FF0D
FECE
FE82
000F
FDE0
FFC4
FFDD
FD1E
01F9
FD08
FF6C
011B
FB6C
028B
FCF1
FE34
0182
FB39
0147
FE07
FDA2
00AC
FD8A
FF48
FFC8
FEEB
FF0D
0171
FE19
011F
019D
FD9F
04A2
FE67
0156
03E5
FD3E
0549
FF97
00A7
0420
FDFF
036E
006A
FFD8
023E
FF0F
00BE
0017
FF59
FFD1
FF4B
FF14
FEF5
FEED
FECA
FE4B
FF24
FE3D
FE33
FFFB
FCDF
0047
FEF1
FD5B
0271
FC75
0147
00D9
FD36
0429
FDD3
0174
0286
FE76
039D
0055
00FF
0270
00E1
00EC
025B
008C
004C
0338
FDB5
0296
0072
FD61
040B
FBCE
0115
0073
FB99
02E8
FBFB
FF34
002C
FC03
00CE
FD92
FE77
FFB5
FE07
FF80
FF43
FF4A
FFBC
FFF0
0015
002F
00B7
00D7
004D
0211
005C
0146
02B9
FF15
03C0
0052
0057
041D
FD8C
0391
005A
FEB2
039F
FD2C
015F
0030
FDDB
00F0
FE72
FE97
FF75
FECB
FD58
0093
FD14
FE52
0115
FAF4
0243
FDB3
FD96
033F
FB2B
02C1
FFB3
FE05
03F1
FD97
0243
0175
FF85
0305
004D
018C
01D3
00F5
0189
0156
0114
00FB
00F3
00C3
0022
00AA
000B
FF11
0111
FDDF
FFDA
FFF2
FC70
01BE
FC7C
FEB8
00A4
FB20
01CA
FD28
FE1B
0139
FC90
00DC
FF6A
FEDF
00C3
0045
FF76
0191
00ED
FF2B
0409
FE77
0221
0310
FD66
05A6
FE6D
0125
03F6
FCD3
04A7
FF4D
0005
0353
FE10
028B
0082
000F
0206
0037
0138
0148
0108
013C
016C
0146
012D
0163
016C
0074
01C6
0070
FFFC
0225
FDFD
0183
FFD0
FD83
0282
FC26
0049
FFCC
FC0A
01D0
FC98
FEED
FFF9
FD0C
FFE6
FEEB
FE56
FF5C
FFF4
FD53
0117
FEAB
FD99
02A9
FB3E
0172
FF6B
FBB1
0371
FAD5
003B
0009
FB4F
0259
FC65
FF27
005A
FD1C
00DF
FEED
FF78
0088
FFD0
006E
00C2
00C2
00DC
013B
0146
00FA
018A
0195
0058
0295
0033
00F5
02AF
FE59
0355
FFDD
FFB3
03A1
FD88
0302
00AB
FF3E
0378
FF14
01C2
01C5
0057
0192
01FB
002F
01AE
0251
FE6E
0402
FEF8
FFEC
03AC
FBA4
03BC
FE7F
FDA6
035B
FAC8
01A4
FEA8
FC95
019F
FC1B
FF87
FF0A
FD71
FFD3
FE64
FEF1
FF73
FF52
FF74
0005
0006
001D
008F
00EE
0047
018D
0143
0036
032B
FFAC
020B
0282
FEC4
0442
FF2B
00FF
02D5
FDB2
02F2
FF42
FF4E
0166
FE36
FFBE
FFAB
FE78
FE82
0047
FC98
FFD8
FF4C
FBB2
02A7
FB6E
FFA2
0135
FAB4
03E9
FCBE
FF7D
02CA
FC31
0397
FF54
FFF1
0304
FF17
025B
014B
00D8
0204
0142
0140
017C
0147
00D7
011A
00C4
0044
0060
007D
FEE1
00A3
FF0C
FE5F
0117
FC8C
005E
FEF6
FCA9
01B9
FC1A
FFBA
FFBF
FCAC
0124
FDD9
FEE9
0002
FE98
FEDE
0042
FE5B
FEB5
013D
FBEC
0181
FE78
FC79
0317
FA41
0128
FF58
FB3E
036E
FB2B
0049
008E
FC5C
029A
FE08
001A
015A
FF20
0183
00B9
00C0
015B
0154
00FE
0186
0163
010F
0158
0166
00A2
0144
0168
FF9E
026E
FFBD
0080
02A0
FE21
0333
0020
FFDC
039E
FE7A
02C7
0158
0000
02CF
0087
0101
01CB
00FA
FFCC
02BA
FEC8
0081
0235
FC13
0387
FD6F
FE31
02E0
F9F5
0296
FD96
FC9B
0277
FAA8
00DA
FEB8
FCF9
0141
FD65
FFC0
FFE3
FEF6
0048
0029
000F
009D
00F8
0086
0150
0148
0118
0167
01E9
00A0
0209
0191
FFED
0329
FF26
014E
01C6
FDD1
02D6
FE44
FF80
012C
FD0F
00AC
FEA4
FE2F
FF8A
FEB0
FDD7
FFC2
FE96
FD4D
01BD
FBE9
006C
0051
FB59
03EA
FB9E
FFE0
01BC
FA97
0398
FC93
FE9C
0190
FB73
0150
FDEB
FDF1
002D
FD84
FF38
FF09
FEAA
FF29
FF9B
FF17
FFD1
0028
FFC9
0088
00C5
0075
00FD
01CB
0008
0287
0119
006B
0398
FF05
02B3
0186
FF24
0379
FEB8
010F
0129
FE9E
00ED
FF86
FEDA
FFA2
FFAE
FD2A
00C8
FDB7
FD6D
01D7
FA6F
0195
FE6B
FBE5
03BF
FA6C
01A2
004F
FC3D
0439
FCED
014A
01DB
FE54
031E
FFFC
0108
01FD
00A7
016A
018D
0105
0115
019C
008E
0132
011B
0099
00D7
013C
0031
010B
017F
FF64
02B3
FFFD
00B2
0307
FEB0
0348
00BE
0038
0346
FF63
01E6
0157
000F
0108
0109
FF2B
00B0
009F
FD2B
028A
FCE8
FEE5
01BD
FA10
02FD
FC8B
FD3A
02A1
F9B1
0246
FDFE
FD07
0295
FC21
0129
FFF3
FE93
01B3
FF91
009F
0129
00C6
00E1
01BF
00F6
0150
01E4
00E8
0192
017B
00F2
00F2
019D
FFB5
012F
00A7
FE9B
01FB
FDEF
FFD5
0074
FCD2
0118
FDAB
FE5B
FFE0
FD56
FF0B
FEFC
FE1E
FE9D
003D
FD03
00C3
FFAE
FD1D
03DD
FC5A
01CA
0233
FC60
05FD
FD7C
01B1
03F2
FD0C
0571
FF6F
00F0
039A
FEAF
02D0
00A1
002A
0167
0002
FFF4
0044
FFA5
FF0F
FFFF
FE94
FF07
FF39
FE63
FEC6
FF09
FE4E
FEA4
FFA7
FD6B
0022
FEBF
FDF0
013A
FD07
004D
FF9F
FD98
010B
FDF2
FF1D
FFAE
FE57
FEA2
FFBC
FDC4
FE8E
007C
FBAD
0194
FDDB
FD28
0348
FA7E
02B1
FFA8
FCC3
051E
FBEC
02AE
01BD
FDD0
04BD
FEBA
01CE
0269
FFA4
028B
00E9
00E3
017C
0120
0071
017C
00AD
0069
0186
002F
00F4
011D
00A7
00D3
01AE
0067
015E
020E
FFA8
030C
0061
00C7
02EB
FEF4
0274
0091
FFB7
01AD
FF6D
FFDD
0052
FF53
FE71
00F9
FD0D
FF63
0050
FB0A
02A6
FBF5
FE37
021C
F99D
035E
FD22
FDB4
035D
FB12
02D8
FF7F
FE81
0330
FE66
01C5
015B
0049
01E8
0161
0104
01B4
01B6
009A
0222
00C1
00CC
0173
0020
0083
007D
FFBD
FF7A
0073
FE33
FFCC
FF74
FD5C
00C8
FD44
FEE8
FFCD
FCFE
0031
FE5A
FE72
FFA5
FEEA
FE61
0034
FEC8
FE16
01D2
FC14
0103
FFB9
FBA7
03C2
FABE
003E
00BF
FA2A
03BA
FB6C
FF06
0155
FB24
0249
FDD2
FEDC
0149
FE3C
00CF
0067
0011
00DA
0159
0057
01AE
0186
009B
0265
00DB
0160
01C5
00E9
0101
0172
005D
0062
0169
FEAB
011B
FF99
FE67
012B
FD6F
FFA8
FF48
FD93
FF95
FE5A
FE15
FF06
FF09
FD38
00D9
FDC1
FE85
0242
FB86
033D
FF1F
FDFB
0537
FB9A
0402
0127
FDE9
05E0
FD55
02ED
0244
FEAB
03EF
FF95
0134
01D7
001B
0125
0131
005F
00C4
0183
FFC7
01AC
00D8
0065
01F1
008E
013F
0192
011C
00F9
0214
0078
0141
01F3
FF4C
024E
FFDA
FFD3
018C
FE66
007C
FF94
FE9E
FF6F
FF4D
FDC0
FF6F
FF09
FC81
019A
FC0C
FF26
011A
FA77
03BE
FC86
FED4
0367
FAB0
045F
FEB8
FEFE
044D
FD25
035B
0102
FFEA
033A
003F
01A1
01D8
0107
0101
01E6
0035
00EA
0143
FF2F
012B
FF83
FF5A
0020
FEDA
FF0C
FF57
FEAB
FE5A
FFC4
FD8B
FF40
FF3F
FD5D
0080
FDDB
FEFA
FFED
FE16
FFA6
FF6D
FEA9
FF31
0039
FD39
00BA
FECA
FCEC
0295
FAE3
00D4
FFB6
FAC5
03F7
FA93
0020
011B
FAB7
03D7
FCB9
FFB7
0215
FD2F
0290
FFDB
0037
01F4
0094
0114
01E2
0133
00F3
0292
003D
01D5
019D
0008
01F7
002C
0065
00BB
FFDE
FF93
003E
FF0A
FEEF
0029
FD7E
FFC3
FEB1
FDA2
FFFC
FD88
FED2
FF28
FE44
FED0
FFDF
FE42
FF93
0107
FD21
02F9
FED9
FF5A
046F
FC13
04C9
0062
FEB1
0646
FC74
0444
01B9
FE57
0540
FE04
020A
01B7
FEBF
0201
FF98
FFAF
003D
FF8B
FEA5
0017
FE75
FE6E
FFEB
FD34
FF77
FE8D
FDD8
FF82
FE3A
FEC1
FF52
FF18
FEE1
0078
FF12
0009
0128
FF0D
01E2
0071
007C
0211
0085
0147
01C8
0105
00AD
02D4
FF4D
0203
021B
FDD9
04E6
FDD5
0122
03A5
FBD5
05B7
FE3D
001E
04BA
FC3F
04DC
0009
FFD4
0436
FE99
02B0
0164
0038
01E4
00D6
0039
0104
008D
FF11
0149
FEA7
FF70
003B
FDA8
0006
FE7E
FE57
FF4D
FE65
FE7A
FF26
FEAE
FE53
0000
FDF6
FF78
FFAA
FE08
0055
FEB1
FEF4
FFB2
FEED
FE7E
FFEF
FE52
FE1E
00F9
FBC7
00DD
FEBC
FBFE
035B
FA7D
0122
0071
FB25
04C8
FBD0
00F8
024E
FC88
0460
FED6
00D2
02DC
FF67
0270
016D
00EC
01B0
01DD
0041
0206
0105
FFCD
024E
FF05
00BB
0091
FEA4
009E
FEF1
FEFD
FF66
FECE
FE50
FF4E
FE46
FE33
FF9F
FD73
FF62
FEF4
FE35
FFE1
FF08
FF27
0025
001F
FEF4
0231
FF2A
0097
0340
FD58
04CE
FFCB
FFD2
05B5
FC3E
0520
00B2
FE81
05C2
FC7B
030F
0106
FDCB
0328
FDD8
001C
003E
FE42
FF7D
FF4D
FE27
FED0
FF6C
FD12
FFFD
FE12
FDF8
0052
FD46
FFEF
FF4F
FEA8
006A
FF84
FFE0
0098
008B
001B
01C1
006D
0116
0215
004F
021E
0160
00F5
01AF
0181
004A
01CE
00F2
FF0E
0325
FD9D
00F7
016C
FBA0
0404
FBF0
FF22
01FF
F9A1
0359
FC41
FD9D
01FB
FA88
0190
FE23
FDBB
0128
FDD8
FFF5
0038
FF8F
0009
016C
FF83
014A
01B2
FF6C
030F
0022
0129
0278
FFC8
0243
00F5
00B1
018A
00DC
0092
0145
00CE
003C
01C5
0006
010D
0167
0042
017F
013F
00BD
015F
0209
FFB2
02EF
00B0
FFC8
044C
FD28
0347
00E0
FD1F
0536
FB68
01B7
00F5
FB2D
03EB
FB90
FF6D
0092
FB81
012E
FD6E
FE2D
FFB8
FE06
FEC0
FFB4
FEC5
FEF4
010A
FE1A
0125
007F
FF09
02AB
FF56
0177
01D1
0025
0244
0120
012D
01B3
016E
00BD
01C0
00C8
006F
017B
FFA9
007F
0045
FF63
FF91
FFFA
FE47
FF58
FFC9
FC78
015F
FCD7
FE0E
01A2
FA1D
02B0
FD54
FD19
03A3
FA31
02F9
FF5B
FD5C
0441
FCD2
0235
0160
FF14
02F9
0061
0121
01FB
0155
00A8
02A7
0065
00FA
0290
FEC6
0273
0007
FF66
01D3
FE3C
0072
FF9B
FE88
FFB2
FEC3
FE84
FEF0
FEC4
FDFB
FF53
FE35
FE82
FF5D
FE61
FF23
FF94
FF1D
FF48
0117
FE62
015F
0109
FE39
0489
FDE8
0224
0368
FCED
0665
FE44
0160
0493
FC78
054E
FF27
FFCF
036B
FD57
01F0
FFC3
FEBF
0074
FF15
FE88
FFA7
FEED
FD9D
009B
FD16
FF1D
FFDC
FCA8
00F5
FDC8
FEBE
004A
FDB0
0007
FF14
FECD
FF89
FF35
FEB7
FF67
FF0E
FE64
FF8F
FE59
FEAD
FF14
FE87
FE5E
FF92
FE37
FEA2
00CA
FCB1
01AF
FF2D
FDE3
041E
FBFE
032D
0144
FD64
0637
FCEB
030A
02EF
FDBE
0575
FEE1
0192
02C2
FF08
023F
008E
FFF6
00B2
008D
FE9F
00E7
FF20
FE26
0140
FCAC
FFFD
FF18
FCE9
00B1
FD17
FEF2
FF58
FDC2
FF9A
FEEC
FEF7
FF9B
FFD0
FF54
0087
0034
0024
0134
00A5
00D9
018F
0155
0089
02EE
0008
01A0
02FE
FE0F
0493
FF09
FFFF
0433
FB7D
0441
FEA5
FDBD
03E7
FAAE
0209
FEDF
FC94
01E3
FC37
FF61
FF36
FD7F
FF32
FF15
FE09
FF52
FFEF
FD84
018C
FEAB
FF6E
0235
FDE1
027B
0067
FFF4
02E1
FFC0
01FC
019F
00D4
01D9
0163
0102
015B
0142
0061
012E
005E
000D
0056
FFF8
FF01
0028
FF18
FDFA
0118
FC57
FFF3
FF8B
FB5C
02E3
FB28
FF85
012C
FA45
03EB
FC5E
FF34
02AB
FBC2
0363
FF24
FF97
02C2
FF2D
01B0
0196
00BE
0146
027D
FFF4
023E
01E5
FF41
03B1
FF07
0119
01FE
FE05
0253
FEE6
FF67
00B1
FE14
FFC7
FEF5
FE7E
FEE8
FECA
FE36
FECA
FEBA
FE44
FF0E
FEE2
FEAE
FF5E
FFD2
FE5E
0140
FF3D
FF6F
02FC
FD43
037B
00A2
FEB0
05C1
FCCA
03F1
021D
FDD9
061D
FD82
026A
0278
FDDB
038F
FEFA
0019
011A
FEF5
FF90
0027
FE87
FEB7
0070
FC88
005B
FE6E
FCF5
014A
FC16
FFE5
FF59
FD24
0124
FDF6
FFB2
0054
FF19
009D
005E
0057
00D9
012C
00B4
0175
0168
0124
0179
01D1
00AD
01C2
01B9
FF67
0344
FEF0
009D
029B
FC38
03CF
FDB2
FE6A
031C
FA28
02C0
FDBE
FCB2
027D
FAC4
00A8
FEC3
FCE8
00BF
FDC7
FEF4
FFD7
FF2D
FEDB
0156
FEBE
0059
020E
FE04
0369
FFE0
005F
039C
FEAA
033A
011E
0058
02F2
0000
0197
013C
0062
00E2
0090
FFFE
0013
0002
FF48
FF78
FF60
FEBA
FEB7
FF90
FD48
FFA8
FEA0
FCCC
01A3
FBB0
002F
003E
FB6E
03FD
FC12
006F
027F
FBC8
04C9
FE4A
0067
0386
FDFC
0354
00CA
0075
025A
00F0
00A4
0209
00F5
FFE4
032D
FEB5
01CD
01D3
FE36
03D7
FEC5
0112
027A
FE9B
0313
0040
00D3
0247
0052
01B7
015B
0103
013E
0145
00B4
00D6
00CA
0046
0003
0087
FF29
FF7C
006D
FD16
00FB
FDF2
FD70
01D1
FA97
0164
FE5A
FBE5
0359
FA73
0143
0006
FC21
03A1
FCEF
00C3
0187
FE6D
0238
0082
007B
01AB
01A6
FFFD
0300
00B5
0070
03D8
FE4E
0322
0100
FEDF
03A4
FDDD
0156
00A6
FE11
0163
FE4E
FF44
FF8A
FE45
FEFD
FEBA
FE6F
FE8E
FEC4
FE77
FEA0
FF11
FEE3
FEA3
0063
FE4E
0031
00EF
FDB6
0367
FE7C
00A8
03AC
FCC7
0549
FF74
002A
0533
FCDF
04A4
009D
FF65
0423
FE44
01DC
00F5
FF3B
00C9
002C
FEBF
0006
FFE6
FD1A
0168
FD19
FE7E
00CE
FB4F
0167
FD7A
FDB1
0134
FC47
00AF
FF0D
FE71
00F8
FEE7
0053
0082
0037
00C8
0106
00EC
0121
0172
0166
010D
01FC
0123
00C4
02D3
FF1F
025B
0120
FE45
0412
FCD6
0153
014A
FB9E
03F3
FBEC
FF67
013B
FAD7
021F
FCF6
FE04
007B
FCC9
FF8C
FF1F
FE56
FF2C
0067
FDD1
0101
003D
FE21
0388
FDE6
01C1
0251
FE2B
0475
FF56
017D
0300
FF39
031B
00A7
00D3
01DF
003C
00E9
0098
002A
000A
FFF7
FF98
FF3D
FF67
FF3D
FE24
FFE1
FDDF
FE53
0056
FBD9
011C
FDD8
FD31
0298
FAD8
0212
FF65
FCD8
043B
FC2F
0211
0169
FE04
03DD
FF4A
0156
024B
0076
0186
023F
008D
0144
02CE
FE92
033C
0014
FF0C
0387
FCAF
01F8
FFD0
FD50
0245
FCAD
FFE0
FF82
FD40
002E
FDF2
FEB3
FF25
FE71
FEEF
FF02
FEF2
FEFB
FF2B
FF56
FEBC
FF9A
FF57
FE19
00DC
FD69
FF6F
0058
FBC6
0245
FC81
FE66
01AC
FA51
02A7
FD42
FDAD
0288
FB82
01EA
FF6B
FE70
0223
FF16
00AA
016C
009F
0075
02E5
FFB2
01E2
02E3
FE72
04A2
FF67
00C4
03AD
FD55
0396
FF81
FF3B
0269
FD85
00F9
FF61
FE67
0010
FE4B
FEDD
FED5
FE79
FE8C
FE9F
FEA7
FE7F
FECA
FF56
FE2F
002A
FF3E
FEA5
0224
FD93
01E8
0119
FDF8
04EE
FD9A
0261
02EB
FD79
0582
FE99
016A
034F
FE26
0367
003A
0049
01F1
005F
0041
01C8
0067
FFD6
033F
FE46
028D
01C3
FE65
04FD
FE4D
0230
02DD
FE36
0455
FF54
00F6
024B
FECC
01C7
FFD2
FFAB
0056
FF31
FF64
FF3A
FEFD
FED1
FEBB
FEFB
FE44
FED2
FF47
FD69
0071
FDEB
FE6B
0158
FBD7
01EA
FE6B
FD5D
030C
FB05
01B3
FF36
FC5E
02AE
FBCA
FFEB
FF9D
FCC9
0055
FE2D
FE48
FF6D
FF2F
FDB5
011B
FE51
FEFA
0271
FC99
0310
FFED
FED2
0485
FD7F
033D
019D
FF43
0435
FF5A
0212
01F3
0004
0221
0080
00AF
00D1
0038
0021
FFEF
FFCB
FF65
FF20
FFB1
FE19
FF55
FF1B
FCFF
00E5
FC96
FEF7
006E
FB45
028E
FCDA
FEBC
0266
FB81
033A
FEE4
FF0C
0345
FE03
0246
012F
001F
01FD
0177
0054
0214
01AD
FF43
03F9
FED4
0153
030D
FD28
048B
FED9
002C
039F
FD48
0392
0021
FFF3
0322
FF41
022B
014F
00A8
01EF
00FC
0135
013A
0109
00E0
009F
00D4
0010
FFF0
00C4
FE42
00A6
FF16
FD96
01A6
FBD0
0041
FF50
FB8B
029B
FB55
FFA6
0076
FB88
0284
FD54
FF56
0150
FE0E
011C
007F
FFE2
00EA
01E9
FF3A
02D2
012F
FF73
04D8
FE06
030D
024F
FDF9
0527
FDF1
017F
0233
FD70
02EA
FE77
FF90
00B9
FDE4
FFFD
FEC5
FE8E
FF03
FE84
FE8E
FE90
FEB2
FEA7
FE74
FF7E
FE5F
FF40
0057
FDAE
01D5
FEF1
FF6F
0323
FD18
03A4
0062
FF37
04FC
FDA4
0386
01C4
FF31
0432
FF56
0192
01D0
FFE2
00D4
0130
FF2D
0025
0126
FCD7
0217
FDE5
FDD4
0243
FAAC
01B7
FE3A
FC8B
026B
FB4E
009B
FF47
FD01
015E
FD7D
FF8D
FFB6
FE5A
FFC8
FF03
FF06
FF2C
FF05
FEED
FEBB
FF0D
FEAD
FE45
FFBB
FD7F
FF5F
FF82
FCD8
01D5
FD14
FFB1
01A2
FC3C
03A7
FE5A
FFE7
0379
FD6B
03A8
008A
0037
0344
0011
01AF
01FF
00E1
00B7
02C2
FF09
01A7
01BA
FD50
03E9
FD4A
FFDB
0216
FB27
02F6
FD18
FE0B
0177
FB5A
00DD
FDFD
FD9E
0045
FD62
FF69
FF22
FECA
FFAC
FF90
FFC2
0008
005C
008C
0055
0168
00AC
00BB
028E
FF6C
02BD
0144
FF7D
0456
FE17
02A0
01E6
FDF8
04A3
FE0B
0172
0254
FE1F
032E
FFDB
0085
0202
0089
00B3
0248
00A3
008E
03A7
FE4E
0356
0154
FE5D
051A
FCE8
0230
0189
FCA3
03DE
FCD8
FFF3
00CA
FC7E
0124
FDC2
FE82
FF9C
FDC9
FF1E
FEBE
FEA2
FEF0
FEFF
FEFE
FEF2
FF52
FF4A
FE98
0034
FE58
FF1D
0070
FCB1
0148
FDCF
FDD2
01A1
FB25
014C
FE43
FCD6
020A
FBE8
0075
FFA6
FDB7
0132
FF1B
FFA4
00DF
008B
FF63
02DB
FF8C
00EA
03BC
FD99
04D5
0022
FFD3
053C
FCDC
041C
00AF
FE9C
0422
FD5F
01A4
0073
FE27
0152
FE50
FF51
FF67
FE66
FEE8
FEB2
FE7E
FE82
FEA6
FEB2
FE5A
FF36
FEF5
FE61
00CB
FE06
006C
00EC
FDCC
0371
FE7B
00F6
0310
FDAC
0462
FFBC
009B
0395
FEBB
02CA
0114
003F
01D7
010D
FFF7
01D1
00F5
FF06
03C3
FE1D
01BF
02B1
FD14
056B
FE4E
0124
0414
FD0D
04F8
FFAC
0068
03AF
FE58
02B3
007C
FFD1
0188
FF70
0025
FFE7
FF5C
FF4A
FF3D
FEE5
FEA8
FECA
FED0
FDE7
FF59
FE34
FE01
0078
FCAB
0094
FF49
FD67
02D0
FCDB
015E
0139
FDC5
03CD
FECA
0147
026E
FF90
026C
016A
00C5
01B2
022D
FF68
0307
0074
FF3B
0423
FC91
029E
0072
FC94
0431
FB72
00B4
005E
FB80
0264
FC4A
FEE5
FFF3
FC90
0030
FE1E
FE8E
FF87
FEBF
FF53
FFA6
FFAD
FFD5
004B
0073
004B
0103
013A
0029
0292
0057
013B
0310
FECC
03CF
0053
0017
03E8
FDA6
02EC
0058
FEA7
0298
FDE9
004C
0007
FE59
FF5D
FF98
FDAE
FF1C
FFBF
FBEC
01A1
FCC8
FDFC
0208
FA59
02D2
FDFC
FD8E
03AF
FB85
02C6
0028
FE68
03BA
FE70
0207
01A6
0019
0275
00F1
0158
01A7
0144
0119
0154
00F6
00A9
00B4
00AB
FF9D
0081
FFDA
FE79
0126
FD6A
FF9A
FFF2
FC22
01A1
FC9B
FE8F
0094
FBAE
0139
FDDD
FE46
00C1
FDF9
FFEA
003F
FF70
FFD9
01F4
FE90
020F
01B5
FE3D
0546
FE10
0237
03AE
FD00
05FC
FE8A
00F7
03E9
FCED
03EC
FF40
FF73
0220
FDD2
00BD
FF5E
FEA8
FF9E
FEB6
FE9E
FED4
FEAA
FE56
FEC5
FEA9
FE71
FEE0
FF59
FE1E
0046
FF16
FECE
01E7
FDB8
01DD
00BE
FEB0
03F1
FE78
0230
0243
FF31
03A0
0045
013B
0235
00A7
00C7
0202
FFF3
0023
0284
FD0B
027A
FF4D
FD2A
03A5
FAAB
016F
FF7B
FB3C
0347
FADF
FFD8
FFFA
FBA6
01C5
FD19
FF16
0047
FE04
0068
FFA6
FFBE
0071
0089
0059
010B
0114
00ED
0161
0196
00F4
01AE
01E0
001B
02E1
001C
00BD
02AF
FDF9
02CA
FF71
FEE1
0258
FCEA
00F2
FF44
FDB9
0060
FDFF
FE6E
FF3E
FE84
FD7D
00A0
FCF2
FEFB
010A
FB4A
0326
FD78
FEA3
03BA
FB30
042B
FF7B
FEC5
04D8
FD31
037B
0163
FF9B
03CA
FFC6
01E9
01C6
0088
017F
00FC
007A
009B
008B
FFB0
0016
FFB4
FF33
FF3F
FF8D
FE1F
FF75
FEFB
FD65
00C0
FCE9
FF49
0003
FC55
01A5
FD60
FEE4
00D4
FCF2
00C0
FEDE
FE83
FFEA
FF11
FE2E
0006
FEC0
FD59
01AA
FBB9
0024
FFF8
FAF8
038B
FB4E
FFAD
01B1
FAC0
03FF
FD3E
FF92
02D3
FD02
0325
0000
003D
02A2
0013
01D2
019C
0125
017B
01B4
00E8
014D
0146
0081
00D6
00A6
FFEA
000C
0079
FE5E
008F
FEE1
FE01
010B
FC65
0010
FEEF
FCAA
012B
FCA2
FF3F
FFAA
FD78
0028
FF27
FEE3
0013
0085
FE62
025B
FF9A
FF95
0437
FCF7
0437
0114
FE84
0645
FCC8
03C4
022B
FDC7
0568
FDBA
01B1
01DB
FDEE
0255
FED8
FF90
003B
FEA7
FF38
FF34
FE92
FE94
FF18
FE12
FEC6
FEC6
FE62
FEC1
FF4C
FE69
FF6C
0009
FE16
018E
FEFF
FFDA
0255
FE23
02DF
007A
0018
0349
FF8B
0231
01C5
009E
01B5
01D3
000D
01A6
01A4
FE39
039B
FDF5
FFE9
02AF
FAEB
03BB
FD27
FDB0
02ED
F9D1
0239
FDC4
FCA2
0208
FB6F
0057
FF06
FD91
00A2
FE79
FF86
0015
FFBF
FFED
00E4
0038
00B4
016E
009A
016E
0182
0124
014E
0220
005D
01F7
018C
FF95
0306
FF03
00EE
0189
FDDD
0212
FE8E
FF22
0085
FDD5
FF62
FF28
FE1E
FE73
FFE8
FC86
0021
FEEC
FC3F
02E8
FB55
00BA
011F
FB4D
04F3
FC80
00CA
0324
FC5C
04E4
FF09
00B3
0388
FECA
0317
0112
00C4
0226
00E3
00F0
0156
00C4
0033
0121
FFAB
000B
0022
FF2A
FF66
FF7E
FE96
FEBF
FF96
FD33
FFCA
FE4F
FD71
00BA
FC91
FFEE
FF65
FD8E
013C
FE67
FFDA
00B8
FFAD
0042
01A0
FFE3
00DB
02EB
FE2D
0415
004E
FF7D
0571
FC6E
045F
010D
FDDC
05EA
FC6F
02EF
01C4
FDA9
0474
FE5B
0167
0205
FF4E
024D
00C8
00E2
019A
015B
00C4
01DD
0111
00C5
01CD
0054
00EA
00DA
0022
0005
0092
FEFF
FFAB
0017
FD75
00A8
FDDC
FE2F
0052
FC6B
000B
FE5A
FDC0
0005
FE1E
FEF0
FFCD
FF39
FEC3
01B4
FE2C
00E0
021F
FD20
04F6
FE70
00CE
04BF
FC3D
05EA
FF8A
FFEA
0554
FCBE
042F
0078
FF16
035E
FE2B
0122
0053
FEE3
002D
FF5A
FEBF
FF3F
FF20
FDF5
FF7D
FE2E
FE5A
FF33
FE20
FECE
FF1E
FEBC
FEDD
003B
FE61
005E
0065
FEA5
0260
FF22
0100
0213
FF66
02AF
00E2
00F9
0221
0152
00AE
0261
00CE
FFF4
0384
FD9B
025E
00E9
FCAD
04A0
FB77
00D4
0134
FA80
03F2
FB87
FF05
0138
FAEA
01F0
FD59
FE42
008B
FD58
FFC4
FF32
FEB1
FF4F
FFA1
FE74
FFA4
FF56
FE4B
FFFB
FE5E
FEDA
FF3F
FE6E
FE9C
FF30
FE4A
FE8A
FFD6
FD68
0031
FF0E
FE40
016B
FE16
00B3
00B2
FF53
01A0
00A5
0090
01A1
01B4
FFE0
036E
0031
00C1
043C
FD31
0490
0011
FE88
055D
FB59
035D
0024
FC90
0439
FB6B
00CC
FFF7
FC3F
016F
FD0E
FEB0
FF60
FDB8
FEDE
FF0B
FE60
FEEE
FFD8
FE47
0057
FFAE
FF64
0117
FFD9
00AD
0121
00CB
00C5
01FD
007E
0164
0232
FFAB
02CD
007B
0097
0276
FF78
01B8
00FA
0031
012D
0135
FFD0
01A3
015C
FEED
0418
FE93
01AB
0392
FCD8
05FA
FE91
00A4
04EF
FBE6
053B
FF33
FF14
03FC
FC6D
0240
FF8A
FE1C
0122
FDEB
FF1F
FF38
FE5B
FE5A
FF57
FDCC
FEB8
FF56
FD92
FFE9
FEA1
FEDE
000B
FF2A
FFBF
0067
0011
000B
01B6
FFB3
0192
01AF
FFDF
0307
005F
016F
024D
0059
01C7
0167
007A
00D6
01B2
FE87
01DD
FFC5
FDBF
0343
FB6E
013E
0001
FAF3
0408
FA88
FFF8
00D7
FA54
0354
FC14
FEEE
0126
FC18
014E
FE6E
FE9D
002E
FEA4
FEFC
FFA7
FED8
FE81
000F
FDB4
FF50
FF27
FDAD
FFC4
FE2C
FEA4
FF44
FEB9
FEC9
FFD5
FF05
FF51
00EF
FEA6
0146
0085
FFBE
0252
000A
016F
01D0
00E6
015C
0244
0071
017E
02A1
FE61
03D7
FF50
FF67
0413
FB50
03A4
FEE3
FCE0
0430
FA26
01CB
FF24
FBB6
02A3
FB7B
FFA5
FF83
FCCB
0058
FE44
FEB9
FFAB
FF62
FEE4
00BF
FF81
FFD8
01AA
FF3D
01BF
0105
0070
0229
00E0
0156
01C3
0158
00E0
022A
006D
0105
01C0
FF3E
01AC
FFD6
FF83
00C0
FEE5
FF62
FFAA
FEBC
FE43
0057
FCC8
FF81
FFA6
FB79
02A1
FBB2
FF23
01CE
FA26
0431
FCE0
FEE7
03AA
FB54
0416
FF67
FF55
03DB
FE61
029C
0176
006E
023F
0156
00DC
01C8
016E
000A
0255
FFBF
008C
0154
FEB4
00FE
FF5B
FF12
FFE0
FECD
FEB5
FF35
FE93
FE15
FFA4
FD85
FEFD
FF31
FD9C
0004
FE86
FEFB
FFF4
FF73
FF4C
0109
FFB6
FFCA
02E9
FDF0
0335
0137
FE8C
05EC
FD02
038A
02AC
FD25
067E
FD32
01FC
02EE
FCBF
042B
FE38
FFCE
0179
FDAD
006A
FF28
FE76
FF19
FF34
FD97
FF6D
FE8B
FD83
0043
FD45
FF52
FF87
FE00
0063
FF22
FF98
0066
002D
0005
014C
0080
009A
0223
0004
01EF
016F
008D
020B
00F9
00D6
018C
013C
FFC6
02BB
FF72
00A4
031B
FD0C
0467
FF55
FF58
0545
FBE0
04DE
0093
FE89
05F6
FCDB
039A
01B9
FEA2
041D
FEE4
0137
0160
FF63
0094
0054
FF16
FFA1
001A
FD99
005A
FE42
FDFC
0029
FCF3
FF72
FEAD
FDE5
FF8B
FE8D
FED7
FF84
FF73
FF05
00B4
FF6E
002D
0147
FFA1
0194
00FD
00BE
01A3
01A1
0095
0241
018B
FFC9
03FC
FE8B
01F7
0276
FCAE
0511
FCF4
0019
02E4
FA6F
040B
FCD6
FE11
024C
FAB5
0198
FE05
FD76
00BC
FD44
FF39
FF55
FE83
FED6
0012
FE03
FFA4
FFE9
FD83
0107
FE00
FEF0
002E
FD71
FFE4
FE94
FE54
FF36
FE97
FE60
FF2B
FED0
FE5E
0009
FE70
FF9D
001E
FF21
0086
006E
0014
00DE
01AF
FF7F
02E2
00C7
0003
04AA
FDA7
03E5
019C
FDF3
0620
FC63
02BE
0204
FC3C
04F4
FC8D
0057
0162
FC33
01BB
FDD2
FE66
FFC4
FDE4
FE71
FF3A
FE24
FE30
0029
FD21
001C
FF6C
FDF4
019B
FE50
0082
00F2
FF60
019C
0098
00C7
0170
014F
00C3
01E9
0115
00E0
0210
0062
015D
0148
008C
00E2
0173
FFE9
0123
01BB
FE90
039A
FF30
007F
0423
FCA4
0534
FFCA
FF72
05D4
FC2D
04B3
00C8
FE72
04F8
FD23
021D
00DF
FE2C
01B0
FEBE
FF30
FFC9
FEF0
FE22
0010
FDD0
FE75
002C
FC91
0078
FE4F
FDF7
00B0
FD65
FFE4
FF51
FE7A
FFD6
FF0F
FEEB
FF66
FF3C
FE6B
FFB0
FE76
FEA1
FF55
FE2F
FEC6
FF0D
FE6F
FE76
0028
FD5B
0049
FFEC
FD1B
0372
FCE0
0132
0291
FC38
05D5
FDDD
0124
0485
FC97
059A
FF9F
006F
0430
FE3D
02F0
00D6
FFDE
0198
0035
FF9D
00A7
FFD2
FE60
0137
FD87
FF62
FFF4
FC96
00BE
FD71
FE51
FFCF
FD35
FF96
FEBA
FE97
FF83
FF68
FF2B
0023
0015
FFB7
0129
0037
00C5
015A
00EF
00D9
0211
00AA
00F9
02F8
FEA9
0367
009E
FF09
04F8
FC8D
0377
014F
FD3B
05E4
FC7B
028B
026D
FD47
0513
FE9D
0174
02CF
FF42
02A7
0123
00B3
0192
0189
FFAE
0203
003F
FF40
024D
FDA5
00DE
FFDA
FD8B
012F
FD70
FF26
FF67
FDAC
FF60
FE8F
FE77
FEF8
FF0A
FE6B
FF79
FF00
FEC9
FFB1
FEF9
FF04
FF92
FF32
FE45
008D
FD91
FF1B
0075
FB8D
0224
FCBA
FDDD
024B
F9DA
02EF
FDAD
FD27
03B8
FAE8
02AB
FFE7
FDFA
039F
FE3E
01A3
01A5
000B
01C9
01A6
0085
01A9
0214
FF6D
0330
0004
007B
02F6
FE59
02B0
0062
FFC0
0288
FF50
0180
0124
0066
0182
012B
00F0
0173
0186
00D2
01C9
0120
00EF
0152
0106
001A
0143
002D
FF02
020D
FD33
00B2
0028
FBD7
0339
FB59
FF91
0113
FA09
038A
FBDA
FE8D
01DF
FAD2
024D
FDE7
FE33
0135
FD78
FFD2
FF90
FE94
FEFC
0018
FD7B
FFBB
FF61
FCC6
014C
FCC4
FF05
0025
FC71
010F
FDFC
FEDD
008C
FE56
006F
0000
FFE7
00A6
00D3
007D
0141
0151
00EC
01B4
0176
011F
019D
01D2
0011
029C
003B
0007
032C
FD0A
02D9
FF9D
FD4E
040A
FAC9
01B3
FFAF
FB4A
037D
FAE1
FFD8
0004
FB95
0185
FD38
FEAA
0007
FE45
FF48
0048
FF11
FFA5
01BE
FE2D
024D
00A0
FF5A
03D4
FEB5
0288
01EF
FF9F
0374
000C
0182
01D3
003F
0161
00BC
004E
0068
0056
FF7E
FFE6
FF89
FF02
FF1F
FF4E
FE0F
FF1B
FF19
FCDD
00E2
FCC3
FEB5
0104
FAFC
02F6
FD42
FE66
0384
FAF9
03F4
FF4D
FE91
049F
FD1B
0323
0153
FF7C
0346
0032
0135
01E2
00FA
0061
0293
FFB1
0103
0273
FE2B
035A
FFA6
0005
032E
FE34
02C7
00B9
000B
02C3
FFF6
01B6
0186
00D7
0180
0153
00E2
0111
0113
0065
0099
007C
FFCB
FFB4
0074
FE0D
0048
FF17
FD17
01C1
FB9F
FFF0
FFD3
FAD9
0342
FB36
FF77
0172
FAAD
03A8
FD2A
FF51
0282
FD10
0287
0022
FFF5
0206
00C6
00A4
022F
013C
0045
039E
FF2C
023E
0233
FE7A
03F2
FEAD
00BE
01E2
FDBB
01E8
FECC
FF18
004B
FE1E
FF57
FEDB
FE73
FEAD
FEC4
FE52
FEA5
FED8
FEA1
FEB6
FF9B
FEA4
FF63
00C0
FDD3
021C
FF71
FF44
03ED
FCED
03E5
00F7
FE8E
05FD
FD00
03AB
023A
FE13
0546
FE3D
01B2
0211
FE91
01F2
FFD7
FF6D
0041
FFE9
FDF8
00BF
FE45
FDE1
0139
FBAF
0094
FE92
FCA0
01A2
FC24
FFF0
FF9C
FD6A
0123
FE77
FFD5
007F
FF99
00A7
00B1
00A6
00F8
0154
011C
0148
01AD
0162
00F6
027B
001C
01AB
020A
FE6D
03B3
FE5D
001E
02BB
FB76
03A1
FD80
FDF7
02D1
FA5D
0213
FE0E
FCE7
01C4
FC12
FFE3
FF3C
FDC9
FFA1
FF4F
FE2A
FFB4
FFD0
FD38
01AE
FD7C
FEF2
0147
FBC2
01C9
FDC2
FDD7
0133
FC1B
0057
FE8A
FDC4
0027
FDF7
FF4A
FF67
FF14
FFA4
FFEA
FFE1
002D
009B
00B2
0080
019A
00EE
00BB
02F7
FF6F
02D3
01BE
FF04
04EE
FDC9
0258
025A
FCB3
0506
FCF8
0065
0225
FBA8
02D2
FD86
FE6F
00BD
FCE1
FF79
FEE2
FDF0
FE9E
FFB6
FD01
0016
FF3D
FD12
0271
FCCE
00AE
014A
FD37
039A
FE99
00E1
028B
FEED
02FB
00B2
010A
0240
00C5
0196
0166
0113
0109
0105
00AF
0056
007A
0045
FF1A
00BF
FEA0
FEF2
00D0
FC2A
0143
FDD3
FD02
023F
FA58
016F
FEA1
FBF9
0346
FB29
0101
0055
FCF3
02D4
FE4F
0070
017E
FFC9
00FC
01DC
0054
0136
02ED
FEDE
03B2
00B4
FFD1
046D
FDB0
030D
00F2
FE75
0367
FDC2
00E0
0066
FE02
00C8
FE60
FEF3
FF38
FE5A
FEB2
FEA6
FE80
FE7E
FEAE
FEE5
FE64
FF67
FF56
FE53
0159
FE2F
0080
01B4
FD6A
042B
FEA0
00B1
0416
FCCD
0524
FFB0
FFFF
04AE
FD71
0399
00D2
FF8D
02F4
FF9E
00EE
0173
0073
0023
0278
FF36
0164
0270
FE14
0461
FF4B
00D2
03E7
FDBC
0429
003C
0019
0364
FE95
0216
0084
FF87
0125
FF4F
FFC7
FFA1
FF22
FF0E
FEF7
FED3
FE7E
FE9C
FEFD
FDAC
FF80
FE71
FDBB
0122
FC7F
00CA
FFF8
FCDD
03DF
FCA0
0183
022F
FCE5
0518
FE5C
0159
0368
FE65
03C4
00AD
00C7
026E
00CF
0097
01F7
0063
FF96
02BA
FD77
0171
005A
FCB3
030A
FC20
FFD8
0068
FBB3
01D4
FCE6
FEAA
0030
FCEC
002C
FE81
FEA7
FF9E
FEC0
FF34
FF41
FF30
FF23
FF1E
FF63
FEA5
FF22
FF7E
FD81
0068
FDC4
FE28
0100
FB74
0186
FE13
FD1E
02F2
FB1D
0207
FFCE
FD41
03DE
FD47
01B1
01A6
FF0A
02C2
00B8
00E1
0204
01B2
0012
0342
0035
008C
03A8
FD6C
037A
FFEB
FE64
03AF
FC46
01AA
FFBA
FD1C
01D7
FCD6
FF76
FF4F
FD68
FF9D
FE23
FE88
FEED
FEA1
FEE2
FF0F
FF51
FF52
FF77
006F
FF3A
00D3
00EB
FF18
0339
FF15
0193
0315
FDE7
051B
FF40
00ED
0454
FD20
0481
FFCB
FF8E
0362
FDBA
019A
0025
FEC0
0051
FF89
FE2F
FFC4
FF3F
FCC2
0171
FC50
FEDC
00AB
FAE3
0268
FCDD
FE59
01F7
FBCC
0241
FEFC
FEF7
024C
FE91
019E
00E3
005B
01C0
00EA
013F
0161
014D
0142
0121
0177
00D7
00DD
01D9
FF80
020E
00AA
FF56
0390
FDE3
0278
01A6
FDFC
051D
FDE0
022F
02F2
FDEA
04C0
FF5D
0121
02CF
FF39
01EA
00E9
FFE4
0083
011B
FE0A
0146
FF52
FD52
0281
FB89
007C
FFB9
FB6F
02B9
FBAE
FF73
0068
FBEC
01B2
FD8B
FEEF
005D
FDC7
0015
FF07
FEEF
FF76
FEFE
FF02
FEF5
FEFD
FED1
FE77
FF58
FE0D
FEC4
FFB2
FCE5
00EC
FDF0
FE5C
0206
FBF9
028B
FF56
FE3F
041E
FCE6
02ED
0153
FEEB
0419
FF6A
01D3
023D
0078
0190
020D
0025
0133
0242
FDFA
0338
FEFD
FEDA
0330
FB79
025F
FEB8
FCDC
0290
FB47
006D
FEF8
FC99
00E6
FD00
FF17
FF54
FE19
FFB3
FF24
FF68
FFD4
FFF8
002C
0043
00DA
00B8
0081
021D
FFF8
01E0
01FA
FF38
040F
FF1A
017A
0326
FD75
0493
FEFB
0041
0392
FD4E
035F
0022
FFBC
02C3
FF99
0148
01B4
00BB
00BA
02F1
FF65
0230
026B
FE26
04DB
FE52
00F1
0332
FC40
0406
FE17
FEF4
0245
FC08
016A
FE66
FDE2
0063
FD5B
FF3C
FECF
FE51
FF0D
FECC
FED8
FEF7
FF25
FF2E
FED1
FFBF
FEDF
FECD
0081
FD43
007F
FEF3
FD1F
01F3
FBB2
0042
FF93
FBB6
0277
FBF9
FF7F
0082
FC70
01A5
FE77
FF47
00EB
FF99
FFE9
01A3
0024
0036
0374
FE42
036F
0192
FEC1
05A1
FD91
02F9
026E
FD9E
04EA
FDEF
010D
01E0
FD88
021A
FE9C
FF39
002B
FE2D
FF55
FEC9
FE82
FEAC
FE9D
FE89
FE74
FED6
FEDE
FE49
000E
FE67
FF6B
0104
FD8F
0274
FF46
FF90
039F
FD58
03A8
00BA
FF58
0486
FE50
02BA
01BA
FF8F
02C7
0066
00A2
0192
00F5
FF8B
02CB
FF4E
0089
0346
FD1B
045B
FFB7
FF82
050D
FCD4
043F
0100
FF19
04C7
FE29
028E
0174
FF38
026C
FF6A
0064
006B
FF56
FFBF
FF6B
FF15
FEF6
FEF5
FEDB
FE5D
FF13
FEAB
FDF0
0034
FD49
FF89
FFE3
FC9D
021D
FD02
FF58
014F
FBC9
0260
FD9E
FE65
014B
FC62
0068
FEAE
FDDC
FF7C
FEC0
FDBE
FFB1
FEF3
FD26
0208
FC89
0054
0170
FBFD
047C
FD87
0083
0398
FCB3
04BF
FF92
006D
03D1
FE97
030F
00F7
006C
0243
004F
012A
0114
00B2
00CB
00E9
00BD
00AA
00F2
011C
004F
01D6
00BE
008E
02FD
FF1A
02E1
0168
FF4A
046D
FE25
024D
01C6
FDEC
038A
FE20
0039
0102
FDCF
0064
FF26
FE55
FF28
FF98
FCDA
008F
FE21
FD1A
023F
FAF2
0149
FF69
FBD6
03BA
FB3C
00B8
0091
FBD7
02D3
FCC5
FF5F
0061
FCE8
006A
FE33
FE79
FF47
FE53
FEBC
FEE8
FECC
FED8
FF39
FF55
FF28
FFE4
0026
FF28
01AB
FF8F
0099
0296
FE7D
03AC
005D
004D
0448
FE2D
0397
0123
FF8C
0393
FEF3
015F
011C
FF6A
0064
008F
FE8F
FFE2
0065
FC6E
01FC
FCF9
FE02
01E3
FA0A
025A
FD5F
FCCE
02D2
FA90
01BE
FF14
FD50
02A2
FD62
0108
00BC
FF4A
01C7
0067
00F5
016E
0137
0138
019D
0168
0141
016F
0183
008E
0185
00EB
FF90
023C
FE79
009C
00DF
FCF6
0256
FD2D
FEFA
00D6
FBC5
0124
FD9E
FDDD
0031
FD46
FF18
FF53
FE70
FECA
00DD
FD78
00FE
00B0
FD4B
046C
FD54
019E
033A
FCB6
05DC
FE95
012D
0449
FD75
0498
000C
005B
031D
FEDF
01D3
0077
FFBC
00A8
FFAE
FF7E
FF98
FF4C
FED2
FF19
FED2
FE6D
FEB1
FF00
FD9D
FFA0
FE4F
FDEC
00EF
FCAF
00CA
FFA8
FD9C
02E8
FD7F
014D
017B
FE89
031C
FFE8
0108
022C
00CA
0113
0277
008E
00E1
0360
FE00
0382
0061
FE44
04BF
FBBD
0272
0069
FC0F
03F9
FB6C
003C
0032
FBB2
01A4
FCCC
FE9F
FFAA
FD46
FF8D
FEB5
FEBB
FF65
FF7A
FF4D
0008
001F
000C
0098
00E9
0064
013F
0194
FFF2
02DC
003B
0100
0317
FE86
037D
004A
FFE1
037F
FE3A
026B
00E6
FF83
0251
0014
00A5
0192
00EE
FFF6
0321
FF70
016C
0361
FD7C
0526
FF3A
001D
04E1
FBFC
0496
FF80
FE62
040D
FC04
01F1
FF84
FD74
0169
FD39
FF42
FF17
FDE1
FEF3
FE9B
FE53
FEBD
FF00
FE83
FF4C
FF50
FF38
FFAA
005A
FF46
00EF
00BE
FF66
02F1
FF40
01B9
0280
FED6
041F
FFCA
0138
030B
FF07
02B1
00A7
0024
0162
0061
FF56
0106
FF99
FE0C
0237
FC22
0067
0017
FAF2
0362
FB02
FF3E
0122
FA12
0335
FC5D
FE9D
01D0
FBF5
0216
FEF4
FF3B
01B0
FF38
0113
00FF
00AE
012E
0193
00F3
0186
01AA
010D
0188
0179
00D8
010F
018B
FF77
01AA
FFF6
FF08
0200
FD41
00CD
FF8A
FD1F
0177
FCC5
FF37
FF76
FD1C
FFA4
FE7F
FE1B
FF30
FF8C
FD59
0147
FE84
FE82
032E
FBFE
0354
004D
FDDE
05C4
FC6F
0396
0227
FDEF
05BB
FE36
0252
029E
FECE
034D
FFE1
00A4
0154
FFBE
0045
0032
FF79
FF60
FFC4
FE99
FF26
FEFC
FE6D
FEA1
FF02
FDF6
FED2
FF4D
FD3D
009B
FDFA
FEC9
013D
FD0C
01D0
FF79
FF2B
0277
FED7
01A1
015B
005E
01A1
01EA
004F
0212
0236
FEEF
0470
FEE3
00EB
03BF
FC01
04D2
FE37
FEB3
03DE
FAA9
02F4
FE5C
FD13
0250
FB8D
004A
FECE
FD2F
0019
FDCB
FEB8
FF2C
FEC1
FEE0
FFCE
FF20
FFA0
0066
FFA4
008F
00C1
0085
00D4
01D0
0037
01FD
01BD
FFF1
038A
FFAB
01B6
026D
FED7
031B
FFA1
0038
0198
FEDE
005B
000B
FEE6
FF1A
006B
FCE1
0053
FEF3
FC1B
0299
FADD
001C
005F
FA6F
03FC
FB77
FFB4
0209
FB42
03D3
FE07
FFC7
02B8
FE1B
028E
00B3
0090
021F
0107
0140
01CE
0162
00F2
01FB
009B
010B
012C
0038
0070
0080
FF8A
FFA0
0061
FDE3
005C
FEC1
FDC1
00E6
FC99
FFCF
FF1F
FD20
00A7
FDA9
FEF4
FFAA
FE78
FEE6
001D
FE3A
FF10
00FF
FC24
01F2
FE14
FD31
0319
FA0F
01FF
FEB1
FB89
03A6
FA3F
00D8
FFC9
FBCD
02BA
FCC6
FFF8
00BE
FE2F
0156
FFF9
003B
011B
0103
0092
01D1
012B
0102
022E
00D6
018A
0196
00F8
00F0
018F
0008
00BA
0126
FE7E
01A4
FEC5
FEFE
0101
FCF6
006D
FE90
FDC9
FFE0
FDCC
FE74
FF2A
FE73
FDE1
00BB
FD23
FFCD
010A
FC11
03F2
FD7D
FFF1
03FC
FB97
0564
FF26
FFA9
0536
FCC3
0459
00C5
FF87
03F3
FEE5
0202
0159
0010
0182
00D9
0066
010F
0117
0010
01BA
0087
00CA
01B2
00A3
014D
018D
010E
0107
0230
0016
01C7
0179
FF5B
02B3
FF0E
0085
0131
FE22
0110
FEF3
FEC5
FFB7
FEC1
FE07
FFB5
FE2F
FD72
0131
FB85
0092
FF72
FB93
03EA
FB27
00EB
01AF
FB5B
0527
FD0E
00D3
0342
FD25
044F
FFD1
00C7
0312
FFD7
0231
0186
00E6
015F
018A
0033
0136
00BD
FF87
010D
FF48
FF9E
FFDF
FEEC
FEFA
FF70
FE6C
FE90
FFC0
FD35
FFE0
FE9E
FDAF
00B7
FD3D
FFB3
FF88
FDFE
0020
FEF9
FEB9
FFA1
FF8E
FD99
010A
FDB9
FE3D
01B5
FAB2
0225
FDC5
FC68
0374
F9B3
0205
FF22
FBEC
03F8
FB90
0158
00E8
FD8F
0319
FF07
00EB
01CF
004D
0187
01B7
00FD
016B
0225
0055
0219
0119
0070
01BE
0018
0085
0094
FFDE
FF7F
0067
FEA3
FF4F
FFF0
FD47
0054
FDF8
FE15
0000
FD14
FF6E
FED0
FE2A
FF4C
FF7C
FE40
003D
001E
FDD7
0328
FDC9
0106
0312
FC7B
05C2
FE7D
00B3
0522
FC3C
05B3
FFCC
FFCC
04CF
FD58
033E
0095
FF2F
0236
FEF8
0020
0025
FF2E
FF0D
FFE4
FE30
FEF0
FF60
FD6F
FF99
FE27
FE3E
FF49
FE4C
FECB
FF63
FF03
FEFB
00AA
FEB0
009E
00CF
FF16
025A
FFD0
0101
0201
0031
01C3
0189
00C2
0145
0248
FF45
02C4
00D3
FEF5
04A1
FCF3
02E7
01CE
FCE1
0614
FCAE
0234
0324
FCAE
05B4
FE75
014A
0378
FE5B
037D
0083
0096
0208
005B
008E
0113
001D
FF9E
0104
FE81
FFF5
FFA5
FE04
FFF4
FE36
FE88
FF04
FE57
FE46
FF32
FE47
FE79
0002
FDA8
003D
FF76
FEAF
014A
FF0F
0088
0103
0039
00D3
01E3
003C
0176
02C7
FEB4
0455
FFF5
002E
04F8
FC4B
04AF
FFF6
FDF6
0540
FB2A
02BE
0001
FC78
0347
FBFF
0006
FFC2
FCE5
004F
FE17
FE68
FF37
FEC9
FE28
FFDE
FE7A
FEAB
0055
FDC0
0019
FF36
FE7A
000D
FEA2
FEFA
FF50
FED6
FE58
FFA6
FDFA
FEAF
FF94
FD48
FFF9
FE72
FE77
0014
FEA0
FF86
0037
FFAF
FF97
0203
FEC0
01B9
020D
FE00
0537
FE45
01A4
042C
FC55
0626
FE91
004F
04C7
FC25
049E
FFAB
FF5E
03B2
FE12
0233
00FE
FFF5
01CF
00F9
009B
01AA
0178
0040
02B6
004B
0140
022B
FFAA
020A
0076
0034
0101
FFE4
FFBC
0023
FF64
FEC2
002A
FDE1
FF2D
FF34
FD73
FFB0
FE09
FE58
FF31
FE93
FE55
0001
FEA4
FEB4
01D4
FCE5
0239
0050
FDBF
053F
FC78
0328
0273
FD16
069A
FD78
026A
0381
FD75
04FF
FF25
00CE
0285
FEC1
017F
0037
FF79
0009
000C
FE53
0006
FEFF
FDCE
0062
FD38
FF18
FF22
FD71
FFAD
FE49
FEA2
FF59
FF10
FEE0
0028
FF65
FF90
0132
FF34
0144
00EE
0039
01E4
00FE
0103
01DB
01A5
003F
0339
FFE9
0108
035E
FD23
0447
FEF6
FEB3
0455
FAA4
0358
FEC8
FC82
03BB
FA7B
0123
FF3A
FC2A
01BD
FCA9
FF2E
FF94
FDDC
FF58
FF64
FE71
FF43
FFFD
FDB2
00A0
FEA8
FE75
00A8
FD6C
FFDA
FEF9
FE0E
FF8B
FE61
FE7E
FEFF
FEC4
FE33
FFC3
FE67
FF17
002B
FE87
0083
FFFC
FFD2
00D3
00EF
0005
01D6
0145
FFA9
0403
FEB8
024A
02EF
FD4D
05D5
FDDE
0129
0419
FBCA
058B
FE7A
FFD8
0435
FCBC
03BB
0040
FFC4
0318
FFA9
01A0
01B8
00DD
0120
0246
001C
019E
01C1
FF34
0290
FF60
0027
013B
FE56
00A2
FF2C
FEC9
FF8A
FECB
FE75
FF23
FEAB
FE1B
FFA9
FDF0
FEFC
FF5B
FE39
FF77
FF36
FEB1
FF50
FFF6
FD9B
00D5
FE96
FDB1
023E
FB29
015E
FF15
FB79
03BE
FA25
00B0
0032
FAB1
03BB
FBAD
FFD7
0147
FC7E
026D
FEE8
FFDA
018C
FFF7
00C1
01B9
00C2
00DB
02D0
FFB4
0289
01A3
FFE7
033E
FF9A
016B
0174
FF7A
0150
FFE8
FFB9
000B
FF9D
FED0
FFC0
FEC3
FE71
FF90
FDDD
FEDD
FED7
FE32
FEA5
FF57
FDF2
FF54
0015
FD12
0244
FE02
FF77
0340
FBE6
0499
FF52
FF1E
05A3
FC20
04CB
0106
FED5
057E
FDCC
02E6
01C5
FF29
02BF
FFD8
004D
00E2
FFFC
FF18
00E9
FE85
FF01
008B
FCC2
007C
FE2A
FDAD
0049
FCEB
FF63
FED4
FE10
FF8B
FEEF
FF01
FFBC
FFDA
FF54
00E6
FFF7
0067
015A
0066
0124
0184
00EF
00F0
028A
FF9A
0256
01BC
FEA7
04B5
FDD7
01DE
02F7
FC5D
05C3
FD9E
00C4
0410
FC1A
0522
FF36
001F
0401
FE35
0313
0125
005A
023D
0100
0088
01AC
00E9
FF81
0259
FEA4
0071
00ED
FD74
017B
FE09
FEC0
0013
FD4C
FF80
FE78
FE29
FEEC
FEAD
FE4F
FF2C
FF09
FE9D
0009
FF17
FFAF
0055
0002
000B
0168
002A
00A5
02D1
FEAD
0393
00EC
FF70
0570
FD0B
03EE
01B3
FD7F
05FD
FC5D
022C
01C7
FC55
03D4
FD13
FFA4
00C1
FD01
0040
FEA5
FE2E
FF17
FF27
FD76
0000
FE7C
FDC6
011F
FCC5
0049
FF8B
FD79
0150
FDB6
FF85
FFD2
FE15
FFBC
FED4
FE9E
FEFF
FEEF
FE30
FF25
FE9B
FE5D
FF4B
FEA7
FED3
FF90
FF6A
FEC1
0154
FEA6
007E
0223
FD80
0452
FF15
0056
04D3
FC60
0562
FFFD
FF45
0599
FC82
03FA
00E7
FEAD
040A
FE67
0196
016D
FFB5
0162
013C
0023
015A
01DF
FF57
033B
002F
00C2
0352
FEC0
0317
00BC
0000
02A1
FF36
0129
0087
FF7C
004A
FFA5
FF21
FF62
FF3E
FE5E
FF39
FE84
FE59
FED4
FEB0
FDFC
FF6D
FEAB
FDDD
014B
FCD9
00C1
009F
FCB1
046F
FCE3
0163
0322
FC49
05EF
FE56
0115
0468
FD51
04BA
003A
0066
0343
FF5D
018E
0121
FFF9
0037
0129
FE65
007F
0001
FD45
01AB
FD05
FF28
002B
FC5B
00DC
FDAB
FE6D
FFFB
FDA1
FF95
FF00
FEBD
FF51
FF53
FED1
FF6A
FF51
FEC5
FF6B
FF12
FEA6
FF18
FF4A
FD92
0031
FDEF
FDE8
0144
FB65
0182
FE9D
FCAC
03CB
FAF0
023F
009F
FC9A
0524
FCD6
020E
026F
FE25
0429
FFE1
0145
0284
0095
015A
0211
0085
00BC
0270
FE78
022E
0019
FE6E
0289
FD13
009A
FFC1
FD3D
00EE
FD70
FEE1
FF3C
FDC2
FF0E
FEA0
FE76
FEE0
FF28
FEB1
FF7F
FF8C
FF6D
FFF2
0083
FFA0
00FD
0140
FF3D
036A
FF64
015E
03A3
FD82
0552
FF64
0043
0510
FC2A
04C5
FFB9
FE97
0440
FC5B
0208
FFE3
FDC2
014C
FE03
FEDE
FF6F
FE77
FDD9
0010
FD3D
FEA6
0034
FC0F
0166
FDDC
FE66
01BC
FCED
01AB
FFC6
FF3F
021C
FF71
0151
0140
00AE
0173
0162
010D
015A
017A
00EC
0142
014A
00C0
00D2
01BC
FF81
01E8
00E3
FF0D
03DE
FDE0
024F
0249
FD5D
05CB
FDB9
01EA
03C7
FCDA
059F
FEE1
00BC
0398
FDCA
02DF
0015
FF83
012E
FF8F
FF13
004E
FF16
FDE7
0118
FC8D
FF97
FF95
FBF5
0196
FC8A
FEE0
0056
FC89
0119
FE63
FF18
00B5
FEEE
0087
0065
004E
00CC
011B
00D3
0140
017E
0141
013F
01FF
00D4
014F
025E
FF17
02FF
FFED
FF55
0393
FC2A
02BE
FF74
FCB9
03E3
FAB0
0134
FFAB
FB7E
02BB
FBCB
FF69
FFFC
FCBA
0062
FE90
FE73
FF91
FF80
FDCE
00CD
FE80
FE3D
01AA
FC28
0109
FEF9
FCEF
01D1
FC2D
FFCF
FF50
FCF3
0083
FDB2
FEF1
FF83
FE8B
FF90
FF99
FF94
FFF3
0061
0042
008B
0111
00E8
00A1
024C
0013
01C9
024F
FED8
0445
FF15
00FD
03C1
FCA2
04F3
FEF7
FF94
0491
FC3F
0414
002A
FF1B
040C
FE68
0242
019F
0029
01F9
0199
0060
01D3
01D3
FF1B
036F
FF17
0067
0295
FCE8
02C7
FE97
FE85
01B9
FC7B
0091
FE9E
FDB3
FFF2
FD9F
FED1
FECE
FE5F
FED4
FF03
FEE7
FF26
FF8C
FFA2
FF74
009A
FFFF
FFE5
023F
FEDB
0268
017E
FEF2
050A
FE12
02CC
02F7
FD73
05E5
FDEE
016C
0337
FCBC
03E2
FE8D
FF65
019E
FDA8
0025
FF6D
FE5B
FEE7
FFDC
FD03
FFF4
FEF9
FCAA
01E5
FC1D
FFD8
004E
FC12
024D
FD23
FF42
00C3
FCFD
00E4
FE79
FEB3
FFD2
FE47
FF12
FEE6
FEA0
FEB1
FED4
FEB1
FE97
FF04
FF22
FE52
0059
FE9F
FF57
019B
FD57
02CB
FFAE
FF23
049A
FCDD
040E
014B
FE9C
05D0
FD8C
032C
023A
FE87
040D
FF27
00E1
0185
FF67
0033
00B2
FED0
FF63
00D5
FC8D
0138
FE1F
FD32
01D1
FB29
00AA
FEC1
FC84
01C1
FC73
FFEF
FFD9
FDDC
010C
FF0D
0004
00A7
001E
00C0
00F2
00FB
0118
0157
018C
00F7
01D7
0192
004E
0306
FF84
0176
0245
FD95
03EF
FDFF
FFB2
02C1
FB29
033D
FD92
FDB5
0245
FAF6
0115
FE51
FD19
0095
FD5A
FEC9
FF74
FE9A
FE72
00F0
FDD7
002E
0161
FD2C
039F
FEAE
005A
0393
FD8C
041D
0054
0055
03C3
FF16
02B8
0142
005F
0214
004F
00D3
00B3
0032
0017
FFF1
FFB8
FF48
FF46
FF81
FE08
FFB1
FE76
FD94
00D0
FC03
0028
FF35
FBFD
02E8
FB98
0071
0118
FBD0
040C
FD5E
0071
029A
FDB5
0338
0048
008C
025E
00EC
00E0
026C
0100
0058
039C
FE74
0282
0178
FDD6
0429
FD34
00D8
014D
FC77
0271
FD59
FEF1
004A
FCDD
FFF8
FE2E
FE3D
FF27
FE48
FEC6
FEE8
FEF9
FF19
FF4B
FFD0
FF58
001E
00C5
FF11
023E
FFD7
006E
036E
FDFC
0418
00A0
FF94
0543
FD37
03DD
0153
FE6A
04A4
FDA4
01A2
012C
FE28
017D
FF19
FEF2
FFD2
FF4B
FD85
00A0
FD8D
FDF0
0126
FB16
015C
FE13
FCDD
0282
FB7B
0144
FFBC
FD87
02A7
FE06
00FF
0128
FF86
01F2
00A2
0120
018F
013D
0168
016F
017C
013C
0112
01B3
001E
0151
0102
FEC6
0280
FDFB
001C
014C
FBD7
02D0
FCC8
FE57
01B0
FA80
01F3
FD5F
FD54
0167
FC0B
0041
FF2B
FE2A
0023
FFC5
FED4
00CE
00A7
FE7F
037A
FE96
0152
0341
FD88
050C
FF6F
00C9
0435
FDCC
03F5
005A
FFF8
02EB
FECA
0171
0052
FF6C
0078
FF52
FF61
FF49
FF06
FED8
FEA1
FEED
FE4E
FE60
FF6F
FD32
FFE3
FEA5
FD7B
01E1
FC5F
0121
007A
FCF8
043F
FD26
0196
0278
FD8F
0482
FF3C
011C
02E8
FF71
0242
0164
0084
014A
0209
FF22
0288
00BE
FEE7
043D
FD69
027E
01D9
FDA8
0505
FE08
01D6
02CC
FE4D
0409
FFD4
0125
027B
FFCA
01F9
00CB
0090
00F3
0055
0033
FFFE
FFE0
FF8C
FF0B
FFC4
FE51
FEE1
FFA9
FCB6
0099
FD79
FDC5
0151
FB29
01A4
FE5D
FD39
0311
FBD7
01E3
0054
FDFE
0344
FEB1
013D
01CC
002F
0172
021B
005F
0196
02CE
FEAA
0408
FFE7
FFDA
043F
FC90
0377
FFCC
FDE4
0386
FC26
012E
FF97
FD13
0137
FD26
FF10
FF21
FDBA
FF2A
FE75
FE96
FEE5
FEF1
FF15
FF24
FFB9
FF9E
FF77
012A
FF22
012E
0170
FED9
03DC
FF11
0199
0367
FDD3
0504
FF74
00B8
03FB
FD9B
0385
0016
FF75
0239
FEC5
0029
0049
FF06
FEC2
00BF
FD04
FFAD
FFD6
FB8F
0254
FBEB
FEBB
013C
FA98
02B7
FD29
FE6D
0227
FC54
021B
FF77
FF4B
021A
FF54
016B
0127
00C5
0191
0153
0158
0168
017E
016A
00EA
01B3
00AC
0072
01FD
FE98
01AB
FFF9
FE00
02AE
FC4A
00B5
FFE2
FBE0
027D
FBDB
FF3C
001C
FBE8
00FC
FDB1
FE68
FFF7
FE94
FEDA
0091
FF14
FF30
027E
FD62
02AC
00F1
FE45
054F
FD6A
02FE
029F
FDFA
056E
FE98
01D7
02C5
FE83
0325
FFB1
0051
013F
FF37
004F
FFAC
FF4A
FF53
FF21
FEE5
FEA5
FEDC
FEB8
FDF7
FF91
FDC2
FEA2
001C
FC8E
0160
FE27
FE6E
0282
FC48
02AD
FFDB
FE9B
03F1
FDE5
027B
01A7
FFA5
0301
00BE
0110
020B
016F
FFF9
0320
FF7F
008B
030E
FCA2
039A
FEAB
FE29
036A
FAEE
021B
FEAA
FC9E
0236
FB93
0002
FF04
FCF5
0064
FDAD
FEFC
FF63
FEB3
FF84
FF9A
FFAC
FFEF
0048
007F
0046
0136
00FB
0060
02B6
FFD1
020E
0259
FEFE
0460
FF23
0155
0324
FD75
03E4
FEFA
FF9A
025A
FD4D
012E
FF51
FE5C
FFD9
FEF9
FDD3
FFA1
FEBD
FCCB
0189
FBE6
FF91
008F
FB04
0370
FC6F
FF67
027F
FBA7
03C6
FEB5
FFB1
033C
FE2D
02D2
00E6
0085
0282
00AC
019B
0190
012D
0139
013E
00EB
00A5
00B2
0098
FF81
00BC
FF58
FEDE
0109
FCEB
0082
FEE7
FCB7
01D7
FB9E
FFE6
FF8E
FBF3
01DD
FCC9
FF42
0070
FDA5
00A1
FFC9
FF59
0083
0143
FEC9
02B6
0075
FF8C
04C4
FD7D
03D0
01E2
FE39
0600
FD60
02B4
0263
FD7E
044E
FE14
0085
015E
FDBE
011C
FEC3
FEE8
FF97
FE85
FED2
FEE1
FEA9
FE98
FEDA
FED6
FE87
FF1F
FF3A
FE15
006D
FE27
FF04
00D5
FC92
0199
FE25
FDF6
01D8
FBAD
010F
FE9E
FD14
0134
FCBA
FF58
FF54
FDEA
FF36
FFBC
FE1C
FFD3
00BD
FD2B
031B
FE73
FFD0
03F9
FC5A
04D7
FFF9
FF75
0574
FD1C
0426
0147
FF40
0445
FEAC
01F2
0141
FF65
0179
FFB2
FFDE
FFFB
FF71
FF2A
FF53
FEF1
FEAB
FECA
FEE0
FDFD
FF15
FEAC
FD90
0088
FD1C
FF9F
0048
FCCA
0295
FDD5
0008
0242
FD85
032D
FFE1
004B
02BB
FFD9
01A6
01CB
00C3
00ED
02C4
FF1C
0258
01C0
FE10
04EA
FD91
01A1
030D
FC64
0571
FE1E
00B5
03DB
FD1C
045C
FFF3
006B
0359
FF46
0265
0130
0098
01A1
00BC
009A
00B9
006B
FFE7
001B
FFBC
FF39
FF59
FF80
FDF3
FFCA
FE4C
FDBD
0095
FC2D
0023
FEE0
FCB9
01EE
FC74
0038
0062
FD73
0210
FEEB
0022
0162
0021
0090
021C
005D
00DC
0387
FE52
03FC
0100
FF04
059A
FCAF
0373
0174
FD1D
0504
FC6E
0130
0114
FC7B
0252
FD5B
FF0E
FFF7
FD6E
FF8F
FE90
FE70
FEF2
FEDF
FE8A
FF1E
FF0D
FED2
FF37
FF62
FEB9
FF71
FFA5
FDE5
00B6
FDFF
FEB4
00BF
FC27
011D
FDEE
FD90
013D
FC0C
0055
FEED
FDAA
009B
FE83
FF3A
004F
FFD3
FF04
0257
FECE
00F1
030E
FD4F
051F
FF58
005F
0545
FC81
0539
003F
FF3A
04FB
FD01
02FA
0093
FE83
0271
FE33
0028
FFE3
FE8D
FF7A
FEFA
FE86
FEC2
FED7
FE2D
FECC
FEA9
FE6F
FEC4
FF5D
FE3B
FFDB
FFA8
FE56
01EE
FE4E
00DE
01C0
FE34
039E
FF6B
00FC
02F2
FF13
02E0
00FA
009A
01FC
011E
0038
020E
00C8
FF63
03B7
FDCA
0238
020F
FD11
05A2
FD5F
01B3
03A5
FC9B
05B9
FECF
00F2
03F9
FDE7
03C4
0053
0041
0255
FF78
00EA
006D
FFB6
FFD5
FFE3
FEF7
FF4B
FF40
FE85
FEF2
FEE6
FE59
FEB2
FF5E
FD86
FFFC
FE91
FDF0
0133
FCBD
008C
FF84
FD4A
01C8
FD30
FFAF
FFF1
FD8C
0000
FEBF
FE37
FF23
FF54
FCF5
00B8
FDCD
FDA8
0237
FAF1
0238
FF2B
FCBE
04AE
FB6B
02AA
015A
FD45
0538
FDDD
0225
029D
FEF9
03A2
005F
0146
0217
009D
013B
0139
008C
0077
00D9
FFA6
0024
FFE5
FF3C
FF50
FF8C
FE58
FF0A
FF59
FD1D
0050
FD85
FE2D
007F
FC31
00DD
FE75
FE1C
0164
FDC8
009B
0064
FF7B
00D7
013D
FFC2
01A6
01EE
FECB
0470
FF08
0134
042C
FC93
0589
FF12
FFB4
0505
FBF7
046A
FFFA
FEDA
043E
FDA1
0280
0122
FF9C
0297
0051
013D
01A4
011E
0116
01D1
00E2
0117
0186
0065
00EB
00B4
000E
FFF6
008F
FE9C
0012
FF90
FD90
0106
FD15
FF1F
FFE6
FC6F
00E1
FDA0
FE79
0021
FDB3
FF7C
FF76
FE95
FF05
008A
FD28
00B7
FF67
FC93
030A
FB3D
0062
0083
FA6C
03D0
FB1F
FF32
015F
FA74
02E7
FD03
FEB2
019A
FCFC
0175
FFA8
FF9A
0144
004D
00AB
0162
0122
00E0
0217
00E5
0180
01CA
00FB
0154
017E
009B
00BE
0183
FF01
016F
FFC0
FEA6
01AA
FD37
0045
FF6A
FD3F
009D
FD7A
FEA6
FF44
FE04
FE6E
FFAE
FDE0
FED5
00EF
FC4A
0257
FEBE
FE25
0458
FB97
03CC
00BD
FDCB
0612
FCC6
036B
0258
FE48
0510
FEE7
01D6
024C
FF62
0226
0060
0037
00AB
002B
FF57
003C
FF45
FED8
FFCD
FE4E
FEEB
FEF0
FE5A
FE6C
FF33
FDE3
FED8
FF94
FD44
00CB
FE52
FEF3
015F
FDBB
0194
0013
FF9E
01FC
0021
00F4
01C6
011A
0081
0344
FF86
01FB
02F4
FDAC
0534
FE5F
0070
0414
FB4A
04B3
FE18
FE46
0386
FAD2
0230
FE72
FD16
0171
FC5C
FF7D
FEE2
FDAF
FF3F
FEB8
FE6C
FF3F
FF73
FE98
006D
FF65
FFD0
00DF
FFF5
00C1
0121
00C2
00D8
021E
0021
01EE
01BE
FFBF
0337
FFB4
014E
0221
FF3B
0252
0060
005D
017A
00AE
001B
01ED
0086
FFE2
03B2
FE0D
0318
01EA
FDF2
0623
FD2D
02B2
032D
FC84
05F3
FD76
00D3
02D8
FC53
031B
FE41
FEE4
00EA
FD78
FFAD
FEED
FE4A
FED1
FF1B
FDF1
FF30
FEFA
FE0F
FFE3
FE6D
FF0D
FF93
FEDC
FF1B
FFB6
FEC9
FEF7
0024
FD8C
0020
FEC2
FDB3
009A
FD02
FF5F
FF25
FD95
FFBD
FEAA
FE8B
FF9F
FFC5
FE12
01CC
FEC7
FF97
0359
FC99
0446
0014
FED8
05F5
FC35
0477
0175
FE11
05E5
FD3B
02B9
01FD
FE58
0397
FF41
00EA
019C
FFF4
0114
0138
007E
00F8
01C8
0018
0202
012D
00B1
022D
00B2
0146
0178
00DD
0093
0187
FFC6
006E
0103
FE46
0139
FEBE
FEB7
0079
FD63
FF91
FEC7
FDF6
FEEF
FEF7
FD97
FF74
FF3A
FCDC
021D
FCB4
FFEE
01FD
FB70
04C7
FD99
FFEB
047B
FBBB
055B
FF9F
FFCB
04FA
FDAE
03BC
0138
FFF3
0315
FFED
0123
0132
003D
0018
00E5
FF22
FFCE
0026
FE19
0024
FE92
FE85
FF6C
FE4A
FEA3
FF14
FE8D
FE5D
FFE4
FDC3
FF88
FF92
FDB2
00D0
FE21
FF2F
000E
FE21
FF9A
FF4B
FE73
FEEB
FFE8
FCE5
0069
FE83
FCB6
0276
FAE1
00F3
FFFA
FB30
0488
FB48
00F5
020C
FBBE
04ED
FDD6
00D2
0328
FE31
0379
00A5
00DC
0270
00E5
0137
01D7
00FA
008F
0205
FF8C
0104
00B1
FF08
00E9
FF16
FF4E
FFAA
FED8
FE9E
FF60
FE48
FE4F
FFAD
FD2A
FF98
FEB0
FDCC
0050
FE04
FF73
FFEB
FF24
FFC8
00E8
FF57
00AC
021D
FE2E
03F6
FFBF
0024
0519
FC98
0526
0096
FEB9
0623
FC28
03CF
011F
FD9B
0467
FD13
0107
00A7
FDA8
00EB
FE88
FEAC
FF4E
FEB5
FDED
FF84
FE09
FE2D
FFD6
FD4C
FFBD
FF00
FE74
0043
FF1C
FFBD
0061
0033
FFFF
0190
001E
0101
0206
FFCB
027C
00E5
00CA
0239
008A
012D
0194
00BF
005A
027D
FEF8
01B8
01DE
FDB0
04D4
FDDC
0141
03DA
FC1C
060B
FE97
0077
050A
FC7E
0504
0013
FFBB
03F6
FE30
021E
00AD
FF5E
00ED
FFCA
FF1F
FFE6
FF74
FE06
0053
FDCE
FEB9
FFAC
FD41
FFC8
FE67
FE64
FF78
FEA7
FECD
FF81
FF0A
FEAA
0049
FE2C
FF97
FFB1
FDF5
002A
FE71
FEA4
FF58
FE91
FE26
FFA4
FE1A
FE01
00FE
FBF1
0130
FF39
FCA4
0426
FB6A
022A
018C
FC4B
05EE
FCEE
0204
033F
FD57
0506
FF50
011D
02F8
FF57
0239
0116
007D
0134
015F
FFCE
01AA
00CC
FFC2
027B
FF73
0170
0190
FFEE
0231
00C8
0111
01AD
013D
00D8
01E0
00D2
00A8
01EE
FF8C
0136
0078
FF5D
00A7
FF65
FF19
FFAB
FF3D
FDAF
0092
FD3B
FE66
00D9
FACB
022B
FD23
FD35
0335
F9E8
0303
FEDB
FCFA
0496
FBB0
02A9
0108
FE35
03F7
FF07
01A4
0216
005E
01D1
01CB
00BF
0173
020A
FF99
025F
003F
FFE3
01EF
FE8B
00D4
FFCE
FEBE
0017
FEC9
FEC2
FF1F
FEBF
FE08
FF74
FDF4
FE80
FF73
FDB1
FF93
FEF8
FEC0
FFB9
FFD7
FEF5
00D6
005D
FEE0
035F
FE3E
01FB
02CD
FD56
0605
FE2F
0192
0492
FC46
0600
FED9
0016
0446
FC95
0353
FF8F
FEC8
01CF
FE14
FFC5
FF9E
FE8E
FEA9
FFB6
FD83
FF0E
FF49
FCE7
007D
FD94
FEAF
0020
FD9F
0054
FF47
FF4B
006E
000A
0007
00FD
00C0
0060
0210
006D
0183
01E0
00B4
01DE
0182
00DE
0158
01D7
FF53
0265
FFFC
FEF0
0355
FC1A
0229
FFBC
FBFB
041C
FA60
00C7
0025
FA81
0367
FB37
FF40
0092
FBAE
0184
FDEC
FECF
007A
FEE3
FFB3
00B7
FFD3
0006
021B
FF23
0221
0167
FFD9
035E
FFE7
01E2
0213
003C
022F
00DE
00BF
011C
00B1
FFDF
00C5
FFB8
FF51
0057
FE88
FF69
FF42
FE79
FEC9
FF58
FDCF
FF0D
FFA9
FC82
018F
FD27
FE77
0219
FA97
0322
FDB2
FD56
03B4
FA0C
0294
FEB1
FC68
0301
FB47
0064
FF50
FCCE
008A
FDD6
FE8B
FF6A
FED9
FE54
0089
FE8E
FF74
0167
FE01
0217
0016
FFDD
02AF
FF75
01FF
0171
009C
01F6
012B
0101
0177
0148
0074
01B8
007E
00AB
0163
0040
00DC
0125
0088
008C
0236
FF5C
0236
01BD
FEC9
04F3
FE2D
0243
0360
FCBE
060F
FDC8
00C0
03D2
FB99
0458
FE20
FEBD
0256
FC47
00EC
FED2
FDE8
FFBC
FE80
FE19
FF5D
FEC9
FD9B
00B7
FD4B
FF64
002D
FCFD
0147
FE10
FEF7
006F
FDBF
FFFE
FEF4
FE99
FF44
FEE5
FE62
FF14
FEC5
FE2B
FF6D
FE54
FECA
FF56
FEEF
FEEC
0046
FF0C
FF93
01D1
FDC8
02CD
004A
FEF7
0521
FCE9
03F9
01EB
FDE2
0689
FD0F
0300
02B7
FD5B
04EA
FE31
00C3
01D8
FE09
0132
FF79
FEDF
FFA1
FF87
FDAA
0009
FE5E
FD85
00C2
FC55
FFD0
FF14
FD10
0102
FD90
FF90
0019
FEA0
0090
FFF5
000B
00B4
00E7
0062
0186
011D
00F1
01E0
012C
0138
01C4
015E
0068
02A2
FF93
0106
0242
FD36
03A3
FE06
FEF0
031F
FA69
0334
FDA5
FCD0
0313
F9F7
0174
FE71
FC4F
01C9
FC4A
FFA0
FFA0
FE13
FFEC
FFF0
FF00
005F
010A
FEA7
02AD
FFC2
0073
0321
FEAD
0321
00E4
0046
0306
FFBB
01D0
0152
006E
0164
00E8
008E
00FA
0100
004A
014D
00BB
00AF
0143
0130
0085
01F3
0124
003D
0385
FEE1
028A
021E
FDDA
053B
FD4A
0162
02B8
FB76
04B9
FCC4
FF31
023F
FAF3
0235
FDA1
FDCA
00B7
FCF0
FF4E
FF1C
FE38
FEC0
0000
FD89
FFEE
FFB4
FD33
01C9
FD47
FF82
008F
FCBD
0132
FDEC
FE92
0001
FD88
FF5F
FEB1
FE5F
FEED
FEF4
FE83
FF3B
FF4D
FEF6
FFDC
FFC8
FFA7
0066
00E3
FF70
024D
003F
005E
03D3
FDFC
0410
0111
FEF5
05DA
FCB7
03B2
01B4
FD49
0569
FCB0
017E
0178
FCCD
0279
FDE4
FF07
0014
FE01
FEB4
FF67
FDEA
FE3E
0020
FC64
0063
FEA2
FD55
01D4
FCC7
00B9
004A
FE2D
023D
FF17
00D3
016E
0023
018F
0131
0106
015F
0188
00E4
017A
0145
00E0
011A
0160
0034
014D
0155
FF1E
0323
FF01
00EA
032B
FD10
04F2
FF1F
001F
0513
FC58
051E
003D
FF43
0510
FD49
030E
00FA
FEE1
026C
FF1C
FFE8
0064
FF4F
FE90
00A2
FDA5
FEE2
0043
FBF1
011B
FD66
FDC7
00F8
FC0A
00AD
FEB5
FE21
00F9
FE51
003D
003F
FFC7
00AD
00C3
0098
0112
015E
00FB
0178
01A0
012D
014D
0239
FFF4
0244
011C
FF17
03AF
FD6F
0196
0145
FC0D
0433
FBDE
FFD4
0182
FA72
0324
FC62
FE49
0141
FB9C
00E6
FE5C
FE0F
0006
FEB2
FE80
0000
FF06
FE0C
0165
FCF7
0012
0013
FC6A
01F9
FCD0
FF02
004F
FC56
00B9
FDD8
FE64
FFDC
FDF8
FF7A
FF49
FF2B
FFAA
0002
FFCC
0050
00AB
0091
00B7
01A0
00A1
014A
0286
FF6B
037E
0093
001D
0479
FD29
03D0
0091
FDD9
04FE
FBBE
022E
008A
FC3D
0354
FC3B
FFAD
0015
FCAA
002D
FE3C
FE08
FF1A
FF06
FD5F
0074
FE4A
FE35
01DA
FC99
01C2
FFFD
FE40
036C
FE0E
01ED
01A1
FF6B
0313
0049
017E
01F6
00D3
019D
015E
0104
0105
010F
0087
0068
0087
FFFC
FF5A
00B3
FE33
FFAE
0005
FC6C
01C4
FC8B
FE74
0144
FA3A
02A6
FCCC
FD8F
02B5
FA8D
028D
FECF
FDE9
0303
FD86
0185
0104
FFB0
019F
015D
0042
01D2
01EF
FF55
03C8
FF90
0102
0353
FDCB
03D1
FFCA
FFE2
0341
FE2D
026D
00A3
FFDE
023E
0005
014B
0155
00E7
0153
016E
0131
0142
016D
013D
00BE
0189
008D
000C
01FC
FE2E
0156
000D
FD2B
02F8
FBC5
0053
0063
FAD6
0351
FB73
FF1A
011B
FAE1
0250
FD47
FE6D
00F2
FD43
FFFE
FF7B
FE91
FF39
003D
FD67
0050
FF42
FCDA
01F6
FC0F
FFAC
0008
FBB9
01EA
FCC1
FEED
0088
FCE8
0101
FED2
FF50
00B8
FF79
008F
00AA
00A6
00EE
013D
0138
012B
0197
01A1
00AD
027F
0083
00EB
02D5
FE2D
0339
FFB0
FEBA
03C8
FBA8
027E
FF69
FC74
0370
FB02
008A
FF8F
FBE4
0183
FCC4
FEB5
FF9F
FDD1
FEF7
FFD8
FE5E
FF5C
0138
FD58
0265
FFA6
FF09
03EC
FD79
0320
014C
FF15
0447
FEDF
0233
01EA
FFB0
029A
0052
00FE
0157
0088
00EB
00E6
00C2
00BD
00E6
0112
0080
016D
013F
001B
02F9
FFA1
01BF
02BA
FE34
04B5
FEE7
00B5
03D6
FC4A
0461
FEB0
FEC5
0341
FBD6
01D5
FEEC
FD8A
00DB
FD74
FEB7
FF36
FE33
FDE4
003F
FD08
FF44
0063
FC20
028A
FD97
FF47
028C
FC96
033E
FF92
FFB5
0349
FEC5
0292
0149
0092
0272
00D5
017E
017E
0118
0112
00FA
00C9
005A
0051
0081
FEF7
0089
FF33
FE33
014E
FC60
0062
FF4B
FBEE
02B6
FB41
FFF5
0079
FB0C
0322
FC4E
FF39
013A
FC2D
0186
FE6E
FE8A
0039
FEA6
FE7F
FFF6
FE7E
FDD3
0120
FC0B
003A
FF5B
FBF2
028A
FBE4
FFDF
00B3
FC41
02A2
FDF1
FFED
01A5
FE8F
01F6
006C
00AE
01BA
00ED
016C
017F
0170
0160
0154
018F
00C2
012B
016E
FF53
0216
FF48
FF7C
021D
FC54
0225
FE6C
FD2D
02B6
FA96
0137
FEB9
FBEB
0250
FB8A
FFCF
FFAC
FD06
00C0
FEC5
FF0A
0054
0035
FED1
0243
FF7D
0020
0387
FD97
03EE
00A4
FF5E
04E4
FDAF
0341
0178
FEFC
03D2
FEE6
0197
017D
FF9D
01D7
005D
00BE
011C
00C5
00F6
010E
0134
0115
0112
01DD
0074
01D3
01AC
FF95
036F
FF02
0135
026E
FCF9
03EB
FDD4
FF4D
0289
FB36
0283
FDC5
FD8E
0173
FBEA
FFF4
FEB5
FD8E
FF65
FEEA
FDE1
FFC9
FF96
FD69
0265
FD89
0053
0256
FCB6
0459
FEDE
005F
03F3
FDB3
0408
0096
005C
0376
FF78
023E
0139
0067
0182
0065
0077
005A
000D
FFCF
FF80
FFB0
FEF0
FEDD
FFC3
FD5B
FFDF
FE74
FD1D
0158
FBAF
004D
FF87
FBEE
0324
FC03
0072
015D
FC83
038E
FE67
006C
0261
FF16
0213
015F
00A6
018E
0269
FF93
0301
0133
FF4C
0486
FD8B
026D
018D
FD19
042F
FCE7
006B
011A
FC5A
01DE
FD7A
FEAA
FFEE
FD3A
FF77
FE66
FE59
FEF8
FEA4
FED8
FF02
FF49
FF60
FF4A
006D
FF60
004F
016D
FEC5
02E6
FFF5
0061
03FC
FDD2
043B
00D2
FF7C
0514
FD8D
0341
0153
FE96
0372
FE74
0096
00C1
FEC7
FFB7
0017
FE21
FF2D
0049
FC19
017D
FD71
FD86
021A
FAA6
01CF
FE6B
FCCE
02BA
FBA2
00ED
FF90
FD3C
0186
FD90
FF88
FF9B
FE2A
FF86
FEB5
FEB2
FED8
FEB9
FEB0
FE94
FF01
FEC2
FE7E
001A
FE04
000A
004F
FDC2
02D7
FE26
00CD
02BF
FD52
04AE
FF4A
00BA
0429
FDF3
0405
00BA
003A
0319
FFBC
0130
015B
001C
FFD6
01CB
FE01
0095
00A3
FC3C
02DD
FC4C
FEF1
0146
FA76
0269
FCB2
FDCF
0167
FB77
0127
FE72
FE3C
0108
FE45
0066
0031
FFE4
00C9
00A9
00CE
00FE
0137
0147
00EC
01D9
00F5
00DF
028F
FF4E
0287
00FB
FF29
03FF
FDC3
0257
01AD
FDD3
0495
FE16
0195
028B
FE67
0381
0032
00DA
024D
00C3
00D4
024B
0083
004A
033C
FDBD
02A1
007E
FD6D
0416
FBD7
011B
0077
FB9A
02E6
FBF8
FF30
0027
FBFF
00CB
FD8F
FE74
FFB4
FE07
FF80
FF44
FF4B
FFBC
FFEF
0014
002E
00B6
00D6
004D
0212
005E
0148
02BD
FF19
03C5
0057
005C
0420
FD8D
0390
0056
FEAB
0396
FD21
0153
0023
FDCF
00E7
FE6D
FE99
FF7E
FEDB
FD70
00B2
FD39
FE79
0139
FB11
0253
FDAF
FD77
02FE
FAC0
0225
FEE1
FCF7
02A5
FC0B
0078
FF6E
FD48
0099
FDBC
FEE2
FF1D
FE41
FEE8
FED7
FEC7
FEEF
FF34
FF5F
FF23
0017
FFE8
FF61
01D3
FF0F
0170
01E5
FEB4
0444
FF34
0192
038B
FE03
0496
FFCA
0084
0358
FE59
0243
0067
FF6D
00DE
FFED
FEB0
0061
FF5D
FD46
01DC
FC0F
FF8F
0063
FAAD
02F2
FBCC
FEA2
019E
FAAF
02BD
FDA1
FE99
0227
FD22
01D7
0001
FFBB
01D8
0026
013E
015C
0125
015C
018B
0162
0142
0172
0175
0078
01C5
006D
FFF8
0222
FDFC
0184
FFD3
FD87
0286
FC29
0048
FFC6
FBFE
01BC
FC7D
FECD
FFD6
FCEA
FFCA
FEDB
FE59
FF7A
0034
FDBD
01B2
FF7E
FEA8
03F6
FCCB
033C
016E
FDE8
05D3
FD58
02D3
02A9
FDEB
04E3
FED1
0168
0269
FEF1
0275
0042
008C
015E
006D
00D8
0102
00E1
00E2
0133
0137
00EB
0180
0193
005E
02A2
0043
0103
02B3
FE4B
032B
FF8F
FF37
02EF
FC9B
01D5
FF3E
FD90
018D
FCF2
FF70
FF4D
FDC6
FEF4
FF5D
FD9E
FF36
FFFE
FC49
0213
FD44
FE77
0275
FAAC
02FE
FDF6
FD4C
0329
FAB5
01AA
FEBE
FCB5
01C3
FC3E
FFA6
FF23
FD83
FFDE
FE69
FEF0
FF6F
FF4D
FF6F
0002
0005
001D
0092
00F1
0049
018D
013E
002B
031A
FF95
01EF
0263
FEA5
0428
FF1C
0101
02EF
FDEC
0355
FFD4
0016
0269
FF78
0141
016E
0079
00BC
02B1
FF29
0283
0205
FE69
054D
FDF3
01F6
034A
FC7A
0556
FDC6
001A
02F6
FBEA
02DE
FE2E
FE64
0119
FCDB
FFDC
FE99
FE04
FF21
FE61
FE74
FED7
FED9
FEB0
FF47
FF50
FF39
FFC4
0053
FF29
015B
002E
FFE3
02F2
FEB3
02C2
0188
FF59
0477
FED6
0264
024B
FF0D
0350
FFC9
0098
016E
FFC1
FFC7
00EF
FED4
FF02
0167
FBFB
017F
FE6D
FC6C
030E
FA3E
012E
FF65
FB4F
037F
FB35
0044
0072
FC1F
0233
FD70
FF49
004C
FDD1
FFF4
FEEA
FEB6
FF1E
FEEC
FE76
FEEB
FEC0
FE74
FED0
FEFE
FE65
FF3A
FF98
FE0E
011F
FEAF
FFAF
0207
FDBA
02F5
0004
FFD7
03A8
FE8C
02DA
0166
0007
02CE
007F
00F5
01C0
00F8
FFDB
02E2
FF13
00F8
02E0
FCFA
04AE
FED9
FFDE
04CF
FC21
04F9
0024
FF4A
0537
FD6B
038F
014F
FF61
036A
FF40
0140
00FE
FFA4
0085
FFF3
FF67
FF88
FF7D
FEB1
FF2B
FEE3
FE83
FEB2
FF26
FDDD
FF58
FF00
FD87
00F9
FD33
FF9D
0059
FCA7
01ED
FD97
FF07
00DF
FCE5
009C
FEA5
FE39
FF95
FEB8
FDD8
FFBB
FE86
FD39
01AA
FBDE
0070
006D
FB96
0450
FC35
00B1
02C9
FBE5
0526
FE5F
00A3
03CA
FDD8
03D3
0082
0090
02C5
000A
019F
0147
00B6
00FD
0132
006E
00E9
0104
006D
00FA
010B
0097
0104
01BE
FFEE
0266
00F7
004B
037D
FEF1
02A6
017F
FF22
037B
FEBB
0112
012B
FE9E
00EA
FF82
FED5
FF9E
FFAD
FD2D
00D2
FDC8
FD85
01F7
FA93
01BB
FE8D
FBFE
03C9
FA5F
0175
FFFB
FBBB
0383
FBFD
001D
0070
FCAB
013A
FDE2
FEC0
FF90
FE21
FED5
FEF6
FE77
FE9E
FF46
FE63
FF3A
FF5B
FF16
FF91
0034
FF64
0074
0119
FF28
029A
FFFF
00C8
032A
FEDA
0372
00E6
0059
035F
FF74
01EE
0157
0009
00FD
00FB
FF1C
00A1
0092
FD21
0283
FCE4
FEE5
01C0
FA15
0304
FC92
FD41
02A8
F9B6
024A
FE00
FD07
0294
FC1F
0126
FFF0
FE90
01B1
FF8F
009E
0128
00C6
00E1
01C0
00F6
0150
01E4
00E8
0191
017A
00F1
00F2
019D
FFB6
0130
00AA
FE9E
01FF
FDF2
FFD8
0076
FCD3
0117
FDA9
FE57
FFDA
FD4F
FF04
FEF5
FE17
FE99
003C
FD04
00C8
FFB7
FD2A
03EC
FC6B
01DA
0242
FC6A
0602
FD79
01A6
03DD
FCEE
054C
FF46
00C4
0372
FE90
02C1
00A8
004F
01B2
007A
009F
0128
00C5
006C
0199
006A
0113
0175
00C6
0145
019B
00E5
0135
0225
FFCB
025A
00C6
FFBF
02CE
FE5D
0164
007B
FE3B
017C
FE37
FF3D
FFB2
FE46
FE84
FF97
FD9D
FE69
005D
FB96
0184
FDD3
FD27
034C
FA84
02B8
FFAF
FCC8
0520
FBEC
02AD
01BB
FDD0
04C0
FEC1
01DA
027B
FFBC
02A8
0107
00FE
018F
0126
0062
0151
005E
FFEE
00D8
FF48
FFCF
FFB7
FF00
FEEC
FF8B
FE10
FEDA
FF6A
FCF0
004F
FDB0
FE2F
007F
FCC3
008B
FEFF
FE85
00E5
FF15
FFF7
00DF
004E
FFD6
02BE
FF27
01C6
02EB
FDCD
0580
FED3
0109
04CF
FC21
05A3
FF1A
FF54
049A
FBE5
033D
FF72
FE03
0245
FD13
0012
FF51
FDF6
FF5A
FEA7
FE2F
FED6
FEE1
FDDF
FF92
FE6D
FEC2
FFC1
FED0
FF9D
0007
FFB9
FFE9
0150
FF78
0170
016D
FF9C
0340
FFE5
01A1
028D
FFB6
02D2
00D8
00C1
01BC
00C2
FFF7
0187
FFD9
FEE9
026C
FC7D
0143
FFD9
FBAF
03BB
FAB0
0030
00B5
FA28
03C0
FB78
FF15
0163
FB29
023D
FDAD
FE95
00D7
FD97
FFF1
FF4A
FEB2
FF39
FF76
FE37
FF59
FF03
FDF7
FFAD
FE1D
FEAD
FF2C
FE7A
FECC
FF85
FEC5
FF2B
009A
FE4B
012C
001D
FF5A
0288
FF2F
01BE
01A9
002E
025A
0139
00F9
01DE
01C3
FFC3
0324
FFBD
0027
037F
FC57
039E
FF0C
FD77
0446
FA43
024E
FF22
FBA0
0362
FAB2
0035
FF86
FBF8
0154
FD20
FEEF
FFCA
FE4C
FF98
FFE6
FF56
FFF8
00EF
FF64
0170
00BC
0060
01FA
009D
014E
019D
0120
00F5
0209
006A
0135
01F0
FF5A
0276
0025
0049
0236
FF4A
01A0
00FA
0049
015C
0176
0020
01FC
01B6
FF40
045D
FEC2
01BF
0384
FCA3
059D
FE0B
FFF5
041B
FAF3
042F
FE16
FDEF
02D8
FB54
013B
FEA1
FD57
0086
FD7C
FEDF
FF26
FE74
FE99
FFB4
FE3E
FF35
FFD2
FE01
003E
FED1
FEDD
FFD0
FEAD
FEFA
FF57
FEB6
FE67
FFCF
FD90
FF3C
FF35
FD4E
0070
FDD1
FEFC
0005
FE4C
0003
FFFA
FF6D
0031
0179
FEBD
027F
00CE
FF29
0503
FD78
0382
0271
FD7E
069D
FD17
0271
032C
FC79
053E
FDBB
004D
023B
FCE3
01D2
FEB0
FEA4
0005
FE54
FE91
FF2E
FE5C
FE0D
FFAF
FD71
FF31
FF31
FDE4
002A
FEBF
FF62
0028
FFBD
FFE4
00FE
0034
007A
0209
FFA8
0228
0141
004D
02B3
003C
0173
01AB
009E
00F7
01CD
FFF2
0104
0238
FE15
03B3
FF5E
FFB1
04A0
FC25
04C3
004C
FE91
0621
FC50
0423
019E
FE43
0533
FDFF
020B
01BD
FEC8
020C
FFA3
FFB9
0046
FF92
FEA8
0019
FE75
FE6D
FFE9
FD31
FF75
FE8C
FDD8
FF82
FE3B
FEC2
FF52
FF17
FEDE
0073
FF0B
0001
011F
FF04
01DA
006C
007C
0216
0091
015A
01E1
0124
00CF
02F6
FF6A
0217
021E
FDC5
04B3
FD7C
009B
02E9
FAE0
0484
FCC9
FE69
02C7
FA11
027B
FD7E
FD2A
017B
FBDC
0000
FED3
FDD6
FFC0
FEFF
FEBC
FFEC
FFE2
FED8
0183
FF53
0089
01BA
FF82
022E
00E6
00EF
0204
0129
013C
01D5
013D
00B7
022D
FFE6
0125
0114
FF2E
013C
FF5D
FF6C
FFFE
FF16
FE8D
FFED
FE46
FE10
00EF
FBC3
00E1
FEC7
FC0D
036A
FA86
011E
0056
FAEC
0467
FB3F
0030
0149
FB42
02D7
FD0B
FEC8
0099
FCF3
FFD7
FEBA
FE2E
FEF6
FF37
FDBF
FFB9
FEFC
FE15
00F3
FE11
0034
007C
FF01
016B
002B
009B
015E
0114
00D5
0202
0118
0112
0278
0035
01FB
0155
004F
01A8
0071
0028
00B9
0043
FEA6
0174
FE02
FF0B
0159
FB22
0256
FD21
FD05
02D8
F961
0257
FE0E
FC11
0397
FAA3
0195
FFF3
FD27
02F6
FE18
00CC
015A
FFC1
0154
0171
0088
0160
021A
FFCD
02B7
00BB
0083
02B3
FF74
01E3
0104
001B
019D
0078
009A
011D
00E3
004D
01D5
006A
0104
01FB
0032
0201
0146
00E2
01A2
0179
0047
01CE
00F3
FF10
0325
FD9B
00F3
0166
FB99
03FE
FBEC
FF22
0205
F9AF
036E
FC5E
FDC0
0221
FAAD
01B0
FE37
FDBC
010E
FD9C
FF8E
FFA1
FEC0
FEFF
0024
FDFD
FF87
FFB7
FD3E
00B6
FDA9
FE9B
FFE0
FD34
FFBE
FE8A
FE6C
FF73
FEFB
FEEB
FFDB
FFA2
FF4D
010F
FF85
00BA
013B
0036
018B
015B
00E2
0189
0232
FFD6
030D
00C5
FFD4
0450
FD25
033F
00D5
FD11
0529
FB5C
01AD
00EE
FB29
03EA
FB91
FF6F
0095
FB84
0130
FD6F
FE2E
FFB8
FE05
FEC0
FFB4
FEC7
FEF8
0110
FE21
012E
0088
FF12
02B3
FF5A
0176
01CA
0017
022F
0104
010C
018F
014B
00A1
01AF
00CB
008C
01B9
0010
0116
0113
006B
00D8
0181
000E
015C
0204
FEE3
03F0
FF83
00C7
0459
FCC2
0533
FFA6
FF29
0565
FB98
03FB
FFF2
FD82
03F4
FC13
0109
FFCE
FD25
00BA
FDE0
FE6E
FF28
FE72
FDC9
FFDE
FDC4
FE90
006D
FCF7
0103
FEFF
FECB
01A9
FE83
0128
00BC
000C
0190
00F1
00F2
0191
0186
00CF
0228
00F8
0124
01CE
0091
0106
011D
0044
0004
0164
FE3E
00CA
0007
FCCF
02BF
FBC9
FFBE
00C9
FA26
0387
FB61
FE8A
01DE
F9F3
030B
FD34
FE38
023A
FC94
019E
FFE4
FF51
0173
0078
0046
01B4
013B
001D
033D
FFCA
01D5
0287
FF3A
0362
0005
00C5
0215
FF3C
0153
0021
FFA0
0025
FFA0
FEF8
FF86
FF12
FE54
FF71
FE35
FE87
FEEF
FE67
FE45
FF81
FE2E
FEA0
00CF
FCBB
01BC
FF3B
FDF1
042B
FC08
0335
0148
FD65
0635
FCE6
0304
02E7
FDB7
056E
FEDC
018E
02C0
FF07
0240
0091
FFF9
00B6
0091
FEA2
00EA
FF23
FE28
0141
FCAB
FFFC
FF16
FCE7
00AF
FD14
FEEF
FF57
FDC0
FF99
FEEC
FEF8
FF9C
FFD2
FF56
0089
0036
0025
0135
00A5
00D9
018F
0154
0088
02ED
0007
019F
02FD
FE0E
0493
FF09
FFFF
0434
FB7E
0442
FEA6
FDBE
03E8
FAAE
0209
FEE0
FC94
01E2
FC37
FF60
FF35
FD7F
FF31
FF14
FE08
FF52
FFEF
FD84
018C
FEAB
FF6E
0235
FDE1
027B
0067
FFF4
02E1
FFC0
01FC
019F
00D4
01D9
0163
0102
015B
0142
0061
012E
005E
000C
0056
FFF7
FF01
0028
FF18
FDFA
0118
FC58
FFF4
FF8B
FB5D
02E4
FB29
FF85
012C
FA46
03EB
FC5D
FF34
02AA
FBC1
0362
FF23
FF96
02C2
FF2D
01B1
0197
00BF
0148
027E
FFF5
0240
01E6
FF41
03B1
FF07
0119
01FD
FE03
0251
FEE4
FF65
00B0
FE13
FFC6
FEF5
FE7F
FEE9
FECC
FE38
FECD
FEBD
FE47
FF10
FEE3
FEAD
FF5D
FFD0
FE5B
013C
FF39
FF6A
02F8
FD40
0379
00A2
FEB2
05C5
FCCF
03F7
0224
FDE1
0624
FD88
026D
0278
FDD8
0389
FEF1
000C
010B
FEE6
FF82
001B
FE80
FEB5
0076
FC96
0071
FE8B
FD18
0170
FC3C
0006
FF6F
FD2A
0112
FDC3
FF59
FFCD
FE5E
FFA8
FF2C
FEE6
FF28
FF3E
FE8D
FF1C
FEE5
FE83
FEC6
FF1A
FE01
FF32
FF55
FD3D
0164
FD65
FF73
01DA
FBE7
03F1
FE46
FF6E
0489
FBF6
04E3
0029
FF55
0547
FDA4
038B
0196
FF9B
0340
0006
00E3
016B
005C
FF9E
01AA
FEA0
FFCB
0113
FCA3
01AA
FDCF
FE07
010D
FBF3
006A
FE48
FD8D
0041
FD7B
FF4D
FF3B
FEB6
FF96
FFAB
FF87
000D
006D
0022
00BD
0108
00BB
0105
021C
0004
0281
0184
FFA9
0467
FE48
028C
0251
FD28
0554
FCFE
00EB
0288
FB60
03F2
FD0B
FEC9
0195
FBC4
00E4
FE33
FDC6
FFA3
FE3F
FE08
FF8E
FEA5
FDC9
014C
FD12
0069
00AE
FD4E
0328
FE49
00C2
024F
FE8E
031C
0059
00F5
026D
0078
01D9
0177
0118
014A
0149
00B1
00CE
00BE
0038
FFF4
0079
FF1D
FF73
0067
FD14
00FB
FDF5
FD76
01D8
FA9E
016A
FE60
FBEA
035C
FA74
0143
0004
FC1E
039D
FCEA
00BF
0183
FE6B
0236
0081
007B
01AC
01A8
FFFF
0303
00B8
0072
03DA
FE4F
0322
0101
FEDF
03A4
FDDC
0154
00A4
FE10
0162
FE4D
FF44
FF8A
FE46
FEFD
FEBB
FE6F
FE8E
FEC4
FE77
FEA0
FF11
FEE3
FEA3
0064
FE4E
0032
00F0
FDB7
0368
FE7D
00A8
03AC
FCC7
0549
FF73
0028
0531
FCDD
04A2
009C
FF64
0422
FE44
01DE
00F7
FF3E
00CD
0030
FEC2
0009
FFE8
FD1B
0168
FD17
FE7A
00C9
FB49
0161
FD74
FDAB
0130
FC45
00B0
FF11
FE78
0103
FEF4
0061
008F
0044
00D0
010A
00EA
0118
0160
014D
00ED
01D8
00FD
00A0
02B6
FF10
0260
0141
FE89
0480
FD74
0228
025B
FCED
0582
FDBA
0171
037B
FD46
04B3
FFA3
00BC
032F
FF6A
020A
016A
005F
00E5
01C5
FECA
018C
0057
FDC8
02BE
FCAF
0025
0059
FBE4
01EE
FC9F
FEA6
001D
FC5C
0056
FE0A
FE70
FFC4
FE76
FF83
FF9B
FF9A
FFEB
004A
005A
0069
00F5
0124
0058
0255
0084
0118
032D
FEAE
03DF
0077
FF9D
04C1
FCB2
0391
0080
FD88
047B
FBFD
016F
005A
FC8F
0209
FD23
FEEA
FFA8
FDAE
FEA9
FF5F
FDBC
FE95
0051
FC58
0151
FE86
FDE4
02CC
FC65
0221
006A
FE55
03AF
FE73
01F4
01D7
FFC8
02D8
00AE
0170
01D5
0106
015B
013D
00F2
00BC
00A9
0091
FFB7
0058
FFDF
FE72
010F
FD7F
FF71
004E
FBB7
0237
FC79
FE65
01B3
FA5E
02B6
FD4D
FDAD
0274
FB53
0195
FEE8
FDB8
012F
FDE2
FF33
FFB2
FEA5
FE41
007D
FD21
FF34
0026
FBB6
01F5
FCDB
FE69
0190
FB86
0221
FE70
FE95
0234
FDC2
01A8
007D
FFEA
01F1
007F
0154
0181
0148
016D
0180
0175
0128
013E
0185
000C
01A8
0055
FF4F
025C
FD58
013D
0003
FC7F
031B
FB7A
0002
005C
FACA
02C4
FBDB
FEBC
00BF
FBC0
0135
FE44
FE93
007F
FF30
FF52
0116
FFE9
FF85
0313
FE35
028E
01CC
FE71
0506
FE4F
0229
02CF
FE24
0442
FF48
00F9
0265
FF07
022B
0067
0078
0160
007B
00EF
0103
0101
0108
011C
017D
00DA
0170
01DF
FFEE
02D9
002B
007A
032F
FD72
0346
FF89
FE3F
03B5
FB7C
01FD
FF5B
FC66
02A0
FBAE
FFC6
FF76
FCA4
0035
FE13
FE36
FF63
FF2D
FDB8
0122
FE5B
FF05
027C
FCA2
0317
FFF2
FED4
0486
FD7F
033C
019C
FF43
0435
FF5C
0214
01F6
0006
0222
007F
00AB
00CB
002F
0015
FFE2
FFBE
FF58
FF17
FFAD
FE1B
FF60
FF2E
FD1B
0109
FCBF
FF21
0095
FB63
029E
FCD3
FE97
021B
FB09
028F
FE00
FDEC
01E8
FC69
0071
FF23
FDE4
FF9A
FEF8
FDC4
FF7F
FF1E
FCC6
019B
FC9E
FF4D
013D
FB93
0333
FDBF
FF4E
02F8
FCD5
034A
FFFF
FFEF
0334
FF62
0255
017C
00D3
0214
0119
0149
0145
010B
00DA
0093
00C4
FFFF
FFDF
00B5
FE35
009D
FF11
FD95
01A8
FBD5
0048
FF58
FB94
02A3
FB5C
FFAB
0079
FB88
0283
FD52
FF53
014B
FE0A
0118
007B
FFDF
00E8
01E8
FF3B
02D3
0131
FF75
04DB
FE08
030F
0251
FDFA
0527
FDF0
017F
0233
FD6F
02EA
FE76
FF90
00B8
FDE4
FFFD
FEC5
FE8E
FF02
FE83
FE8D
FE8F
FEB1
FEA6
FE73
FF7E
FE5F
FF41
0059
FDB0
01D8
FEF4
FF72
0326
FD1A
03A5
0062
FF36
04F9
FD9F
0380
01BE
FF2B
042D
FF51
0190
01D0
FFE4
00DA
0139
FF38
0032
0134
FCE4
0221
FDEB
FDD5
023D
FA9E
01A1
FE1D
FC68
0245
FB28
007A
FF31
FCFD
0172
FDB1
FFE8
003F
FF18
00BF
0037
007A
00DF
00F6
0117
0117
0192
0150
00F9
0272
0029
01ED
01E4
FEFE
03B2
FE9A
00D6
025D
FC88
0380
FDC1
FEDF
0207
FB99
0180
FE1B
FD90
0076
FD2F
FECA
FF2A
FE2F
FE38
0086
FD1E
001A
0094
FC98
03A2
FD75
0076
031E
FC92
04BD
FF2D
0061
03FE
FE03
0398
00B9
004D
02D9
FFCE
01A4
0122
008A
012A
00CB
00BC
00C6
00E3
00E5
0087
017E
00AE
00B2
0280
FF60
02B7
0146
FF87
0466
FE28
02AD
01E6
FDE3
0470
FDB1
00E9
0194
FD23
01F2
FE5D
FEC7
0008
FE58
FE55
FFC6
FE09
FDEB
0106
FBBE
00E3
FF09
FC45
033C
FB48
00D3
006D
FBC5
033A
FC67
FFAE
00A7
FC74
012B
FDD1
FE91
FFA6
FDCC
FF18
FEB1
FE91
FEE1
FEF9
FF0A
FF18
FF9B
FFBF
FF41
0117
FF7A
0080
0214
FE93
0363
001A
0044
0430
FDC3
03EC
00D8
FF53
0464
FE15
026D
0163
FF35
0272
001C
006A
0170
00EB
FF9A
02F2
FF8A
00D7
039E
FD77
04B4
0004
FFBB
052B
FCD2
0417
00AF
FE9F
0425
FD61
01A5
0071
FE23
014D
FE4A
FF4D
FF67
FE6C
FEF5
FEC6
FE99
FEA3
FECB
FED7
FE7A
FF4B
FEF7
FE49
0091
FDA2
FFD8
0021
FCC6
022D
FCF9
FF37
0118
FB80
020C
FD44
FE0D
00FD
FC26
0043
FEA8
FDF8
FFBE
FF29
FE4D
0064
FFC6
FE14
030B
FD99
016A
0283
FD07
0575
FE69
0149
043E
FD36
051C
FFCA
007E
03BB
FE5C
02B0
0074
FFC5
017A
FF62
0018
FFDC
FF54
FF45
FF3B
FEE6
FEAB
FECE
FED4
FDEB
FF5C
FE36
FE02
0079
FCAB
0094
FF4A
FD69
02D4
FCE0
0165
0141
FDCD
03D3
FECD
0147
0268
FF83
025A
0151
00A7
0192
020D
FF4E
02F8
0076
FF54
045D
FCF2
032E
0138
FD95
0570
FCF2
0276
025E
FDBA
04D1
FEE0
0197
02B3
FF4F
02DD
00A9
00E5
019C
0083
00BA
00A5
003D
FFF2
FFF5
FFAC
FF19
FF6F
FF4E
FDF3
0021
FDBB
FE86
0052
FC14
012C
FDD1
FDC3
01C8
FBC2
0148
FEF5
FD83
01B2
FD3B
FFD1
FFB8
FE2E
FF4F
FFA0
FDC5
FF3C
FFE3
FC0F
01C1
FCE1
FE0E
0213
FA5D
02D0
FDF6
FD84
03A3
FB79
02BB
001E
FE61
03B5
FE6E
0207
01A9
001D
027A
00F6
015D
01AB
0148
011C
0155
00F6
00A7
00B2
00A8
FF9A
007E
FFD8
FE77
0125
FD69
FF9A
FFF2
FC23
01A2
FC9C
FE90
0095
FBAF
0139
FDDE
FE46
00C1
FDF9
FFEA
003F
FF71
FFD9
01F4
FE90
020F
01B5
FE3D
0545
FE0F
0236
03AD
FCFF
05FB
FE89
00F6
03E8
FCEE
03ED
FF42
FF76
0223
FDD5
00C0
FF60
FEA9
FF9F
FEB5
FE9B
FED1
FEA5
FE51
FEC0
FEA4
FE6C
FEDC
FF58
FE20
004B
FF1D
FED8
01F3
FDC5
01E9
00C9
FEB7
03F4
FE75
0226
0232
FF18
0381
0021
0117
0214
008E
00BB
020B
0017
006B
02F6
FDAF
0355
0064
FE81
053C
FC82
0382
01C5
FDB4
05E3
FD93
0296
02B2
FE48
043F
FF5C
0113
01F0
FF4D
0147
0016
FFBA
FFFA
FFA3
FF09
FF5B
FF0F
FEA2
FEDF
FEEE
FE36
FEEB
FF29
FD7D
006A
FDD6
FEB0
00E0
FC6C
0180
FE67
FE14
01C0
FC83
00B3
FF26
FDB4
006C
FE15
FE89
FF5A
FE9D
FD91
00AF
FCFB
FF00
010B
FB4A
0325
FD78
FEA5
03BE
FB37
0434
FF83
FECB
04DA
FD2D
0371
0150
FF80
03A9
FF9F
01C1
01A2
006D
0175
010A
00A7
00F0
010E
0068
0108
00E2
00A0
00EA
0172
0039
01BC
0167
FFEB
0354
FF7F
01D5
0279
FEAB
03D1
FF58
00A5
0258
FE38
01C9
FFAC
FF1A
0050
FF4D
FE47
0004
FEAA
FD37
0181
FB8F
FFFD
FFD7
FADF
037B
FB47
FFAD
01B7
FACB
040C
FD4C
FFA0
02DE
FD0B
032B
0003
003D
02A0
0010
01CF
0198
0122
0179
01B3
00E8
014E
0146
0080
00D3
00A2
FFE4
0004
0070
FE55
0088
FEDC
FE00
0110
FC70
0021
FF08
FCC9
014D
FCC5
FF5E
FFBF
FD7E
0017
FEF8
FE8F
FF92
FFD1
FD74
012F
FE2F
FDE9
024D
FAD2
01DE
FE90
FBE1
0390
FA0E
0116
FF97
FB5F
033A
FBD5
0022
00AD
FD2A
0201
FEF5
0020
013B
0011
0101
0153
00F9
0133
01DF
00EF
01A7
0199
0115
0144
018F
005D
0106
0140
FEE2
01EA
FEE9
FF55
0161
FCC8
0125
FE6C
FDC2
00BB
FCD3
FF60
FEEB
FDCE
FF00
FF49
FDBE
FFA1
FFF5
FCEA
02B5
FD7D
FFE2
031A
FBC4
04FE
FECB
FFAC
0535
FC57
04ED
0095
FF7E
04DE
FE2D
02ED
0163
FFA7
0264
FFDC
0082
00A4
FFDD
FF99
0021
FF0A
FF22
FF83
FE61
FEF4
FED8
FE59
FE73
FF48
FD98
FF58
FF21
FD6F
0132
FD8C
FFDB
00E3
FDA8
024E
FF3A
003A
0202
FFAE
018C
0195
00C0
0138
02C0
FF5F
02EA
0193
FEB5
051D
FD3C
0247
0248
FC0C
0543
FC5E
0037
0224
FAF5
031E
FCEF
FE51
00EE
FC07
003D
FE33
FDF2
FF72
FE5E
FEAA
FF5D
FF26
FEFA
0053
FF4E
0020
00A9
001E
00C0
0136
009F
010B
0218
FFDA
0285
010E
0025
0355
FF06
0232
016F
FF58
02C4
FFAB
00DE
017E
003D
00A2
01D8
FFFC
00DF
02E2
FE1F
0408
0046
FF7C
0578
FC7B
046E
011A
FDDE
05DA
FC44
02A0
0148
FCF8
0388
FD2F
FFF9
0055
FD5E
0022
FE68
FE58
FEF2
FEA1
FE07
FF2E
FE80
FE61
FFA6
FE78
FF65
FFB7
FF69
FFBB
00BB
FF9A
00B5
0189
FF47
02D0
004B
00D5
031F
FF4D
02F0
012E
0072
0284
0059
00DA
015A
005E
FF7B
01FA
FDFF
0042
0116
FBB3
032F
FC5C
FE7A
023B
F998
0333
FCD3
FD40
02C5
FA55
01F7
FE77
FD52
01DA
FCE7
001D
FF89
FE4E
FFC8
FF1E
FEA4
FF3E
FF31
FE11
FF9F
FE52
FE7B
FF4F
FE35
FEDC
FF25
FEBD
FED9
0034
FE58
0054
005D
FE9E
025B
FF1E
00FF
0212
FF66
02AF
00E2
00F8
0220
0150
00AC
025E
00CC
FFF3
0386
FD9F
0265
00F3
FCB9
04AE
FB84
00E0
013C
FA82
03EE
FB7B
FEF0
011A
FAC5
01C7
FD30
FE1D
0070
FD4E
FFD2
FF60
FF07
FFD3
005A
FF66
00D3
00C3
FFF5
01E0
0078
0121
01AB
00F4
0131
01C7
00D6
0101
022C
FF93
0229
00CE
FFC4
02B1
FF1E
0180
0149
FFB8
01DC
00BE
008E
018B
0192
FFB9
0345
000B
00A1
0424
FD21
0489
0011
FE8E
0567
FB65
036A
0030
FC9A
0440
FB70
00CE
FFF7
FC3E
016E
FD0C
FEAF
FF5F
FDB9
FEE0
FF0D
FE61
FEEE
FFD6
FE43
0050
FFA4
FF59
010B
FFCC
00A2
011B
00C9
00CB
020B
0094
0182
0257
FFD3
02F6
009E
00B0
027D
FF65
0184
009E
FFA5
006C
003A
FE97
002D
FFA9
FD00
01F7
FC45
FF3B
0109
FA42
0364
FC08
FE31
029F
F9C3
034B
FD7D
FD9B
02C0
FB6F
017C
FEFB
FDBE
00ED
FDD7
FF25
FF50
FE7F
FE84
FF80
FDF2
FED7
FF6D
FDA1
FFEF
FEA0
FED7
0000
FF1D
FFB2
005A
0006
0004
01B1
FFB1
0192
01B0
FFE1
030A
0061
0171
024D
0059
01C6
0167
007A
00D8
01B5
FE8D
01E5
FFCD
FDC9
034D
FB77
0143
0002
FAED
03FC
FA74
FFDE
00B7
FA31
0331
FBF6
FEDA
0123
FC2D
0183
FECA
FF27
00ED
FF9D
0033
011E
008F
0075
023C
0013
01D8
01CC
0062
027B
00D6
0130
01A3
00DC
00A1
0156
0025
0007
0136
FE7A
00A7
FF77
FE47
007B
FDDE
FEFC
FF26
FE16
FE78
FF5E
FD9C
FECD
0024
FC29
01F2
FDC9
FE48
0362
FB11
03D8
FF87
FDEF
05A2
FBF1
03E3
017B
FE3C
054A
FE32
025C
022D
FF58
02BE
007A
00B7
016C
00E2
0024
01C0
0047
0068
020C
FF77
01D8
0105
005F
020E
00C0
0134
01A5
013F
00CE
021F
0068
0105
01C3
FF42
01B0
FFD9
FF84
00BF
FEE2
FF5F
FFA8
FEBB
FE47
0060
FCD7
FF96
FFC0
FB97
02C0
FBCE
FF36
01D1
FA13
0400
FC89
FE63
02F2
FA62
02E6
FDF6
FDA3
01EA
FC36
003D
FEED
FDC7
FF87
FE9B
FE2E
FF37
FF0A
FDE3
0079
FE3B
FF6A
009D
FE6D
012A
FFF9
001E
0155
00A0
00DC
01A1
0136
00DD
0280
0064
01CB
01DE
0018
023E
0071
008C
0121
0035
FF9F
00EA
FF27
FECE
0185
FC2E
011F
FED9
FBF5
032D
FA2A
00AD
FFDA
FA70
03F7
FAE9
0000
014A
FB7F
0357
FDD4
FFDC
01F8
FE9B
01C0
00DB
007B
0163
01B3
003D
0227
014C
0039
02DF
FFBC
0198
0194
FFCE
01EF
006A
009F
0130
00BF
0066
0186
009B
00A0
021B
FFF7
01E2
0166
008B
0211
0105
00E5
0198
013E
FFB7
0292
FF25
002B
026E
FC25
0340
FDEC
FDAD
0358
F9B7
0280
FE0A
FBE1
033B
FA1D
00E9
FF25
FC3B
01F3
FD04
FFAE
0039
FEA6
0047
0079
FFAD
00A7
0189
FF67
027D
00AC
009E
02F3
FFD2
0255
0181
0097
020C
00CC
00C6
0118
00A0
FFC6
0103
FF4C
FF99
0047
FE3C
FFD3
FEED
FE6B
FF1D
FEF7
FDD8
FF82
FED8
FD31
018C
FC4D
FFF4
00B3
FB2E
03D4
FBF9
FF5B
025C
FA16
03D9
FCC0
FE0E
0255
FAC1
01A2
FE08
FD70
00AF
FD32
FF25
FF47
FE82
FEEA
0045
FE5D
002F
00AB
FE80
0244
FF7E
00AD
0225
FF9D
023E
010F
00E6
01D2
0130
00EA
019A
0119
0078
01ED
0018
0108
014B
0011
013D
00F0
0068
010B
01BD
FF75
02C7
00A3
FFDB
0482
FD84
03C8
0187
FDE7
061C
FC66
02C6
020F
FC49
0502
FC99
0061
016A
FC37
01BC
FDD2
FE64
FFC1
FDE1
FE6E
FF38
FE23
FE30
0029
FD21
001C
FF6B
FDF1
0196
FE4A
007B
00EA
FF58
0196
0095
00C8
0177
015C
00D6
0202
0133
0101
0230
007C
016D
0147
0072
00A8
0112
FF58
005D
00BB
FD50
0219
FD6E
FE7E
01E9
FA38
029F
FD19
FCB3
0316
F980
0228
FE70
FC5D
0334
FBBC
011E
004E
FE0E
0205
FF85
0062
015E
00DC
0058
0281
006C
012B
02EB
FF4A
031C
00D1
004C
02CF
FF48
0188
00B4
FF9D
00BC
FFBC
FF66
FFB5
FF67
FE79
FFA8
FE60
FE82
FF32
FE0C
FEA7
FEF4
FE5D
FE6C
0024
FD5D
0050
FFF5
FD26
037E
FCEA
013A
0298
FC3C
05D6
FDDD
0122
0482
FC93
0596
FF9C
006D
042E
FE3B
02EF
00D6
FFDF
0199
0036
FF9D
00A7
FFD2
FE60
0137
FD87
FF63
FFF5
FC98
00C1
FD74
FE55
FFD4
FD39
FF99
FEBC
FE97
FF80
FF63
FF24
0019
000A
FFAB
011E
002E
00BF
015A
00F4
00E5
0225
00C5
0119
031B
FECD
0386
00B3
FF0D
04E5
FC5B
031E
00C9
FC81
04F1
FB4A
011A
00BC
FB56
02E8
FC3E
FEEB
0026
FC88
FFEA
FE72
FE1F
FF2D
FF61
FDD4
0081
FF22
FE90
020F
FDDA
0185
00EF
FF05
0305
FF94
018A
01FB
005F
0221
014E
0124
0187
016E
0099
016D
00B4
003A
00E1
FFEA
FFBB
0016
FF88
FE76
00A0
FD8E
FF09
005B
FB70
0209
FCA2
FDCA
023E
F9D3
02EC
FDAD
FD29
03BA
FAE8
02A9
FFE3
FDF4
0398
FE37
019F
01A5
0011
01D6
01BB
00A0
01CB
0239
FF92
034F
0018
007C
02DD
FE1D
024B
FFCD
FEF4
0181
FE0A
FFFC
FF63
FE6A
FF53
FED0
FE74
FEE0
FEEA
FE38
FF3F
FEB1
FEA7
FF3B
FF27
FE78
FFE1
FF0C
FE1F
0164
FCBE
0069
0003
FBCD
0341
FB6A
FFA4
0123
FA12
038B
FBD3
FE81
01D4
FACD
0257
FE08
FE75
01A1
FE16
00AA
00A7
FFED
0099
01F7
FF98
020F
01E2
FF6A
0405
FF83
01BB
02C1
FEE3
0348
FFED
0079
01C8
FF29
00D4
FFF4
FF68
FFB8
FF7A
FEC2
FF2F
FEF5
FE53
FEF0
FE98
FE3A
FEC4
FF16
FD84
004E
FE3A
FE61
01EA
FC34
0274
FFAB
FDCD
04F7
FC1C
0363
01B0
FD8F
05F7
FD80
028C
02BE
FE45
041D
FFAD
00F0
0217
0019
00DC
019C
0026
007E
025F
FE9D
0293
00C3
FF62
03C7
FE9B
0267
01CC
FF7E
0357
FFF6
0173
01CB
003C
0164
00C3
0056
0070
005F
FF85
FFEB
FF8D
FF03
FF1F
FF4D
FE0F
FF1B
FF1A
FCE0
00E5
FCC7
FEB8
0106
FAFD
02F5
FD3E
FE5F
037A
FAEC
03E6
FF3E
FE84
0495
FD16
0326
015E
FF90
0363
0056
015E
020E
0122
0081
02A3
FFA9
00DD
0228
FDB2
02AF
FEC2
FEE5
01D1
FC99
00F1
FEAD
FDCF
0061
FD77
FF26
FEF1
FE48
FF04
FEF5
FEAB
FF0B
FF43
FED0
FF41
FF62
FEED
FF0E
0000
FDC5
0026
FF13
FD29
01E2
FBC9
001D
FFFE
FAFE
035F
FB4A
FF82
0174
FAA8
039C
FD1B
FF3F
0271
FD00
027A
0019
FFF0
0204
00C9
00A9
0237
0144
004E
03A6
FF33
0243
0236
FE7A
03F1
FEAA
00BA
01DD
FDB6
01E4
FEC8
FF14
0049
FE1E
FF57
FEDD
FE75
FEAF
FEC7
FE55
FEA8
FEDA
FEA2
FEB6
FF9B
FEA4
FF61
00BE
FDD1
021B
FF70
FF43
03EC
FCED
03E5
00F7
FE8E
05FD
FD01
03AC
023A
FE13
0546
FE3D
01B2
0212
FE91
01F3
FFD7
FF6E
0042
FFEA
FDF9
00BF
FE45
FDE1
0138
FBAE
0092
FE90
FC9E
01A0
FC22
FFEF
FF9C
FD6B
0125
FE79
FFD8
0083
FF9D
00AA
00B4
00A8
00F9
0152
0118
0143
01A7
015B
00EF
0274
0017
01A8
020A
FE6F
03B9
FE66
002A
02C9
FB85
03AF
FD8B
FDFF
02D3
FA59
0207
FDF9
FCCA
01A1
FBEC
FFBC
FF1A
FDB0
FF99
FF5E
FE57
0007
0050
FDEB
029A
FEA4
005A
02EE
FDA7
03E7
0013
0053
03CF
FECB
030D
0136
0058
0292
002A
0137
0101
0050
0078
0050
FFD5
FFAE
FFAB
FF57
FEC2
FF83
FE8B
FE1D
002D
FC8C
FFEA
FEE1
FC47
0261
FB7C
005B
00BA
FB79
043A
FC9D
007D
02AE
FC9D
042C
FF3C
0074
0304
FF5B
0217
0193
00A5
0149
0249
FF71
0258
014A
FEE4
0404
FE21
01C3
0224
FDD9
040A
FEDF
0104
0292
FEDF
02DE
008D
00E3
021A
00A4
017C
0154
0109
0106
0109
00B8
0063
0089
0053
FF27
00CA
FEA8
FEF6
00D1
FC28
013F
FDCE
FCFC
0238
FA52
0169
FE9E
FBF7
0345
FB2A
0103
0057
FCF6
02D7
FE52
0073
0180
FFCA
00FC
01DC
0053
0136
02EC
FEDD
03B2
00B4
FFD1
046D
FDB0
030D
00F1
FE75
0365
FDC1
00DF
0064
FE00
00C6
FE60
FEF4
FF3A
FE5D
FEB5
FEAB
FE85
FE83
FEB2
FEE9
FE66
FF67
FF53
FE4D
0150
FE24
0074
01A7
FD5E
0422
FE9A
00B1
041D
FCDB
053A
FFCD
0021
04D3
FD95
03B7
00E5
FF8F
02DE
FF67
008F
00E6
FFB1
FF27
013D
FDBC
FFAA
0079
FBE4
01FF
FCC1
FE2B
0130
FB04
017F
FDB0
FDBC
0145
FCC2
009B
FF6B
FEDA
00E8
FF85
006F
00B8
00A0
00EB
0126
0146
0127
0169
01DC
008B
024D
011B
0031
0355
FE61
0250
011A
FD92
0425
FC75
00E8
0127
FB77
034D
FC3E
FEF5
00CD
FBA3
00EB
FDD0
FDF7
FFBD
FE4E
FE55
0004
FECA
FE61
01F1
FD1E
018B
00E5
FDAC
0469
FDDD
01E5
02B8
FE38
047D
FFA3
016A
02E3
FF86
029E
00C1
00AE
0165
0045
0076
0041
FFF3
FFAF
FF7B
FF99
FEBD
FF25
FF74
FD73
005B
FDBC
FE28
0107
FB81
0195
FE1F
FD1F
02E1
FAF0
01B6
FF50
FC8E
02F0
FC19
0040
FFF2
FD17
0094
FE55
FE54
FF58
FEF6
FD55
0093
FDA4
FE2B
0184
FB95
01FB
FECF
FDB3
036E
FC78
024D
00CC
FE96
03B0
FF01
01E6
01F5
0033
027B
0103
0156
0199
011A
0119
00F6
00DC
0078
0031
00B9
FF12
003B
FFE7
FDAE
0171
FCFC
FF34
007F
FB2B
0248
FC68
FE21
01A5
FAA0
023D
FDD2
FDED
0221
FCE3
0131
002E
FF39
0139
00DA
FFE2
01CE
0193
FF53
042E
FF28
01BE
0384
FDA1
04FA
FF32
0063
03A8
FD1A
0324
FF6E
FEF7
01DB
FDB1
0056
FF3D
FE62
FF81
FE74
FEA2
FEAD
FE92
FE8F
FE84
FEFD
FE8B
FEC7
FFFF
FDE6
00B6
FF92
FE7A
02EC
FD71
0230
0182
FDF3
0527
FDF7
024C
0310
FE07
04D8
FF6F
012C
02D5
FF3B
01E9
00E7
FFE2
0083
011D
FE0E
014C
FF59
FD57
0283
FB86
0072
FFA9
FB57
029A
FB89
FF4D
0044
FBD0
01A5
FD94
FF16
00AA
FE41
00C3
FFEE
0012
00D8
009D
00DD
0106
013E
0138
00FA
01EC
00A5
0153
022E
FF41
031F
FFF1
0025
0392
FD47
039C
002B
FEDD
048B
FD27
030A
0154
FED8
03F9
FF42
01AA
0216
0057
0177
01FC
001D
0132
0247
FE03
0344
FF09
FEE6
033A
FB81
0264
FEBB
FCDD
028E
FB45
006B
FEF6
FC98
00E6
FD01
FF18
FF56
FE19
FFB2
FF21
FF62
FFCC
FFEE
0021
0038
00D0
00B0
007F
0221
0003
01F4
0215
FF5A
0436
FF42
019E
0340
FD7F
0486
FECE
FFED
0311
FC98
0270
FEF6
FE52
011B
FDB5
FF2E
FF6B
FE4C
FE2F
0057
FCC9
FF9D
FFF0
FBCC
02AF
FC5A
FF34
01B4
FB03
0308
FD56
FE69
01EA
FBD5
0155
FE67
FDF0
0077
FD6D
FF49
FED4
FE4E
FF04
FEC0
FED0
FEFA
FF3B
FF61
FF2A
0047
FF9E
FFC9
01BD
FEC4
0242
00F6
FF5D
0463
FE4A
02F4
0253
FE72
0520
FE80
01D2
0293
FE31
0309
FF76
FFDA
010D
FF48
FF27
0075
FE91
FE47
0136
FBC1
00BD
FEBF
FBDF
02C3
FAC8
0058
0004
FB7B
031C
FC80
0007
0148
FD62
0266
FF58
0060
01B4
000D
0180
0130
0118
015E
015C
0145
011D
0161
013D
0072
01FB
0012
00D2
0228
FE74
031E
FFBC
FFDA
03C6
FD66
03A5
00AF
FF4B
047E
FE4E
02C0
01C8
FFA1
02D8
0070
009D
0174
00B6
FF22
022F
FE79
FF77
01F3
FB88
0289
FDAB
FD42
02A3
FA4C
01A3
FE5E
FC7F
0241
FBC4
0054
FF6E
FD6C
00DF
FE1E
FF58
FF9D
FEC0
FF5A
FF2F
FEFA
FEF2
FF01
FEED
FE70
FF21
FEB2
FDEF
002C
FD3D
FF80
FFE2
FCAD
0246
FD4E
FFD1
01FD
FCB1
0389
FF0A
0016
033E
FE92
02CE
0140
008D
023F
0185
0074
0247
0158
FF4B
03DE
FE03
0168
0216
FC31
043D
FCD6
FF66
0217
FAD9
0297
FD2D
FDD8
011E
FBD8
0053
FE4C
FDE1
FFE3
FE24
FF39
FF63
FF43
FF9D
FFFA
0008
0028
009E
00EC
003D
01DA
00D0
00A8
031A
FF36
02F9
017B
FF57
0474
FE28
024D
01C5
FDEB
038B
FE22
003E
0108
FDD7
006A
FF2A
FE54
FF21
FF89
FCC3
0071
FDFE
FCF3
0219
FAD2
0135
FF69
FBF1
03F8
FBA6
0153
0163
FCE5
041F
FE4E
0125
025F
FF18
02C4
00AD
0107
01DE
00E6
0140
0150
010E
00EC
0118
00F9
008F
010D
0113
FFDC
022A
FFE1
00C4
02A2
FE70
038F
0036
0022
041E
FE08
0379
010E
FF7F
038F
FEF6
0168
012A
FF7A
0074
009E
FE9B
FFEB
006B
FC70
01FB
FCF5
FDFC
01DD
FA03
0254
FD59
FCCA
02CF
FA8E
01BF
FF15
FD51
02A5
FD64
0109
00BE
FF4B
01C7
0067
00F6
016E
0138
0139
019F
016B
0144
0172
0186
0090
0185
00E9
FF8C
0235
FE70
0091
00D4
FCEC
024E
FD28
FEFA
00DC
FBD2
0138
FDB8
FDFC
0054
FD68
FF35
FF65
FE70
FEB3
00A6
FD1A
0071
FFEF
FC4F
0332
FBDA
FFE2
0140
FA81
0375
FC05
FE80
018C
FAB7
01E9
FD7E
FDFE
0101
FD12
0061
FF6B
FF1E
007C
FFF6
0037
00BE
00D6
00B5
0148
013E
0107
0166
01C0
0059
0249
00D7
0047
0314
FE99
0274
0110
FEC4
03D2
FE30
01CB
01CD
FEB6
032C
FFE2
00F3
0210
00A9
00F4
025B
0077
00D1
0356
FDFC
0383
0066
FE4B
04C6
FBC4
0278
006E
FC11
03FA
FB6C
003C
0033
FBB3
01A6
FCCF
FEA3
FFAF
FD4B
FF91
FEB6
FEBB
FF62
FF73
FF43
FFFB
0010
FFFD
008A
00DD
005E
013F
019C
0002
02F6
005D
0129
0342
FEB0
03A1
0061
FFE4
0366
FDFD
0203
004D
FEB3
0147
FECC
FF20
FFD1
FEF5
FDCC
00CC
FCFB
FEE1
00CD
FAEA
02A2
FCD0
FDD7
02C8
FA17
02EB
FE11
FD31
0319
FB49
016B
FF2D
FD46
015B
FD44
FF5E
FF3E
FE0D
FF1F
FEC3
FE74
FED4
FF0E
FE88
FF49
FF47
FF2A
FF99
0048
FF36
00E1
00B3
FF5F
02EF
FF41
01BE
0287
FEDE
0428
FFD3
013F
0310
FF0B
02B3
00A7
0021
015F
005C
FF51
0101
FF94
FE09
0235
FC20
0068
0018
FAF4
0364
FB05
FF41
0124
FA14
0337
FC5E
FE9E
01CF
FBF5
0215
FEF3
FF3A
01AF
FF38
0113
00FF
00AE
012E
0193
00F3
0185
01A9
010D
0187
0178
00D8
010F
018B
FF78
01AB
FFF8
FF0B
0202
FD43
00CF
FF8C
FD20
0176
FCC2
FF33
FF72
FD16
FF9E
FE79
FE17
FF2D
FF8B
FD5B
014C
FE8B
FE8B
033A
FC0C
0361
0058
FDE6
05C7
FC6C
038B
0215
FDD6
059B
FE12
022D
027C
FEB4
0342
FFEB
00CB
019E
0034
00ED
0112
0096
00BC
0160
0074
013C
0148
00E6
013C
01B3
00AF
0185
01E9
FFB2
02DA
FFF3
006F
0285
FDED
0242
FF79
FEB9
0194
FD89
FFF0
FF52
FE09
FF10
FF2C
FD77
FF31
FF5F
FC33
01E0
FC8F
FEE1
020C
FAAF
03E9
FDBC
FEA9
0444
FB7E
0432
FFFC
FF0C
0495
FE10
02FC
019E
000D
02F2
008D
0153
018F
00DB
00A5
0133
001B
002D
0080
FF4C
FFC8
FF90
FEF3
FEEC
FF9E
FDCA
FF65
FF0A
FD34
00D2
FD07
FF32
0016
FCB4
0134
FDFA
FED2
0072
FDF6
FFAD
FF90
FE96
FEEF
005D
FCE7
0067
FF0E
FC39
02B6
FAF6
002F
006B
FA76
03FF
FB76
FFB2
0207
FB42
03D5
FE0C
FFCD
02BF
FE21
0291
00B1
0088
020F
00F0
0122
01AA
013B
00CD
01DD
008B
010F
014C
007C
00E1
0123
0064
00B7
01B6
FF76
022B
00C8
FFF9
0346
FF17
0261
01B8
FFB3
0328
000D
0131
01B6
004D
007F
0179
FF58
FFF1
01A8
FC9A
023B
FE39
FD38
030A
F9F1
01D8
FE88
FB62
0385
FA25
00C6
FFBF
FBCB
02BE
FCCE
0003
00CA
FE3B
0160
0001
0040
011E
0104
0091
01D0
0129
0102
022D
00D7
018C
0198
00FA
00F1
018E
0004
00B4
011D
FE72
0198
FEB8
FEF2
00F9
FCF2
0070
FE9B
FDDC
FFFC
FDEF
FE9C
FF53
FE9A
FDFE
00C9
FD1A
FFA7
00BE
FB97
0344
FC97
FECF
029C
F9F9
038B
FD17
FD6B
02D1
FA43
01C7
FE2F
FCF8
0178
FC88
FFCD
FF55
FE44
FFF1
FF85
FF50
0034
0074
FFA0
0175
0068
00C7
01C4
00C4
0176
01B8
0137
012A
024C
0029
01D1
017B
FF56
02A8
FF00
0075
0121
FE14
0105
FEEB
FEC1
FFB6
FEC3
FE0B
FFBA
FE35
FD79
0138
FB8A
0096
FF74
FB93
03E9
FB25
00E9
01AD
FB5A
0526
FD0D
00D3
0342
FD25
044F
FFD0
00C5
0310
FFD4
022E
0183
00E3
015D
0189
0034
013A
00C3
FF8F
0117
FF53
FFA9
FFE9
FEF3
FEFE
FF6E
FE63
FE80
FFA8
FD17
FFBD
FE7A
FD8D
009C
FD2F
FFB9
FFAA
FE43
008E
FF98
FF8F
00B3
00DF
FF2A
02DB
FFC6
0080
0427
FD48
04D3
007E
FF1D
0615
FC30
044D
0127
FDA0
0550
FC82
01DC
00FA
FD2F
0248
FDC9
FF49
FFD3
FE03
FEFE
FEFF
FE27
FE89
FF4A
FD93
FF81
FEBA
FE5A
FFFD
FEB7
FF8B
0008
FFC3
FFD5
012C
FFD2
00E1
01DB
FF80
02CD
00A1
00DF
02D9
FFEB
0231
016E
0093
0172
0151
FFB8
0150
00C4
FE0D
02EC
FD1D
FFEE
0195
FAA2
0398
FC10
FE12
025D
F965
02DA
FD04
FD25
0259
FB23
0156
FF07
FE05
0176
FEA8
0041
00B7
002D
0074
01AA
004A
0152
01FB
0033
0274
0108
0113
01FF
00D2
0111
015A
00A0
0033
0175
FF0B
0085
0045
FE1F
00FE
FE17
FEF8
FFB5
FDB2
FF21
FED4
FE09
FE98
FFB3
FCD5
0083
FEC9
FD28
0313
FBA5
01D9
00FB
FC44
05A8
FC6C
0215
031F
FCBC
05D0
FE98
016F
039B
FE79
0394
0094
009F
0209
0057
0086
0108
0012
FF92
00FA
FE79
FFF0
FFA1
FE03
FFF5
FE39
FE8C
FF08
FE5B
FE49
FF35
FE48
FE7A
0003
FDA8
003D
FF77
FEB0
014B
FF10
0089
0105
003A
00D4
01E3
003A
0173
02C3
FEAF
044F
FFEF
0029
04F3
FC49
04B0
FFFB
FDFD
054B
FB38
02CD
0010
FC86
0352
FC04
0004
FFB8
FCD3
0034
FDF4
FE41
FF0D
FEA2
FE08
FFCC
FE7E
FECC
009B
FE31
00BC
0011
FF90
0162
0035
00C8
0157
010D
00B9
0227
008E
014B
022A
FFCC
0260
00B0
0083
01E8
0035
00DC
014D
0087
0036
026F
FF02
01D8
0213
FDF6
0524
FE31
0194
0423
FC55
062C
FE9C
0059
04C9
FC17
0477
FF62
FEEA
030A
FD2F
0110
FF98
FE4B
FFE3
FED0
FE3C
FF1E
FECD
FD81
FFF5
FD96
FEA9
FFC3
FD7E
002A
FEEE
FF0F
0047
FF9B
FFE5
00BE
006D
0033
01F9
0004
0195
01D3
0038
028A
00E6
0127
01DE
0110
0092
01F0
003A
FFE6
029C
FD3D
0220
FFC6
FCC9
03E1
FABB
0116
0019
FA83
03DE
FAA3
FF8E
00B0
FABF
0277
FCD9
FECD
00DC
FD78
00A0
FFC7
FF7A
007C
00ED
FF9D
01B1
0101
001A
02E9
FFEC
01E7
01FB
0043
0267
00DA
00FA
016B
00CE
0040
0120
FFF1
FFAC
00DC
FE6E
0014
FF59
FE4A
FFA6
FE7F
FE52
FF09
FEC4
FD61
0071
FD47
FE9E
013B
FB55
02D9
FDF1
FE1D
0431
FAF3
0417
FFF1
FE0B
059C
FCA6
0388
01CC
FED8
0476
FF5F
01D2
021A
0037
0180
0152
0020
00B2
012B
FEA3
0157
FF2B
FECB
00D8
FD7E
FFD5
FEE5
FDF1
FF6A
FE41
FE62
FEE8
FEB4
FE29
FFBF
FE68
FF1B
0030
FE8B
0086
FFFE
FFD1
00D1
00ED
0003
01D6
0149
FFB3
0412
FECD
0264
030C
FD6A
05EE
FDED
0127
0400
FB91
052C
FDEC
FF14
0336
FB7E
023C
FE7F
FDC3
00DE
FD3C
FF0B
FF06
FE1D
FE60
FF98
FD91
FF46
FFAC
FD70
012B
FE62
FF97
011E
FEAC
016A
005F
005E
0176
0100
00E6
01BE
0160
00DA
0261
0093
017E
01B0
0059
015B
00DB
0015
0074
00DC
FE49
0151
FEE5
FDDC
024C
FB21
0147
FEF5
FB56
039B
FA06
0097
001F
FAA6
03B7
FBAF
FFDE
0151
FC8A
0279
FEF3
FFE3
0193
FFFB
00C3
01B8
00BF
00D7
02CB
FFAE
0284
019F
FFE3
033C
FF99
016B
0175
FF7C
0152
FFEA
FFBB
000D
FF9F
FED1
FFC0
FEC3
FE71
FF8F
FDDC
FEDD
FED7
FE31
FEA5
FF57
FDF3
FF54
0015
FD12
0244
FE01
FF76
033F
FBE5
0498
FF51
FF1E
05A4
FC21
04CD
0108
FED7
0581
FDCE
02E8
01C6
FF29
02BE
FFD6
004A
00DD
FFF7
FF13
00E5
FE81
FEFF
008B
FCC4
0080
FE2F
FDB4
0052
FCF4
FF6C
FEDC
FE15
FF8C
FEED
FEFB
FFB2
FFCC
FF44
00D4
FFE6
0059
014F
0062
0128
0190
0105
010E
02B1
FFC5
0282
01E4
FEC6
04C3
FDCD
01B5
02A7
FBDF
0510
FCB3
FF9D
02AC
FA79
0346
FD25
FDDF
019C
FBB4
0081
FE90
FDCD
FFC4
FEA5
FE56
FFAA
FF1F
FDF2
0109
FD91
FF99
004E
FD07
0139
FDEB
FEBF
0027
FD6D
FFA8
FEA2
FE51
FF0E
FEC7
FE61
FF35
FF0A
FE97
FFFF
FF0A
FFA1
0048
FFF6
0002
0162
0027
00A5
02D2
FEB0
0396
00EE
FF72
0571
FD0B
03EE
01B2
FD7F
05FE
FC5F
0231
01CE
FC5E
03DF
FD1E
FFAE
00C7
FD03
003C
FE9A
FE1B
FEFC
FF06
FD50
FFD9
FE59
FDAC
0115
FCD2
0075
FFDE
FDF9
0205
FEA5
00B0
013C
FFBD
019F
00EF
00E8
016E
017A
00CA
01C2
012E
00D9
01A5
00D4
00CB
014D
00E7
FFFD
0250
FF66
0108
027D
FDB2
0466
FF14
0049
04C0
FC4E
0556
FFF8
FF49
05A3
FC8E
0402
00E5
FE97
03D7
FE0E
010E
00AE
FEB9
0025
FFBC
FE5F
FF57
FFA1
FCE7
00A3
FD7D
FE03
0095
FC17
0091
FE69
FDEF
00E0
FDD0
0029
FFF3
FF59
009A
0066
004F
00F5
012D
009D
01BA
0137
012D
01B6
018F
00C6
020F
0115
0000
0319
FE48
01C7
0136
FCD6
0422
FC26
003C
019A
FA69
03C4
FBEF
FE81
01B7
FA94
01FF
FD91
FDDC
00E5
FD35
FFA1
FF75
FE90
FF10
0042
FDB9
0007
FFB5
FD1C
019C
FD08
FF35
003A
FC67
00E2
FDA9
FE63
FFEC
FD93
FF8D
FF05
FED9
FF8C
FFB6
FF64
0035
0059
000F
00F8
00E0
00B3
015E
01C0
002D
02E4
00AD
00A0
03E8
FDE3
03CB
00A3
FE60
0522
FBE0
02C3
00B2
FC3A
0453
FB99
006D
0073
FBDA
019F
FD26
FE6C
FF9F
FDB6
FE95
FF75
FE25
FEA5
00B1
FD1B
013B
FF96
FE5D
02EA
FDE3
01D2
0159
FF2A
0322
FFDE
0179
01EE
007D
01C2
0141
00F6
0134
0147
0095
0124
00EF
0091
00D8
0130
001A
014B
016A
FF4A
0363
FF4F
0141
0384
FD64
0539
FF52
0036
0509
FC28
04C6
FFBB
FE99
0440
FC59
0204
FFDD
FDBB
0147
FE01
FEE0
FF78
FE86
FDF1
002F
FD60
FECC
0058
FC2C
0175
FDD6
FE44
0175
FC7A
0105
FEE8
FE24
00C3
FDDA
FF7F
FF36
FE74
FF12
FEE3
FE7C
FEC2
FEE9
FE6D
FEE1
FF11
FEB7
FEFF
0025
FE27
00CC
0003
FE65
0369
FD97
022C
0243
FD6E
05EB
FDE2
0215
03F0
FCFD
05BB
FEF4
00C6
039B
FDC5
02D5
0007
FF73
011E
FF81
FF07
0046
FF11
FDE6
011A
FC91
FF9D
FF9C
FBFB
019C
FC8F
FEE4
0058
FC8A
0118
FE62
FF16
00B3
FEEC
0086
0065
004D
00CC
011B
00D3
0140
017C
013F
013D
01FC
00D0
014C
025B
FF16
0300
FFF0
FF5A
039A
FC34
02C9
FF7F
FCC4
03EB
FAB4
0132
FFA3
FB6F
02A5
FBAF
FF48
FFD9
FC98
0046
FE81
FE76
FFAF
FFBF
FE36
0165
FF4F
FF47
02F3
FDB2
02D3
0100
FF2E
0440
FEC3
027F
020C
FFAD
032A
0035
0141
0190
0047
00EE
0090
001C
0009
0004
FF74
FF52
FF74
FEF4
FE62
FFD2
FD6F
FF0B
FF89
FC1A
019E
FC92
FEAA
01A6
FAC7
035B
FDA4
FE83
03BF
FBA5
03AB
FFEB
FEFB
0403
FE6E
024E
01AB
0031
01FA
0192
0053
01C2
01C4
FF15
0379
FF3B
00AD
0306
FD8B
03A3
FFB2
FFE1
0358
FE5A
02AD
00F0
0033
0294
0055
018D
0182
00F9
0145
013B
00D8
00C3
00C9
0077
FFDB
008F
FF82
FEF8
00E7
FD20
0056
FF21
FC59
0246
FB34
FFE7
001D
FAB6
0357
FB9F
FF6B
0190
FB7A
030C
FE27
FF72
021C
FE94
0177
011D
005C
012C
0257
FFA4
02AC
01B5
FF5E
0480
FE94
0220
025E
FDE5
03DE
FE71
004F
0192
FD94
014A
FEB7
FED1
FFD8
FE3F
FF03
FED6
FE95
FEAD
FED8
FEBB
FEA4
FF10
FF25
FE45
0032
FE56
FEE3
00F4
FC75
01A9
FE49
FD7C
02B1
FAB7
01B3
FEC3
FBF3
0314
FACB
0077
FFA2
FC1C
01DF
FD43
FF54
005B
FEA7
FFE3
00D4
FF64
0066
0240
FE58
0357
0084
FFCE
0495
FE02
0387
0190
FF34
0441
FEB3
01E3
0174
FF15
01DB
FF6D
FFF3
0026
FF2F
FF68
FF3A
FEED
FEC1
FEC4
FECE
FE20
FEF6
FEBB
FD92
0078
FD33
FF70
0099
FC4B
0311
FD92
FFB8
0338
FC0F
048A
FF3D
FFB2
0487
FD6E
03B4
0106
FFD4
0347
FFF4
0141
01BD
00AD
0049
0287
FF2E
0145
023B
FDCF
0410
FEF4
007D
039B
FD81
0405
0035
0034
03A4
FEFC
02A3
0135
0058
0212
0050
00D7
00B7
0036
0019
FFF1
FFB6
FF45
FF43
FF80
FE0A
FFB8
FE82
FDA6
00E8
FC20
0046
FF52
FC13
02F2
FB8E
004C
00D2
FB5F
036A
FC85
FF5A
0143
FC1D
015F
FE32
FE3E
FFE2
FE4B
FE28
FFAB
FE46
FDB6
0123
FC33
008A
FFD5
FC94
0352
FCCD
00E4
01CC
FD65
03C8
FF0F
00FA
0298
FF61
02A0
00EA
00FD
01DB
00E1
0139
012B
0103
00E5
00D6
0119
0062
00EC
015C
FF79
027D
FFF5
0073
0361
FDE4
03FB
0082
FF78
052B
FD26
03D1
014D
FE68
04A5
FDA7
01A5
012E
FE28
017C
FF16
FEEF
FFCF
FF4A
FD88
00A8
FD9B
FE04
0140
FB33
017B
FE30
FCF2
028A
FB6D
011A
FF6F
FD0E
01FC
FD22
FFDE
FFC6
FDE2
000F
FE82
FECB
FF0D
FE99
FEAF
FEAF
FEC6
FEA0
FEA1
FF7D
FE32
FFBD
FFD0
FDFF
022A
FE18
00AC
024B
FD3D
0494
FEDD
00AF
043B
FD2D
04B2
0020
0006
03FD
FE78
027B
012B
FFEB
01A3
0103
FFD3
0192
0135
FEDF
03B2
FEAF
0154
0332
FD70
04F0
FF52
00B0
0421
FDBD
03ED
0056
FFF7
02EC
FECB
0171
0051
FF68
0072
FF4B
FF5A
FF44
FF06
FEDD
FEAD
FF01
FE69
FE81
FF94
FD58
0004
FEBC
FD81
01CE
FC2C
00C4
FFEE
FC37
0343
FBED
001F
00C4
FB9F
025E
FCEB
FEA7
005A
FCD7
FFA8
FED6
FE0F
FEF9
FFE7
FD35
00D8
FF4D
FDB6
034B
FCB3
01FD
0186
FD7B
04F5
FE0C
01E6
02E1
FE60
0417
FFD9
0122
0272
FFBF
01F3
00D1
00AA
012B
00B4
00C2
00C5
00E5
00D4
0097
0194
0062
012C
0227
FF5A
0356
0041
0086
03FB
FDAB
03ED
005E
FEE4
045B
FCB7
0252
0051
FD87
025E
FD63
FF8F
FFCB
FDE9
FEF6
FF78
FDA6
FED8
001A
FC0E
0191
FDA0
FDCA
026C
FAFE
0226
FEBA
FD0F
02E7
FBB8
00EB
FF76
FD0B
0142
FD3D
FF2E
FF40
FDD7
FF42
FE87
FEA2
FEEB
FEF3
FF14
FF21
FFB6
FF9C
FF77
012B
FF25
0132
0173
FEDA
03D9
FF0A
018B
0353
FDB8
04E5
FF54
0099
03E3
FD91
0390
003D
FFC0
02AF
FF6D
0109
0166
0063
0060
029C
FF1D
01FC
0252
FE2D
0508
FEA6
016E
03D8
FD0B
04F2
FF1E
000E
036A
FD2E
0287
FF71
FED2
0131
FE01
FFB5
FF19
FE6C
FEFC
FE93
FE7F
FE86
FEA7
FEAF
FE5D
FF63
FEA7
FEC4
00B1
FDB5
0137
FFF6
FE6E
038B
FD8F
025B
01DF
FE27
0501
FE8C
020A
02F5
FEBC
03B9
0046
00C5
020D
0057
003E
018E
FFA4
FF4F
022C
FCA0
017F
FF60
FC5A
0316
FAF0
0053
FFD3
FB1F
0296
FBD3
FF37
005B
FC5D
0151
FE39
FF3F
0099
FF01
008B
0058
0063
00D1
00FA
010E
0112
017E
017D
00CF
026B
008C
014A
0293
FEC4
0347
FFB3
FF96
033F
FC96
0289
FF46
FD9A
0288
FC1E
0061
FF46
FD0D
0042
FDE8
FE35
FF3C
FEBE
FD77
00DC
FD87
FEEB
01D0
FBCD
0334
FEB7
FEA6
0455
FC41
03CF
00B4
FEF1
04C4
FE4C
02D5
01E1
FFC8
031D
003A
014F
016C
0067
00D7
0084
0028
FFF9
FFE2
FFA9
FF07
FF95
FF02
FE1C
0035
FD22
FF41
FF80
FC29
01A2
FC8D
FEF5
010B
FBAE
027A
FDF6
FF03
0233
FD97
01E9
0078
FFE7
01BF
012F
004C
024D
018C
FFAA
0467
FEB1
0237
02FF
FD2F
0548
FDE8
0078
0322
FBD8
0384
FE03
FE94
01BC
FC55
00AF
FE86
FDF6
FFD5
FDF1
FEE2
FEE8
FEA3
FED8
FF10
FEF7
FEF0
FF3E
FF64
FE8C
0001
FED1
FE85
00D6
FCD7
0085
FEFA
FCD2
01F6
FBBD
0000
FFA4
FC02
01E7
FCCD
FF42
006E
FDA3
00A0
FFC9
FF5B
0088
0148
FECE
02BA
0074
FF86
04B7
FD6A
03B5
01C2
FE15
05DC
FD41
02A1
0262
FD97
0489
FE78
0119
0229
FEC5
0260
0046
00A9
0192
00B4
012D
015E
013D
0136
0175
0161
00F6
0167
0152
FFF4
020E
FF88
0025
01B8
FD3A
020D
FE6D
FE1B
01E2
FBA5
00FE
FE8B
FD05
012C
FCBA
FF60
FF60
FDF6
FF3B
FFB2
FDFB
FF91
0051
FC8C
0243
FD5C
FE76
025B
FA7B
02BA
FDA5
FCF3
02D0
FA64
0167
FE91
FCA5
01D3
FC73
0001
FFA4
FE29
00A5
FF4C
FFEA
0079
0060
0082
010E
0103
0108
0163
01A4
00DA
01FA
0186
004D
0316
FF6B
01A0
01EF
FE0C
036A
FE3A
FFFA
01C2
FC98
01DA
FE31
FE4A
0076
FD60
FF07
FF17
FE0A
FE3D
002D
FCA8
0012
FFB0
FC3C
0355
FC3C
008B
0234
FBC2
0501
FDD8
0092
03D4
FD28
0476
0015
008F
037B
FF64
027C
0140
00A1
01A3
00B9
0093
00B0
0061
FFDE
0013
FFB6
FF35
FF56
FF7F
FDF4
FFCB
FE4D
FDBD
0094
FC2C
0021
FEDE
FCB7
01ED
FC75
003B
0068
FD7C
021B
FEF8
002F
016E
0029
0094
0219
0053
00CA
036C
FE30
03D6
00D8
FEDE
057C
FCA0
037A
0198
FD66
0579
FD16
0210
0230
FDD5
03EA
FF30
011A
0234
FFD4
0213
0127
010D
0188
0162
00EE
0157
0113
009F
00C6
00B0
FFC7
0042
003E
FE4C
00F3
FE1B
FEB8
00B3
FC15
010A
FDDF
FD88
013E
FC14
0061
FEF7
FDAB
008B
FE59
FEED
FFD4
FF24
FE1A
012C
FD60
FF3F
011B
FB20
02BA
FCC9
FDB1
0287
F9C1
0289
FDAE
FCD8
02D7
FB2A
017C
FF78
FDD3
0231
FE66
00CC
00F5
0007
0152
0125
00F6
0169
01A3
010C
01AD
0179
011C
013E
0194
0021
0164
00CB
FF0B
0232
FE20
003F
00B6
FCC4
01D4
FD52
FEA2
0067
FC66
0022
FE3B
FDE9
FF68
FEB3
FE00
0011
FF0B
FDEA
0281
FCD5
0181
018D
FCBD
0573
FD4C
01B2
03AE
FCA7
05C2
FED2
00EC
03EC
FDD5
03B1
0046
0041
026D
FFAF
0149
00FC
007D
00D9
0127
007C
010E
013E
00B7
014F
0164
00ED
014F
01F6
000E
0267
00D5
0004
0310
FE5E
01EF
00A9
FE33
0278
FDAC
FFFE
001A
FD97
FFF4
FEA3
FE13
FEFC
FF2E
FCD3
009D
FDBA
FD9D
0233
FAF4
0240
FF35
FCCA
04BA
FB75
02B2
015F
FD48
0539
FDDC
0223
029C
FEF8
03A2
005F
0148
0219
009F
013C
0138
0089
0072
00D1
FF9B
0018
FFD8
FF30
FF47
FF88
FE5A
FF13
FF6B
FD37
0071
FDAB
FE56
00A6
FC50
00EE
FE71
FDFB
011F
FD57
FFF7
FF89
FE64
FF82
FFA9
FDF3
FF9F
FFB6
FC6A
01F1
FC76
FE9B
0199
FA12
0324
FCD6
FDA8
0330
FA5E
030F
FEDD
FDFA
0397
FD2C
0237
00FF
FF95
02A6
006E
0161
01C9
0141
0134
01E8
00F1
011F
0188
0063
00E6
00AE
0009
FFF3
008E
FE9D
0015
FF92
FD91
0104
FD0E
FF12
FFD3
FC56
00C4
FD81
FE5C
000B
FDAB
FF88
FF9E
FEE1
FF7D
0135
FE0B
01D7
00C7
FE35
04EB
FD59
02B3
0300
FD0B
0683
FDD9
01E3
03F7
FCE4
051F
FEF5
004F
02D9
FDD2
01DD
FF9E
FF1E
0057
FEF6
FEF1
FF50
FEC5
FE46
FF52
FE06
FE9A
FEEF
FE3D
FEC5
FF2F
FE9A
FF17
0041
FE2D
010B
FFCF
FF26
0298
FE8B
01F5
016B
FF84
0316
0019
015A
01FD
00B3
0106
0222
0026
00E5
02C3
FDDF
03AA
FFD3
FEFD
04F8
FC06
0411
00DF
FDD2
0605
FCAD
034C
0237
FE29
04F6
FED3
01C9
0245
FF60
0227
0064
003A
00AE
002C
FF56
0039
FF41
FED5
FFCC
FE50
FEF3
FEFD
FE6F
FE86
FF52
FE03
FEF7
FFAB
FD4E
00C0
FE2B
FEA8
00E9
FD13
00B4
FEF6
FE40
005D
FE44
FEDB
FF77
FE9E
FDE4
0091
FCCB
FF48
005A
FB39
02F9
FC6A
FECD
02D1
FA6E
0446
FE1D
FEBD
046D
FC24
03E6
0080
FF70
0407
FF1E
0259
01C7
008A
01FD
0148
00BE
0145
011F
FFE0
014A
FFD2
FFCB
0067
FF10
FF74
FF77
FEC4
FE95
FFA5
FD7F
FF36
FEFF
FD08
0098
FD39
FF03
000D
FD65
00C0
FF11
FF50
00AB
0017
FFB6
01B0
0069
FFDB
03B9
FE1A
0324
01F1
FDF1
0619
FD1D
02A0
031D
FC7F
0601
FD9F
0121
0354
FD04
0406
FF6B
004F
0295
FF61
01CC
013C
00BF
0161
01B8
008F
01C1
0173
0064
020B
005F
00C4
010C
0016
0017
0076
FF54
FF53
0059
FDA0
001C
FEAD
FD94
0077
FCE0
FF41
FF0D
FD84
FFB3
FEA6
FE8B
FFA2
FFC8
FE15
01CD
FEC5
FF93
0354
FC94
0443
0015
FEDE
0602
FC49
0492
0196
FE36
0609
FD59
02CC
01FC
FE3D
035A
FED9
0051
00CC
FEE8
FFCB
FFB0
FEB9
FEFA
FF98
FDBE
FF87
FE9C
FE18
FF97
FE2D
FEDD
FF34
FEC9
FEB5
FFE4
FE61
FF47
0018
FD95
00BC
FE6E
FE8D
006E
FD6F
FFAD
FEEC
FE1E
FF15
FF19
FDB2
FF87
FF45
FCE0
021B
FCAD
FFE4
01F1
FB65
04BD
FD91
FFE6
0478
FBBA
055B
FFA0
FFCC
04FB
FDAE
03BB
0136
FFF1
0313
FFEC
0124
0135
0042
0021
00F0
FF2F
FFDB
0032
FE22
0029
FE90
FE7C
FF5A
FE2F
FE80
FEEC
FE63
FE36
FFC5
FDB1
FF8D
FFB3
FDF8
0143
FEC6
000C
0127
FF78
012E
011A
007A
0122
0247
FF62
02F8
0119
FF46
04F5
FD44
032F
0206
FD06
0623
FCA5
0216
02F1
FC6A
0565
FE21
00F8
032E
FE21
0359
007C
00B0
0246
00BF
0119
01C3
00EF
008C
0209
FF96
0112
00C2
FF19
00F9
FF23
FF57
FFAF
FED9
FE9C
FF5B
FE42
FE47
FFA5
FD22
FF92
FEAB
FDC9
004F
FE05
FF75
FFEE
FF28
FFCC
00EC
FF5A
00AE
021E
FE2E
03F5
FFBE
0023
0517
FC97
0525
0095
FEB9
0623
FC28
03CF
011F
FD9B
0466
FD12
0105
00A6
FDA7
00EA
FE88
FEAD
FF4F
FEB8
FDF1
FF88
FE0E
FE32
FFDB
FD50
FFBF
FF00
FE71
003D
FF14
FFB3
0055
0026
FFF3
0187
0019
0101
020C
FFD8
0291
0101
00EB
025D
00AE
014B
01A7
00C1
0044
0247
FE9B
012C
011E
FCB6
039B
FC63
FF88
01E3
F9EB
03A8
FC0B
FDCD
0250
F9C3
0257
FD85
FD5C
01D6
FC5E
00A6
FF99
FEB7
00B8
0008
FFCF
0103
00F7
FFE4
0280
003A
0155
0265
0008
028B
0117
00F3
01D9
00D1
00B8
012A
006E
FFCA
012A
FED2
000A
FFF8
FE1B
0038
FE6F
FE9A
FF4D
FE8A
FE27
FFAD
FE2A
FE15
0111
FBFC
012A
FF1A
FC63
03BB
FACC
0154
0078
FAF7
045A
FB1B
FFF8
0100
FAEE
027E
FCB5
FE7C
005F
FCD2
FFD4
FEDC
FE77
FF68
FFD2
FE81
009E
FFFD
FF2B
0216
FF38
0155
018D
FFFA
0243
00DB
011F
01B4
013B
00CF
01D4
00C8
00A7
01FE
FFB6
0184
00F2
000C
0191
0090
0086
015C
0130
FFDF
02F6
FFCA
0113
0397
FD8B
04DD
FFB6
FF98
0558
FBBE
0481
FFF5
FDA9
04D4
FB7C
0203
FFF4
FCBA
021F
FCDC
FF35
FF72
FD96
FEF6
FEEE
FDF3
FEC9
FF92
FD63
0078
FEB3
FEBC
0132
FE3F
00F8
0063
FFC0
0180
0090
00DC
017F
0157
00C8
024A
00CF
014F
0224
0033
01D8
00F1
0060
00F7
00AA
FF59
00C9
FFDF
FDF4
020B
FC89
FFF2
007B
FAC9
034E
FB5E
FEB8
01C1
F98F
0373
FC87
FE0D
0291
FB40
0265
FF0F
FEB8
0231
FEE6
0101
013D
0086
00EF
023B
0039
01E2
022A
FFC3
0342
0031
0112
023A
FF63
01B7
0040
FFD5
0085
FFAF
FF3D
FFC9
FF2D
FE77
FFDF
FE02
FEEE
FF31
FDFA
FF2A
FEE1
FE5D
FF02
FFB5
FD6C
00BC
FE94
FDC7
026A
FB67
01AA
FF69
FBCE
040D
FA67
00DE
0045
FAA5
038B
FB57
FF5A
00A5
FBB9
0188
FDEA
FEC9
0071
FED9
FFA8
00AD
FFCB
0000
0217
FF21
0221
0169
FFDA
035F
FFE8
01E3
0213
003B
022E
00DD
00C0
011D
00B4
FFE4
00CC
FFC1
FF5B
0060
FE8F
FF6D
FF41
FE73
FEBC
FF44
FDB4
FEED
FF87
FC60
0173
FD15
FE76
0231
FACF
0381
FE3F
FE18
04B1
FB47
0410
006D
FE62
0535
FDAD
02F3
01FB
FF89
0346
0083
0117
01C6
00F5
0022
01FD
FF9C
0015
0196
FDBD
0161
FEF2
FE55
00CC
FD44
FF90
FED4
FDE1
FF2F
FE68
FE53
FEEA
FEEA
FE4D
FFD0
FED9
FF4B
0046
FF63
0038
00B5
0042
0068
0229
FF5F
0240
01C7
FECF
04F2
FE23
0233
034C
FCAC
0605
FDCF
00E0
0415
FC07
04F8
FEF9
FFD4
03AD
FDDE
02C1
00E1
0029
0227
0109
00B4
01FE
0162
001F
031A
FF82
0168
01F6
FE87
0290
FF18
FFC3
0103
FE22
0037
FF0E
FE9C
FF39
FED3
FE4F
FF06
FEBE
FE2D
FF76
FE61
FED4
FF56
FEDD
FEC0
FFF6
FE8F
FEE1
00E4
FC9A
015C
FE95
FD01
02EF
FA82
0168
FF3C
FB23
03C9
FA5E
0070
0057
FB3B
0318
FCB9
FFAF
0130
FDD2
016D
0026
FFF9
0121
0164
FFD8
027B
0104
004E
039E
FF30
0299
01BB
FF84
0334
FF72
0118
013C
FF58
00D9
FFCC
FF72
FFAE
FF7A
FE97
FF68
FEB8
FE55
FF1C
FE52
FE59
FEF2
FEAB
FDE5
0060
FDA0
FF6D
010E
FC6F
034C
FE22
FF7D
0419
FBC9
04F1
FFB2
FF1F
0596
FC9E
042F
012F
FF00
0461
FEBB
01E0
01A7
FFDB
0171
0133
0003
0125
0199
FF06
02E4
FFDB
0077
0318
FE9D
0312
00D9
0042
030A
FFC5
01DE
015D
006F
0153
00BD
0040
007F
0051
FF60
0023
FF4E
FEFE
FF50
FF00
FE1F
FF62
FE73
FD7A
00C1
FC2B
FFF4
FFB8
FBB5
0366
FBD1
004F
0213
FB43
04F9
FD75
004F
03C1
FCCE
045D
0006
005D
0367
FFAD
0209
01C4
00C1
011F
022B
FF7A
01A0
0125
FE64
02BC
FE01
0007
00E8
FCEF
0146
FDE8
FE7E
FFE3
FD65
FF3C
FE92
FE45
FEDA
FEE8
FE7E
FF3C
FF52
FEFF
FFE6
FFD3
FFB2
006F
00EA
FF75
024F
003F
005C
03D0
FDF9
040D
010E
FEF3
05D9
FCB6
03B2
01B4
FD49
0569
FCAF
017C
0176
FCCB
0277
FDE2
FF06
0014
FE02
FEB7
FF6C
FDF0
FE45
0027
FC6B
0069
FEA6
FD56
01D1
FCC1
00AF
003D
FE1E
022D
FF07
00C6
0165
0021
0194
013F
011E
017F
01AF
010E
01A5
016C
00FB
0123
0150
0004
00F5
00CD
FE61
022D
FDCE
FF79
017D
FB29
02D6
FCD6
FDB2
028D
F9C4
0289
FDB2
FCCF
02BD
FB21
0118
FF3C
FD60
0129
FE16
FF1D
FFCF
FEEB
FE56
008A
FDA8
FEF9
0067
FC1A
0145
FD8C
FDE8
0111
FC1A
00B4
FEB5
FE1A
00EE
FE44
002F
0032
FFBC
00A5
00BE
0096
0112
0160
00FE
017B
01A2
012F
014E
0239
FFF3
0244
011C
FF19
03B2
FD74
019D
014D
FC17
043C
FBE6
FFD9
0183
FA6D
0318
FC4F
FE2F
0121
FB78
00C3
FE3D
FDFA
0001
FEC4
FEB1
0058
FF8B
FEC4
0258
FE28
0181
01C3
FE58
0420
FF2A
0186
02F1
FF0A
0371
0083
00F4
0241
0021
015B
00D4
0055
006B
0054
FFAB
FFBD
FFA9
FF25
FEE9
FF7C
FE35
FEA5
FFB8
FC88
0097
FDBB
FD68
01F6
FAE9
01E1
FEFF
FCAE
0441
FB74
0256
0123
FD42
04BC
FDFD
01BE
0266
FF2C
02D0
00F1
00BF
01C4
0197
FFC9
02AE
004D
FFFC
0362
FDE1
02CB
00CC
FED7
03D4
FE4C
020A
01A4
FF5A
02F6
0026
015A
01D4
00B6
0187
014F
00FC
0104
0113
008F
0072
0091
0006
FF62
00B9
FE38
FFB0
0006
FC6B
01C3
FC8A
FE74
0144
FA3B
02A8
FCCE
FD90
02B5
FA8C
028A
FEC9
FDE1
02F8
FD7B
0179
00FA
FFA8
019D
0161
004E
01E6
020A
FF77
03EE
FFB8
0126
036E
FDD6
03C5
FFA0
FF91
02C3
FD7C
0183
FF7B
FE77
0099
FE25
FF34
FF0E
FE79
FEC9
FED3
FE93
FEAD
FEEF
FEE0
FE8E
FF8E
FECE
FE8D
00BE
FD31
0095
FF83
FCD0
02C5
FBB0
0053
006F
FAE7
035F
FB7C
FF1A
0113
FAD3
0240
FD3C
FE6F
010A
FD7A
005C
000A
FF58
003D
0182
FEED
0215
0142
FF0F
0457
FE91
0243
02A7
FE53
0473
FF2C
0130
029A
FEC2
029F
0031
0070
019C
0024
0108
00F6
00CD
00F8
0131
011C
0108
0170
017C
008D
0266
0071
00E1
02D2
FE30
0340
FFB9
FEC4
03D2
FBB1
0285
FF6E
FC76
0371
FB02
0089
FF8F
FBE4
0184
FCC6
FEB7
FFA1
FDD3
FEF8
FFD7
FE5B
FF55
012F
FD4C
0258
FF99
FEFD
03E3
FD75
0322
0157
FF28
0463
FF02
025B
0214
FFD7
02B9
0062
00F8
0134
0040
0076
003E
FFE2
FFA1
FF8D
FF7B
FEAD
FF63
FF06
FDB9
007A
FD10
FF27
002A
FBB5
0254
FCAE
FEAB
0204
FAB3
0307
FD95
FDE6
0299
FB61
018D
FEC9
FD85
00EB
FD93
FEDE
FF5F
FE5B
FE07
005A
FD1A
FF4E
0065
FC1B
0281
FD8B
FF3A
027F
FC8B
0336
FF8C
FFB2
0348
FEC6
0294
014B
0094
0273
00D5
017D
017D
0117
0111
00FB
00CC
005F
0059
008B
FF02
0095
FF3E
FE3B
0152
FC5D
0057
FF38
FBD3
0294
FB1B
FFCD
0054
FAEF
0315
FC58
FF61
0187
FCA7
0234
FF55
FFAE
019A
0045
005A
0207
00C0
003B
03A4
FEA0
02D3
01ED
FE6F
04E7
FE17
01E0
027B
FDCD
03EF
FEFF
00C0
0240
FEF9
0236
0089
00B0
01A8
00CF
0149
015B
014F
0145
0141
0183
00BC
012A
0171
FF57
021A
FF4A
FF7C
021B
FC50
0220
FE69
FD2D
02BB
FAA1
0149
FED2
FC0B
0273
FBAE
FFF0
FFC3
FD0B
00AD
FE91
FEAE
FFC9
FF74
FDD5
010A
FE05
FE6B
0198
FB73
019D
FE31
FCD2
024C
FB18
00B6
FF07
FCAE
01B1
FCF9
FFE4
0007
FE66
00DC
FF9D
0033
00C1
0092
00E3
0115
014D
0139
013B
0206
0098
01F1
01C2
FFA3
0374
FF00
012E
0263
FCED
03DE
FDC8
FF43
0282
FB32
0281
FDC5
FD8F
0176
FBED
FFF6
FEB6
FD8F
FF65
FEE9
FDE0
FFC9
FF97
FD6C
026A
FD90
005B
025F
FCC0
0461
FEE3
005F
03ED
FDA7
03F4
007C
003C
0353
FF55
0220
0126
0065
0198
009B
00D4
00E6
00CE
00CA
00BA
012A
00AA
00D4
01F3
FFBD
0269
011B
FFD4
0410
FE59
02D8
01E5
FE0D
04F8
FD7E
018B
020A
FCC1
0359
FDC0
FF56
00E3
FD39
FFE3
FEEB
FDFD
FEC1
FF89
FCB3
0033
FE88
FCD5
0253
FBA9
00E8
006D
FC65
03EB
FD15
0109
0225
FDCA
03AA
FF98
010C
0286
FFF8
024A
013E
0123
01A4
0122
0118
00F7
00E6
009B
001B
00D0
FF52
FFCF
007F
FD6E
012E
FDE8
FE09
0168
FB14
0163
FDF1
FCA5
0258
FAFF
00F0
FF4D
FCE9
0228
FD95
0028
00C5
FF3D
009A
0163
FFCB
012A
028C
FE93
041E
0028
0045
04D0
FD44
0449
00B7
FEE2
048F
FD35
023D
009F
FE0D
021E
FDF6
FFC6
FFB9
FE31
FF7F
FEA7
FEA4
FECE
FEB6
FEB6
FEA0
FF10
FECF
FE82
000E
FDDF
FFC2
FFDB
FD1B
01F6
FD06
FF6A
011A
FB6C
028B
FCF2
FE35
0183
FB3B
0148
FE08
FDA2
00AD
FD8A
FF47
FFC8
FEEB
FF0D
0171
FE19
011F
019D
FDA0
04A2
FE67
0155
03E4
FD3D
0548
FF95
00A6
041F
FDFE
036D
006A
FFD9
0240
FF10
00C0
0019
FF5B
FFD3
FF4D
FF15
FEF5
FEEB
FEC7
FE47
FF20
FE38
FE2D
FFF6
FCDB
0044
FEF1
FD5E
0276
FC7C
0152
00E5
FD42
0434
FDDC
017A
0287
FE70
0390
0041
00E5
0250
00BE
00CA
023D
0078
0048
034B
FDE6
02EE
00F7
FE1A
04FE
FCFF
0285
0225
FD8A
0513
FE5A
01BD
02D5
FEBF
038D
0043
010B
021B
002F
015A
00C4
0066
006B
002C
FFDE
FF86
FFA0
FF5B
FE77
FFED
FDF9
FEB3
0008
FC56
0104
FDA7
FDCB
01BB
FB5E
019D
FEA5
FD3E
026B
FC36
00A4
FFA8
FD81
00BC
FE5D
FE9A
FF88
FEE9
FD7B
00B6
FD35
FE6D
0129
FB01
0249
FDB3
FD91
0336
FB20
02B5
FFA8
FDFA
03E9
FD92
0241
0175
FF87
0308
0052
0191
01D8
00F9
018D
0159
0116
00FC
00F2
00C1
0020
00A8
0008
FF0F
010F
FDDE
FFD9
FFF1
FC71
01BE
FC7D
FEBA
00A5
FB21
01CB
FD28
FE1C
0139
FC90
00DB
FF6A
FEDF
00C3
0045
FF76
0191
00ED
FF2B
0409
FE77
0221
030F
FD65
05A5
FE6C
0124
03F6
FCD3
04A8
FF4E
0007
0355
FE12
028E
0084
0011
0208
0037
0138
0146
0105
0138
0167
0141
0127
015E
0169
0073
01C7
0073
0002
022D
FE07
018F
FFDC
FD8E
028B
FC2B
0047
FFC4
FBFB
01BA
FC7B
FECC
FFD5
FCEA
FFCA
FEDB
FE59
FF78
0031
FDB8
01AC
FF76
FE9F
03EE
FCC3
0337
016E
FDED
05DF
FD6B
02EC
02C7
FE0C
0504
FEED
017B
026B
FEDB
0240
FFE7
0003
00A0
FF75
FFA2
FF8B
FF29
FEEB
FF01
FED2
FE5D
FED3
FED6
FDA0
FFF3
FDB3
FEA3
0093
FC79
01B5
FE7E
FE93
02BE
FCDD
0289
005E
FF15
036C
FF1D
01DA
01E5
007A
01B5
021A
0048
01C0
025C
FE72
0400
FEF1
FFE2
03A0
FB98
03B1
FE76
FD9F
0357
FAC6
01A5
FEAB
FC9A
01A4
FC21
FF8C
FF0F
FD75
FFD6
FE65
FEF0
FF72
FF50
FF71
0002
0003
001A
008D
00ED
0046
018E
0143
0037
032C
FFAD
020D
0283
FEC5
0442
FF2C
00FF
02D5
FDB2
02F2
FF42
FF4E
0166
FE36
FFBE
FFAB
FE78
FE82
0047
FC97
FFD7
FF4B
FBB0
02A6
FB6D
FFA1
0135
FAB4
03EB
FCC0
FF7F
02CD
FC34
0399
FF56
FFF2
0304
FF16
0258
0148
00D4
01FF
013D
013B
0178
0144
00D6
011C
00C8
004B
0069
0089
FEED
00AF
FF16
FE66
0119
FC89
0054
FEE5
FC91
019B
FBF8
FF96
FF9F
FC93
0119
FDE3
FF0F
004B
FF0B
FF83
011E
FF74
000D
02D7
FDC6
0397
00C5
FEF5
05B7
FCF8
03E8
0211
FDDF
05E7
FD6B
0241
0231
FD9E
0371
FE6F
000E
00DB
FE31
002C
FF03
FEB7
FF0D
FED1
FE57
FECC
FEA4
FE5D
FEBF
FEF4
FE60
FF3A
FF9B
FE12
0122
FEB1
FFAF
0205
FDB7
02F2
0001
FFD7
03AC
FE95
02E9
017C
0022
02ED
009E
0111
01D3
00FC
FFC8
02B1
FEBC
0074
0229
FC08
037E
FD68
FE2D
02DF
F9F6
029A
FD9B
FCA1
027D
FAAE
00DF
FEBC
FCFC
0142
FD64
FFBE
FFE0
FEF2
0045
0026
000C
009A
00F6
0086
0150
0149
011A
016A
01EC
00A2
020B
0193
FFEE
0329
FF26
014D
01C5
FDCF
02D4
FE42
FF7E
012A
FD0E
00AB
FEA4
FE30
FF8B
FEB2
FDD9
FFC4
FE97
FD4E
01BD
FBE9
006C
0051
FB58
03E8
FB9C
FFDF
01BA
FA96
0397
FC92
FE9C
0191
FB75
0151
FDED
FDF3
002E
FD85
FF39
FF09
FEAA
FF28
FF9A
FF15
FFCF
0026
FFC7
0087
00C4
0074
00FD
01CC
000A
0289
011C
006E
039B
FF08
02B5
0187
FF24
0378
FEB6
010C
0125
FE9A
00E8
FF82
FED7
FFA0
FFAD
FD2B
00CB
FDBC
FD73
01DE
FA76
019D
FE70
FBE9
03C1
FA6B
019D
0047
FC32
042C
FCDF
013C
01CF
FE4B
031A
FFFF
0112
020F
00C2
018B
01B2
012B
0138
01B7
009C
012B
00F7
0052
0065
0099
FF56
FFF4
002A
FDCF
00DF
FDED
FE6D
0093
FC19
0099
FE06
FD85
00A7
FCEA
FFA2
FF56
FE5F
FFB5
001D
FEAC
00A3
0105
FE02
03CD
FE8F
00E6
040B
FC9C
05B8
FF62
001C
057C
FC72
04DD
0059
FF19
0451
FD7D
021D
0079
FEA8
0157
FEC6
FF6A
FF91
FED6
FEA5
FF44
FE4A
FE85
FF0B
FE12
FED0
FEDF
FE8B
FED0
FFCD
FE42
0022
0007
FE6B
023D
FEA0
00F3
01F7
FEB1
0346
001B
00FF
02A6
002E
01E4
01C3
00C3
0110
026F
FEE5
024B
00D3
FDD7
0428
FC34
0133
012F
FAF4
0433
FB5E
FF4C
0154
FA45
0294
FC8E
FE1B
00E5
FC2C
008D
FEAD
FE92
0035
FF3D
FFA1
0064
0036
000C
0161
0052
0114
0187
00E3
0168
01BE
0106
0150
023A
FFD8
0260
00C6
FFBA
02C6
FE53
015A
0071
FE33
0176
FE34
FF3C
FFB2
FE47
FE85
FF98
FD9E
FE69
005D
FB95
0183
FDD2
FD26
034D
FA87
02BE
FFB6
FCD1
052B
FBF6
02B6
01C1
FDD1
04BB
FEB5
01C8
0262
FF9C
0284
00E3
00DE
0179
011F
0072
017F
00B0
006D
018B
0034
00F8
0120
00A9
00D4
01AD
0066
015B
020B
FFA4
0308
005E
00C4
02EA
FEF4
0274
0092
FFB8
01B0
FF70
FFE0
0055
FF55
FE73
00FA
FD0C
FF62
004E
FB07
02A3
FBF1
FE34
0219
F99C
035D
FD22
FDB5
035F
FB15
02DC
FF83
FE85
0334
FE69
01C7
015B
0047
01E5
015D
00FE
01AE
01B0
0095
021D
00BF
00CC
0176
0026
008B
0088
FFC9
FF87
007F
FE3D
FFD2
FF75
FD56
00BB
FD30
FECD
FFAC
FCDA
000E
FE3C
FE5E
FFA1
FEFD
FE92
008C
FF4D
FECF
02C4
FD45
0274
016B
FD97
05ED
FD1D
02C9
0369
FCE6
0679
FE1E
019B
03BB
FD4C
0423
FF52
FFF7
01F7
FE78
0098
FFBD
FEFB
FF5E
FF82
FE32
FF4C
FEF4
FDEB
FFA8
FE20
FEB7
FF3A
FE88
FED3
FF7E
FEA7
FEED
0033
FDB2
005C
FF0E
FE0A
00F5
FD59
FFAB
FF5E
FDB4
FFBB
FE83
FE3B
FF26
FF22
FD49
00E1
FDC0
FE7C
0233
FB72
0327
FF07
FDE5
0524
FB8C
03FA
0127
FDF2
05F2
FD6F
030E
026A
FED3
0415
FFB5
0148
01D8
0003
00EC
00D0
FFD0
0000
0085
FE8B
002F
FF1B
FE6B
FFBD
FE28
FEB0
FEE6
FE60
FE3C
FF66
FDEB
FEE4
FFD6
FD7F
00DD
FECF
FF36
0161
FEAE
0137
00BB
0029
0153
017C
002B
0207
01BC
FF3F
0453
FEB2
01AB
0373
FC9C
05A9
FE32
0040
0493
FB9F
0515
FF3B
FF54
047D
FD36
0355
00EB
FFC8
0312
0017
017C
01B8
00EF
00F2
01E0
0037
00F3
0153
FF43
0142
FF9A
FF70
0033
FEE7
FF12
FF55
FEA1
FE47
FFA9
FD69
FF19
FF17
FD38
0062
FDCA
FEFC
000A
FE55
000E
0005
FF77
0039
017F
FEC0
0281
00CE
FF28
0502
FD77
0383
0272
FD80
06A0
FD19
0273
032C
FC76
0539
FDB3
0042
022E
FCD5
01C4
FEA4
FE9D
0003
FE5A
FEA0
FF44
FE7B
FE33
FFD9
FD9A
FF55
FF4A
FDEB
0017
FE8B
FF05
FF9B
FEFB
FEE8
FFC5
FEBC
FEC6
001C
FD87
FFDB
FED1
FDC6
0020
FDA8
FEEB
FF3A
FE4F
FED4
FFDC
FE3B
FF89
00FA
FD14
02EC
FECE
FF51
046A
FC11
04CA
0066
FEB6
064D
FC7C
044C
01C0
FE5C
0543
FE06
020A
01B5
FEBB
01FC
FF92
FFA9
0037
FF86
FEA1
0016
FE75
FE71
FFEF
FD39
FF7E
FE95
FDE0
FF88
FE3F
FEC4
FF52
FF15
FEDB
006E
FF06
FFFC
011B
FF00
01D8
006B
007C
0217
0093
015C
01E4
0127
00D1
02F8
FF6B
0217
021E
FDC4
04B2
FD7B
009A
02E8
FADF
0483
FCC9
FE68
02C7
FA11
027B
FD7E
FD29
017A
FBDB
FFFF
FED2
FDD5
FFBF
FF00
FEBD
FFED
FFE4
FEDA
0185
FF55
008B
01BC
FF83
022E
00E4
00EC
01FF
0124
0136
01CF
0138
00B3
022C
FFE7
0129
011B
FF38
0147
FF69
FF78
0009
FF1F
FE91
FFEB
FE3D
FDFF
00D6
FBA4
00BD
FEA2
FBEA
034E
FA77
0123
0076
FB2F
04D3
FBDC
0104
0258
FC90
0465
FED9
00D2
02DA
FF63
026B
0168
00E7
01AB
01D9
003E
0205
0105
FFCE
0250
FF07
00BE
0094
FEA7
00A0
FEF2
FEFE
FF66
FECD
FE4F
FF4C
FE44
FE32
FF9D
FD72
FF61
FEF4
FE34
FFE1
FF09
FF28
0025
0020
FEF4
0231
FF2A
0098
0340
FD58
04CE
FFCB
FFD1
05B5
FC3D
0520
00B2
FE81
05C2
FC7B
030F
0106
FDCB
0328
FDD8
001C
003E
FE42
FF7D
FF4D
FE27
FED1
FF6D
FD12
FFFE
FE12
FDF9
0052
FD47
FFEF
FF4E
FEA7
006A
FF83
FFDE
0097
008A
001B
01C1
006D
0117
0217
0051
0220
0162
00F7
01B1
0183
004B
01CE
00F1
FF0D
0322
FD9A
00F4
0169
FB9D
0402
FBEE
FF22
0201
F9A4
035D
FC46
FDA3
0201
FA8D
0194
FE25
FDBB
0126
FDD3
FFED
002E
FF83
FFFC
0160
FF79
0143
01B1
FF72
031B
0036
0144
0298
FFEC
0267
0114
00C7
018F
00CA
0061
00EF
004A
FF85
00D4
FED8
FF9F
FFB9
FE55
FF57
FEE2
FE35
FEB8
FF4F
FCF4
003D
FE1A
FD5F
0221
FB48
01C1
FFBE
FC69
04F2
FB97
0258
0205
FCA3
05BD
FDB1
01CE
0323
FE33
03EE
002C
00DB
0247
006B
00F2
01AA
007D
006A
023F
FF10
01E1
0106
FF62
02DF
FF6B
0176
01C0
000B
0226
0102
0112
019D
015F
00B4
01BB
00C8
0071
017E
FFAC
0081
0045
FF60
FF8D
FFF6
FE44
FF58
FFCD
FC82
016F
FCEE
FE2A
01C2
FA3D
02CB
FD67
FD1A
038D
F9FC
029E
FED2
FC9F
0349
FB9B
00BE
FFA8
FD1D
00C9
FDFD
FE94
FF51
FE9A
FDEC
FFFA
FDD8
FE9B
0070
FCF3
00FA
FEF2
FEBC
019A
FE75
011D
00B4
0008
018F
00F2
00F6
0196
018C
00D5
022D
00FD
0127
01D0
0092
0106
011C
0043
0003
0163
FE3D
00CA
0007
FCCF
02BF
FBC9
FFBD
00C7
FA23
0383
FB5D
FE86
01DA
F9F0
0309
FD35
FE3B
0240
FC9C
01A8
FFEF
FF5D
017D
0081
004B
01B3
0134
000E
0326
FFAD
01B3
0262
FF16
0345
FFF4
00C7
0230
FF79
01B8
00B6
006A
012A
00E4
007C
0149
0112
008D
01DA
00C5
0132
01A8
011E
00EB
0207
0083
00B4
0295
FE27
02C3
FFD7
FE1B
03E3
FB4E
020E
FFBA
FB7B
03FA
FA69
0055
0017
FAD7
0292
FC14
FEED
0054
FCE0
006B
FF19
FEE8
0011
005C
FEDF
0197
003B
FFA5
031A
FED5
026A
01B9
FFAF
038A
FFF2
01BD
0202
003A
01D0
00D3
0081
00C0
0088
FF9A
005B
FF97
FF1A
FFC5
FEDB
FEC0
FF36
FECB
FDDE
0033
FD4C
FEF2
006D
FBA6
025D
FD0C
FE40
02B5
FA40
0343
FDE2
FD30
0389
FA76
01F1
FEDF
FCA4
01FD
FC56
FF7F
FF51
FD95
FF42
FF1E
FE0D
FF52
FFED
FD81
0189
FEA9
FF6F
0238
FDE5
027F
006A
FFF5
02DD
FFB6
01EC
0188
00B7
01B9
0142
00E5
0147
013E
0074
0160
00B6
0092
0110
00EB
0033
019A
00CB
FFEB
0343
FEB5
027B
0231
FE14
059D
FDD5
0215
038F
FC6C
05C7
FDE2
0057
0363
FC0B
0339
FE87
FE8C
014F
FD5B
FF89
FF29
FE1A
FE7D
FF9F
FD14
FF6F
FF37
FCC5
0177
FD1C
FF89
00D3
FD44
0202
FF07
FFF8
01AF
FF79
018A
010B
00DA
017C
0186
0109
01A4
0189
00F6
0192
012A
00AA
0103
0116
FF39
01AC
FF38
FEF8
0217
FBF5
01CB
FE9D
FC61
0336
FA13
011F
FF41
FB06
0363
FAF2
0014
006A
FC23
0236
FE09
FF95
0107
FF53
005E
015F
0023
00AA
02B1
FF08
030B
013C
FFD1
0422
FED8
0280
01BD
FF42
02F0
FF63
00B8
00ED
FF41
0053
FFA4
FF33
FF50
FF4A
FE83
FF03
FEC4
FE5F
FEA3
FEFB
FDE9
FF20
FF4B
FD3A
0166
FD6B
FF7C
01E5
FBF2
03FA
FE4D
FF73
048C
FBF7
04E3
0028
FF54
0546
FDA3
038B
0197
FF9C
0341
0007
00E3
0169
0058
FF98
01A1
FE96
FFC1
010A
FC9B
01A6
FDD0
FE0E
011B
FC08
0087
FE6A
FDB1
0064
FD97
FF5D
FF38
FE9A
FF58
FF44
FEF0
FF40
FF65
FEDC
FF36
FF41
FEB8
FEC9
FFB0
FD72
FFD5
FECC
FCF2
01C2
FBC5
003B
0040
FB66
03ED
FBFC
0055
0263
FBAD
04B1
FE37
005B
0384
FE03
0365
00E5
0099
0284
011D
00CF
022E
010E
FFEB
031B
FE83
0173
014B
FD7B
02E2
FD94
FFA3
00CC
FCAF
00EF
FDEA
FE53
FFA8
FDA1
FF01
FEB0
FE73
FED7
FF18
FECF
FF46
FF9A
FF7F
FFAB
00A2
FFB7
007A
01D5
FEDF
031A
0059
0011
049A
FD76
0446
012E
FE99
05DD
FCB5
0337
019F
FD57
046B
FD4A
00AD
0100
FD7A
00DD
FEC9
FE6E
FF56
FF18
FD45
002F
FDDC
FDA1
0123
FBC4
00D3
FEFB
FD30
0255
FCF7
00DD
009F
FE7C
023D
FF91
00E9
0187
008E
0182
016D
013E
0169
0199
0135
0135
016E
00F8
0066
01C8
FF4B
00C2
010F
FD65
02A6
FD50
FF18
01C1
FA8E
02CE
FCC6
FD5A
0254
FA02
01DB
FDFA
FCF8
01FB
FC71
0069
FFE9
FE9E
009F
0075
FF77
0129
016A
FEF6
038F
FF7C
010F
037C
FE09
041F
0020
0038
0392
FE71
029F
00BF
FFE2
022A
FFDB
010D
0107
008F
00F9
0118
00E8
010E
0155
0145
00EC
01DF
010C
00B3
02C9
FF1B
025B
0123
FE4A
0417
FCD9
0155
014A
FB9C
03F1
FBEA
FF68
0140
FAE0
022E
FD0B
FE1E
0098
FCE6
FFA5
FF2E
FE56
FF14
0031
FD74
0075
FF7D
FD26
024E
FC6A
0003
0054
FBF3
020A
FCC2
FECB
003F
FC78
006B
FE19
FE77
FFC6
FE74
FF7E
FF95
FF95
FFE8
0049
005B
006B
00F7
0125
0056
024E
0077
0105
0313
FE90
03BF
005A
FF87
04BA
FCBF
03BB
00CF
FE02
0528
FCE4
0293
01BD
FE33
03ED
FF42
013E
0228
004E
015D
0219
006D
012C
02BF
FE8C
033E
001F
FF1D
039C
FCC7
0211
FFE7
FD62
0252
FCB3
FFDE
FF77
FD2C
0012
FDD0
FE8C
FEFC
FE4B
FED1
FEF2
FEF6
FF1A
FF6C
FFC1
FF56
006A
0063
FF63
0266
FF33
0176
0297
FE35
04DB
FF32
0123
0466
FCF9
052B
FF93
FFBA
0443
FCDF
02DF
FFF0
FE83
01C3
FE45
FF6E
FFCE
FEAA
FE38
006F
FD13
FF2B
0024
FBBC
0201
FCEA
FE75
0194
FB78
01F8
FE23
FE1D
0187
FCDB
0081
FF14
FE3E
0004
FE56
FEF6
FEF8
FEA0
FEB4
FEC3
FEC5
FE95
FED7
FF5B
FE2C
001F
FF2D
FE91
020D
FD7C
01D2
0108
FDED
04E9
FD9D
026D
0300
FD96
05A5
FEC0
0192
0373
FE42
0374
0032
0025
01AA
FFED
FF9E
00EF
FF52
FE82
01AB
FC72
007D
FF7C
FBEF
0263
FB99
FF72
0024
FB93
01D7
FD0D
FEF5
009E
FD7F
00E4
FF5E
FFAB
00C9
0014
00B1
00E7
00FE
0119
0138
019F
00FE
0191
01FB
0004
02E7
0033
007B
032B
FD6B
033D
FF80
FE36
03AE
FB76
01FA
FF59
FC65
02A0
FBAF
FFC7
FF76
FCA3
0033
FE11
FE34
FF62
FF2C
FDBA
0126
FE62
FF0F
0288
FCAF
0324
FFFD
FEDC
0489
FD7B
0330
0188
FF26
0412
FF34
01EC
01D1
FFEB
0217
008C
00D7
011D
00AE
00C9
00CE
00E7
00C0
00BD
018E
0032
01A6
019A
FFA3
03A1
FF59
01B3
0311
FDBE
04CD
FECE
0057
039D
FC4B
0392
FEC6
FE7B
0246
FC9F
0087
FF23
FDD6
FF86
FEE4
FDB4
FF76
FF1F
FCCE
01A5
FCA6
FF4B
0129
FB64
02E0
FD3E
FE97
0204
FB9F
01D1
FE41
FDEF
00F7
FCF1
FFBA
FEC4
FE0C
FF4F
FE67
FEBB
FEEB
FEF6
FF17
FF2F
FFC8
FF72
FFC5
010D
FEFE
01D0
00A7
FF81
03DE
FE45
02E2
020C
FE52
055A
FDFF
022C
02CE
FDA8
0466
FEF5
00B6
026E
FEEF
01C4
00F5
002D
0112
01F6
FF33
02BE
0113
FF55
04BC
FDED
02FB
0242
FDF2
0524
FDF1
0182
0237
FD73
02EC
FE76
FF8E
00B6
FDE1
FFFB
FEC6
FE93
FF0D
FE95
FEA4
FEAC
FED0
FEC4
FE8B
FF8B
FE5A
FF23
001A
FD49
0140
FE26
FE68
01DC
FB8F
01D9
FE58
FCF3
0286
FB06
00CD
FEFE
FC6F
0185
FCCE
FF42
FFC7
FE2E
FF83
004A
FEB8
0025
019A
FDBB
0363
FF8E
FFCE
047E
FD18
0444
00D8
FF29
04FE
FDCA
02F8
0180
FF14
034B
FF49
013D
0155
FFF0
0160
00A7
00C0
0103
00FF
010E
0102
0177
0134
00DF
025C
0019
01E3
01DE
FEFD
03B3
FE9B
00D6
025C
FC85
037B
FDBA
FED7
0201
FB96
0183
FE24
FDA1
008F
FD4F
FEEF
FF51
FE53
FE54
0093
FD15
FFF2
0046
FC1D
02F4
FC8E
FF53
01BC
FAF3
02E2
FD1B
FE20
0197
FB7F
0103
FE21
FDBC
005D
FD72
FF71
FF21
FEC2
FF9E
FF7E
FFAD
FFF1
0046
007A
0047
0161
00AC
00C4
029F
FF85
02DE
0169
FFA4
047C
FE36
02B4
01E7
FDDF
046A
FDAA
00E3
0190
FD21
01F2
FE5E
FEC9
0008
FE56
FE4D
FFB8
FDF6
FDD2
00EA
FBA1
00C9
FEF7
FC41
034D
FB76
0125
00EC
FC78
0427
FD92
0119
0254
FE61
0353
002E
011A
024F
0088
01D8
0164
0128
014A
0124
00E9
009E
00BE
0076
FF87
00E9
FEDA
FF72
009F
FCC2
0142
FDB8
FDB1
017B
FAFE
0128
FE25
FCBF
01FB
FBE2
0077
FFAF
FDC5
0145
FF31
FFBB
00F5
009D
FF6F
02E1
FF8B
00E0
03AA
FD7F
04B5
FFFD
FFAC
0518
FCBF
040B
00B2
FEB9
045F
FDC5
023A
013D
FF2C
0296
FFD4
0116
016B
00A4
0158
014A
0132
0144
0167
0160
00E5
018C
0106
001F
0228
FEF9
00EE
00FA
FD65
029A
FD3B
FF57
011F
FB76
01FA
FD31
FDFD
00F4
FC25
004A
FEB3
FE02
FFC0
FF1C
FE28
001E
FF55
FD70
022C
FC7B
0008
00DD
FB1E
034E
FC0B
FEBD
0190
FA75
0257
FD11
FDE2
014D
FC2C
00CD
FEEB
FEA1
00C1
FF1B
0044
007A
005F
00B7
0108
0103
0108
015D
0184
00AB
021C
00E6
0095
02E2
FEE0
028D
0104
FEDF
0408
FDD4
021C
01C3
FE21
0402
FEE1
0147
025C
FF74
024C
0149
00A6
0199
0219
FF5C
0301
0074
FF3F
042B
FC9B
02A9
007D
FC9D
0438
FB77
00B7
005E
FB7E
0261
FC46
FEE1
FFEF
FC8C
002D
FE1C
FE8C
FF87
FEC0
FF55
FFA8
FFAF
FFD7
004D
0075
004C
0104
013A
0029
0291
0056
013B
0310
FECC
03CF
0052
0017
03E8
FDA6
02EC
0058
FEA6
0298
FDE8
004C
0007
FE59
FF5D
FF99
FDAE
FF1D
FFC0
FBEE
01A3
FCCA
FDFD
0209
FA59
02D2
FDFB
FD8C
03AD
FB82
02C3
0024
FE65
03B8
FE6F
0207
01A8
001C
027A
00F7
015E
01AD
014A
011D
0156
00F6
00A5
00AE
00A2
FF91
0074
FFCD
FE6D
011C
FD64
FF9B
FFF9
FC32
01B7
FCB8
FEB1
00B9
FBD2
0157
FDEF
FE45
00A7
FDBF
FF88
FFAD
FEA9
FED7
00B3
FD0F
004F
FFB8
FC08
02DF
FB82
FF8D
00F6
FA48
0354
FC02
FE9F
01D1
FB23
027B
FE33
FED3
01F0
FE15
0172
0080
0031
0185
00ED
0117
0181
0178
0135
01A2
0172
0114
014E
0183
FFF8
01C3
002E
FF7A
0224
FD83
0138
FFAD
FD38
021D
FC51
FFC5
FFA1
FC69
00C4
FD65
FE6B
FF86
FE2A
FE8C
0018
FE65
FEFC
01CA
FCC3
02A5
FFE8
FE32
0511
FC72
0383
01D0
FDC1
05ED
FD96
0290
02A4
FE35
042D
FF51
0117
020B
FF89
01AD
00AD
0089
0107
00F0
0096
0127
0115
00DB
0143
0171
00CD
0189
01C1
0002
02D1
0013
00BC
02B4
FE03
02D8
FF80
FEF1
0265
FCF5
00FA
FF49
FDBA
005E
FDF9
FE67
FF35
FE7B
FD74
0099
FCED
FEF8
0109
FB4C
032A
FD7D
FEAA
03C1
FB37
0432
FF80
FEC9
04D9
FD30
0378
015D
FF93
03C2
FFBD
01E0
01C0
0083
017D
00FE
007F
00A4
0096
FFBE
0025
FFC2
FF40
FF48
FF91
FE1C
FF6B
FEE9
FD4C
00A0
FCC5
FF23
FFE0
FC3A
0198
FD67
FF07
011A
FD63
0162
FFB6
FF97
013E
00A5
0002
0216
0107
FFCF
0445
FE6C
02E1
02B0
FD9B
0608
FD95
01AE
035E
FC0E
04E4
FDB4
FF95
0262
FC21
01DA
FE55
FE3C
005A
FD94
FF2B
FEDF
FE62
FEC3
FF15
FE6E
FF04
FF35
FEAE
FF45
FF57
FEDC
FF39
FFDD
FDF3
004E
FEC1
FDFA
0117
FC7C
002C
FF0D
FCC5
0141
FCB3
FF4A
FFAF
FD7A
0027
FF25
FEE1
0012
0086
FE65
025F
FF9F
FF99
0439
FCF5
042E
0105
FE6F
062A
FCA8
03A3
020C
FDB0
055E
FDC5
01D8
0226
FE64
02FE
FFB9
00AE
0199
0046
0115
014D
00E1
0110
01B6
00C5
0181
0179
00FD
0135
0188
005E
010D
014B
FEF1
01FA
FEF9
FF62
016C
FCD0
0129
FE6C
FDBF
00B5
FCCB
FF58
FEE3
FDC7
FEFB
FF45
FDBD
FFA1
FFF6
FCED
02B9
FD81
FFE6
031D
FBC7
0500
FECD
FFAC
0535
FC55
04EB
0092
FF7C
04DC
FE2C
02EC
0162
FFA7
0265
FFDC
0083
00A4
FFDD
FF9A
0021
FF0A
FF22
FF83
FE61
FEF4
FED8
FE59
FE74
FF49
FD99
FF58
FF22
FD6F
0132
FD8B
FFDB
00E2
FDA6
024C
FF39
0039
0201
FFAE
018C
0196
00C1
013A
02C3
FF62
02ED
0196
FEB7
051E
FD3B
0245
0245
FC08
053E
FC59
0032
0220
FAF2
031D
FCF0
FE54
00F3
FC0E
0045
FE3C
FDFB
FF7A
FE64
FEAD
FF5D
FF22
FEF1
0047
FF3E
000F
0097
000E
00B4
012F
009F
0115
022B
FFF6
02A9
0138
0052
037F
FF29
0247
016F
FF3C
0283
FF3F
003F
00A9
FF2C
FF54
004D
FE35
FEE1
00B2
FBC7
0190
FDB9
FCE7
02E6
F9F9
0207
FED8
FBCA
03FB
FA9F
0139
001E
FC0B
02D4
FCAF
FFA7
002B
FD53
002E
FE86
FE7F
FF1C
FECB
FE2D
FF4C
FE95
FE6E
FFAA
FE75
FF5D
FFAA
FF5B
FFAD
00AE
FF8F
00AD
0185
FF46
02D1
004D
00D9
0323
FF50
02F2
0130
0073
0284
0059
00DA
015B
0061
FF80
0201
FE07
004B
011E
FBBA
0332
FC5A
FE73
022D
F983
0318
FCB3
FD1E
02A3
FA3A
01E8
FE7B
FD70
0219
FD4F
00B5
0058
FF59
0111
00A8
006D
0145
0170
007F
0233
00FF
0136
0207
00D9
015E
0174
00CA
0096
0195
FF54
00E3
007A
FE49
0195
FDEB
FF66
001F
FD24
002C
FE2F
FE26
FF40
FE75
FDE7
FFC1
FE67
FDD5
01BB
FC33
0160
005A
FC91
04F7
FC3D
0203
02C3
FC65
061F
FDEE
0197
03E4
FDA1
04A2
FFF9
00C3
02E2
FF7D
01AF
00E0
0020
007E
0095
FF2F
002A
FFAF
FE7D
000D
FE58
FEC2
FF1B
FE44
FE71
FF08
FE28
FE70
FFC6
FD61
0033
FF19
FE52
0181
FE30
00CD
00CA
FF67
01AF
00AC
008E
0196
01A0
FFC4
034A
0009
0097
0415
FD12
047E
0013
FEA6
059D
FBC3
03F7
00F3
FD9A
0581
FCF3
0293
01FB
FE7A
03DB
FFA1
015E
021B
0072
0186
0191
00B3
00FE
0198
FFAA
0153
003B
FF7F
00BE
FF0F
FF77
FF89
FEDB
FE8B
FF88
FDDF
FEAB
FF71
FCF1
0029
FDFA
FE44
005A
FD98
0018
FF9C
FF12
004C
008C
FF59
0158
0134
FEE1
0420
FEA9
01CA
03B4
FCF8
0617
FEA9
00B4
04F8
FBEA
0539
FF2D
FF0C
03F2
FC63
0237
FF82
FE17
011F
FDE9
FF1F
FF3A
FE5E
FE5D
FF5A
FDCF
FEBA
FF57
FD93
FFE9
FEA1
FEDE
000B
FF2B
FFC0
0068
0012
000D
01B8
FFB4
0192
01AE
FFDC
0304
005A
016A
0247
0054
01C2
0165
007A
00D9
01B8
FE90
01E8
FFD1
FDCC
034F
FB78
0144
0002
FAED
03FA
FA72
FFDC
00B4
FA2F
0330
FBF5
FEDA
0123
FC2D
0183
FECA
FF28
00EE
FF9E
0033
011E
008F
0075
023C
0014
01D8
01CC
0063
027C
00D6
0131
01A3
00DC
00A1
0155
0024
0005
0133
FE77
00A5
FF75
FE45
007A
FDDE
FEFE
FF29
FE1A
FE7D
FF63
FDA2
FED1
0028
FC2B
01F1
FDC6
FE42
0359
FB06
03CC
FF7B
FDE5
059A
FBED
03E4
0183
FE4C
0560
FE4F
027E
0250
FF7A
02D9
0088
00B2
014C
00A1
FFB9
0125
FF76
FF5C
00C0
FDEA
000B
FEFB
FE1D
FF9B
FE27
FE82
FEE7
FE84
FE27
FF9C
FE1A
FEFC
000C
FDEA
00C1
FF5A
FF77
0125
FFB9
00A1
014B
00B4
0088
02DA
FF79
0250
0281
FE4F
0561
FE4A
0184
03E7
FBED
0599
FDE1
FF7B
03CE
FB06
0358
FE3E
FDC8
01F3
FC2C
0026
FECE
FDA5
FF66
FE7F
FE17
FF27
FF01
FDE0
007B
FE41
FF73
00A7
FE77
0133
0000
0023
0157
00A1
00DC
01A0
0134
00DB
027E
0062
01CA
01DD
0017
023E
0071
008B
0120
0033
FF9C
00E7
FF24
FECB
0183
FC2D
0120
FEDB
FBF9
0332
FA31
00B4
FFE1
FA77
03FC
FAEC
FFFF
0146
FB76
034B
FDC5
FFCC
01E8
FE8B
01B3
00D4
007C
016B
01C6
0058
024B
0175
0065
030A
FFDF
01AE
0195
FFB3
01B0
0000
0003
005D
FFB1
FF1C
FFFD
FED7
FEA4
FFEE
FDA0
FF6B
FEDA
FDF7
FF7F
FE82
FE7C
FF54
FF28
FDD5
00EA
FDBA
FEFE
017D
FB6D
02BD
FD97
FD80
034B
F9C3
029D
FE31
FC0C
0365
FA43
0108
FF3B
FC48
01F7
FD01
FFA5
002C
FE97
0038
006B
FFA1
009E
0183
FF65
027D
00AF
00A2
02F7
FFD6
0259
0184
0099
020C
00CC
00C7
0119
00A2
FFC9
0108
FF52
FFA0
004E
FE41
FFD6
FEEC
FE64
FF11
FEE5
FDBF
FF64
FEB8
FD12
0172
FC3F
FFF6
00CE
FB69
0437
FC8B
0023
035F
FB59
055D
FE84
0012
0492
FD30
0439
00BB
0031
036D
FFDE
01AE
019B
0093
00AA
01A6
FF56
00B8
00C1
FE24
0177
FE46
FF13
0035
FD64
FFCA
FE72
FE30
FF13
FE79
FE48
FF1B
FEC7
FE5C
000D
FE77
FFA7
002A
FF2D
0091
0077
001B
00E2
01B1
FF7E
02DF
00C4
FFFE
04A6
FDA3
03E2
0199
FDF2
0620
FC64
02BF
0205
FC3D
04F5
FC8E
0057
0162
FC33
01BB
FDD3
FE67
FFC5
FDE6
FE74
FF3E
FE28
FE34
002B
FD22
001C
FF69
FDEF
0194
FE47
0078
00E7
FF56
0195
0094
00C8
0177
015D
00D7
0204
0135
0102
0231
007D
016D
0147
0072
00A8
0111
FF58
005D
00BA
FD50
0219
FD6E
FE7E
01E9
FA38
029F
FD18
FCB3
0315
F980
0228
FE70
FC5D
0334
FBBD
011F
004F
FE0F
0206
FF86
0063
015E
00DC
0058
0280
006A
0129
02E9
FF47
031A
00CF
004B
02CF
FF49
018A
00B6
FFA0
00C0
FFC0
FF6A
FFB8
FF69
FE79
FFA7
FE5D
FE7E
FF2D
FE06
FEA0
FEED
FE57
FE68
0022
FD5E
0054
FFFD
FD31
038A
FCF8
0148
02A4
FC45
05DB
FDDB
0119
0470
FC7A
0577
FF77
0046
040A
FE1F
02E0
00DB
FFFF
01DC
00A3
003B
017C
00E2
FFAF
02C5
FF55
016D
0235
FF07
0354
0021
010D
0288
FFDA
0217
0107
00A0
013A
00C1
001C
00A5
0024
FF52
0054
FEF6
FF23
FF62
FEAD
FE5E
FF6E
FDEE
FE37
003F
FC08
00EA
FE50
FCF2
031F
FAF5
0220
0039
FC61
0543
FC0B
0245
024A
FD3E
051D
FEB4
0191
02EE
FF5F
02BF
0136
00C0
0199
018B
FFAD
0200
003C
FF3E
024D
FDA6
00E0
FFDE
FD8E
0131
FD6E
FF1F
FF5B
FD9A
FF48
FE73
FE58
FEDC
FEF4
FE60
FF81
FF23
FF0D
001E
FF97
FFDA
00A5
0085
FFD9
0263
FFA5
0167
02F0
FE2E
04DE
FF7D
009A
04F1
FC58
0535
FFAA
FECE
04FC
FBC1
0313
FFDB
FD7B
02B0
FCE7
FFEF
FFA0
FDC4
FF4F
FF0B
FDD7
FEFA
FF71
FCE3
00C9
FDC8
FE6E
011B
FCAE
