B6C00000
BD155555
C36AAAAA
C9BFFFFF
D0155554
D66AAAA9
DCBFFFFE
E3155553
E96AAAA8
EFBFFFFD
F6155552
FC6AAAA7
02BFFFFC
09155551
0F6AAAA6
15BFFFFB
1C155550
226AAAA5
28BFFFFA
2F15554F
356AAAA4
3BBFFFF9
4215554E
486AAAA3
4EBFFFF8
5515554D
5B6AAAA2
61BFFFF7
6815554C
6E6AAAA1
74BFFFF6
7B15554B
816AAAA0
87BFFFF5
8E15554A
946AAA9F
9ABFFFF4
A1155549
A76AAA9E
ADBFFFF3
B4155548
BA6AAA9D
C0BFFFF2
C7155547
CD6AAA9C
D3BFFFF1
DA155546
E06AAA9B
E6BFFFF0
ED155545
F36AAA9A
F9BFFFEF
00155544
066AAA99
0CBFFFEE
13155543
196AAA98
1FBFFFED
26155542
2C6AAA97
32BFFFEC
39155541
3F6AAA96
45BFFFEB
4C155540
526AAA95
58BFFFEA
5F15553F
656AAA94
6BBFFFE9
7215553E
786AAA93
7EBFFFE8
8515553D
8B6AAA92
91BFFFE7
9815553C
9E6AAA91
A4BFFFE6
AB15553B
B16AAA90
B7BFFFE5
BE15553A
C46AAA8F
CABFFFE4
D1155539
D76AAA8E
DDBFFFE3
E4155538
EA6AAA8D
F0BFFFE2
F7155537
FD6AAA8C
03BFFFE1
0A155536
106AAA8B
16BFFFE0
1D155535
236AAA8A
29BFFFDF
30155534
366AAA89
3CBFFFDE
43155533
496AAA88
4FBFFFDD
56155532
5C6AAA87
62BFFFDC
69155531
6F6AAA86
75BFFFDB
7C155530
826AAA85
88BFFFDA
8F15552F
956AAA84
9BBFFFD9
A215552E
A86AAA83
AEBFFFD8
B515552D
BB6AAA82
C1BFFFD7
C815552C
CE6AAA81
D4BFFFD6
DB15552B
E16AAA80
E7BFFFD5
EE15552A
F46AAA7F
FABFFFD4
01155529
076AAA7E
0DBFFFD3
14155528
1A6AAA7D
20BFFFD2
27155527
2D6AAA7C
33BFFFD1
3A155526
406AAA7B
46BFFFD0
4D155525
536AAA7A
59BFFFCF
60155524
666AAA79
6CBFFFCE
73155523
796AAA78
7FBFFFCD
86155522
8C6AAA77
92BFFFCC
99155521
9F6AAA76
A5BFFFCB
AC155520
B26AAA75
B8BFFFCA
BF15551F
C56AAA74
CBBFFFC9
D215551E
D86AAA73
DEBFFFC8
E515551D
EB6AAA72
F1BFFFC7
F815551C
FE6AAA71
04BFFFC6
0B15551B
116AAA70
17BFFFC5
1E15551A
246AAA6F
2ABFFFC4
31155519
376AAA6E
3DBFFFC3
44155518
4A6AAA6D
50BFFFC2
57155517
5D6AAA6C
63BFFFC1
6A155516
706AAA6B
76BFFFC0
7D155515
836AAA6A
89BFFFBF
90155514
966AAA69
9CBFFFBE
A3155513
A96AAA68
AFBFFFBD
B6155512
BC6AAA67
C2BFFFBC
C9155511
CF6AAA66
D5BFFFBB
DC155510
E26AAA65
E8BFFFBA
EF15550F
F56AAA64
FBBFFFB9
0215550E
086AAA63
0EBFFFB8
1515550D
1B6AAA62
21BFFFB7
2815550C
2E6AAA61
34BFFFB6
3B15550B
416AAA60
47BFFFB5
4E15550A
546AAA5F
5ABFFFB4
61155509
676AAA5E
6DBFFFB3
74155508
7A6AAA5D
80BFFFB2
87155507
8D6AAA5C
93BFFFB1
9A155506
A06AAA5B
A6BFFFB0
AD155505
B36AAA5A
B9BFFFAF
C0155504
C66AAA59
CCBFFFAE
D3155503
D96AAA58
DFBFFFAD
E6155502
EC6AAA57
F2BFFFAC
F9155501
FF6AAA56
05BFFFAB
0C155500
126AAA55
18BFFFAA
1F1554FF
256AAA54
2BBFFFA9
321554FE
386AAA53
3EBFFFA8
451554FD
4B6AAA52
51BFFFA7
581554FC
5E6AAA51
64BFFFA6
6B1554FB
716AAA50
77BFFFA5
7E1554FA
846AAA4F
8ABFFFA4
911554F9
976AAA4E
9DBFFFA3
A41554F8
AA6AAA4D
B0BFFFA2
B71554F7
BD6AAA4C
C3BFFFA1
CA1554F6
D06AAA4B
D6BFFFA0
DD1554F5
E36AAA4A
E9BFFF9F
F01554F4
F66AAA49
FCBFFF9E
031554F3
096AAA48
0FBFFF9D
161554F2
1C6AAA47
22BFFF9C
291554F1
2F6AAA46
35BFFF9B
3C1554F0
426AAA45
48BFFF9A
4F1554EF
556AAA44
5BBFFF99
621554EE
686AAA43
6EBFFF98
751554ED
7B6AAA42
81BFFF97
881554EC
8E6AAA41
94BFFF96
9B1554EB
A16AAA40
A7BFFF95
AE1554EA
B46AAA3F
BABFFF94
C11554E9
C76AAA3E
CDBFFF93
D41554E8
DA6AAA3D
E0BFFF92
E71554E7
ED6AAA3C
F3BFFF91
FA1554E6
006AAA3B
06BFFF90
0D1554E5
136AAA3A
19BFFF8F
201554E4
266AAA39
2CBFFF8E
331554E3
396AAA38
3FBFFF8D
461554E2
4C6AAA37
52BFFF8C
591554E1
5F6AAA36
65BFFF8B
6C1554E0
726AAA35
78BFFF8A
7F1554DF
856AAA34
8BBFFF89
921554DE
986AAA33
9EBFFF88
A51554DD
AB6AAA32
B1BFFF87
B81554DC
BE6AAA31
C4BFFF86
CB1554DB
D16AAA30
D7BFFF85
DE1554DA
E46AAA2F
EABFFF84
F11554D9
F76AAA2E
FDBFFF83
041554D8
0A6AAA2D
10BFFF82
171554D7
1D6AAA2C
23BFFF81
2A1554D6
306AAA2B
36BFFF80
3D1554D5
436AAA2A
49BFFF7F
501554D4
566AAA29
5CBFFF7E
631554D3
696AAA28
6FBFFF7D
761554D2
7C6AAA27
82BFFF7C
891554D1
8F6AAA26
95BFFF7B
9C1554D0
A26AAA25
A8BFFF7A
AF1554CF
B56AAA24
BBBFFF79
C21554CE
C86AAA23
CEBFFF78
D51554CD
DB6AAA22
E1BFFF77
E81554CC
EE6AAA21
F4BFFF76
FB1554CB
016AAA20
07BFFF75
0E1554CA
146AAA1F
1ABFFF74
211554C9
276AAA1E
2DBFFF73
341554C8
3A6AAA1D
40BFFF72
471554C7
4D6AAA1C
53BFFF71
5A1554C6
606AAA1B
66BFFF70
6D1554C5
736AAA1A
79BFFF6F
801554C4
866AAA19
8CBFFF6E
931554C3
996AAA18
9FBFFF6D
A61554C2
AC6AAA17
B2BFFF6C
B91554C1
BF6AAA16
C5BFFF6B
CC1554C0
D26AAA15
D8BFFF6A
DF1554BF
E56AAA14
EBBFFF69
F21554BE
F86AAA13
FEBFFF68
051554BD
0B6AAA12
11BFFF67
181554BC
1E6AAA11
24BFFF66
2B1554BB
316AAA10
37BFFF65
3E1554BA
446AAA0F
4ABFFF64
511554B9
576AAA0E
5DBFFF63
641554B8
6A6AAA0D
70BFFF62
771554B7
7D6AAA0C
83BFFF61
8A1554B6
906AAA0B
96BFFF60
9D1554B5
A36AAA0A
A9BFFF5F
B01554B4
B66AAA09
BCBFFF5E
C31554B3
C96AAA08
CFBFFF5D
D61554B2
DC6AAA07
E2BFFF5C
E91554B1
EF6AAA06
F5BFFF5B
FC1554B0
026AAA05
08BFFF5A
0F1554AF
156AAA04
1BBFFF59
221554AE
286AAA03
2EBFFF58
351554AD
3B6AAA02
41BFFF57
481554AC
4E6AAA01
54BFFF56
5B1554AB
616AAA00
67BFFF55
6E1554AA
746AA9FF
7ABFFF54
811554A9
876AA9FE
8DBFFF53
941554A8
9A6AA9FD
A0BFFF52
A71554A7
AD6AA9FC
B3BFFF51
BA1554A6
C06AA9FB
C6BFFF50
CD1554A5
D36AA9FA
D9BFFF4F
E01554A4
E66AA9F9
ECBFFF4E
F31554A3
F96AA9F8
FFBFFF4D
061554A2
0C6AA9F7
12BFFF4C
191554A1
1F6AA9F6
25BFFF4B
2C1554A0
326AA9F5
38BFFF4A
3F15549F
456AA9F4
4BBFFF49
5215549E
586AA9F3
5EBFFF48
6515549D
6B6AA9F2
71BFFF47
7815549C
7E6AA9F1
84BFFF46
8B15549B
916AA9F0
97BFFF45
9E15549A
A46AA9EF
AABFFF44
B1155499
B76AA9EE
BDBFFF43
C4155498
CA6AA9ED
D0BFFF42
D7155497
DD6AA9EC
E3BFFF41
EA155496
F06AA9EB
F6BFFF40
FD155495
036AA9EA
09BFFF3F
10155494
166AA9E9
1CBFFF3E
23155493
296AA9E8
2FBFFF3D
36155492
3C6AA9E7
42BFFF3C
49155491
4F6AA9E6
55BFFF3B
5C155490
626AA9E5
68BFFF3A
6F15548F
756AA9E4
7BBFFF39
8215548E
886AA9E3
8EBFFF38
9515548D
9B6AA9E2
A1BFFF37
A815548C
AE6AA9E1
B4BFFF36
BB15548B
C16AA9E0
C7BFFF35
CE15548A
D46AA9DF
DABFFF34
E1155489
E76AA9DE
EDBFFF33
F4155488
FA6AA9DD
00BFFF32
07155487
0D6AA9DC
13BFFF31
1A155486
206AA9DB
26BFFF30
2D155485
336AA9DA
39BFFF2F
40155484
466AA9D9
4CBFFF2E
53155483
596AA9D8
5FBFFF2D
66155482
6C6AA9D7
72BFFF2C
79155481
7F6AA9D6
85BFFF2B
8C155480
926AA9D5
98BFFF2A
9F15547F
A56AA9D4
ABBFFF29
B215547E
B86AA9D3
BEBFFF28
C515547D
CB6AA9D2
D1BFFF27
D815547C
DE6AA9D1
E4BFFF26
EB15547B
F16AA9D0
F7BFFF25
FE15547A
046AA9CF
0ABFFF24
11155479
176AA9CE
1DBFFF23
24155478
2A6AA9CD
30BFFF22
37155477
3D6AA9CC
43BFFF21
4A155476
506AA9CB
56BFFF20
5D155475
636AA9CA
69BFFF1F
70155474
766AA9C9
7CBFFF1E
83155473
896AA9C8
8FBFFF1D
96155472
9C6AA9C7
A2BFFF1C
A9155471
AF6AA9C6
B5BFFF1B
BC155470
C26AA9C5
C8BFFF1A
CF15546F
D56AA9C4
DBBFFF19
E215546E
E86AA9C3
EEBFFF18
F515546D
FB6AA9C2
01BFFF17
0815546C
0E6AA9C1
14BFFF16
1B15546B
216AA9C0
27BFFF15
2E15546A
346AA9BF
3ABFFF14
41155469
476AA9BE
4DBFFF13
54155468
5A6AA9BD
60BFFF12
67155467
6D6AA9BC
73BFFF11
7A155466
806AA9BB
86BFFF10
8D155465
936AA9BA
99BFFF0F
A0155464
A66AA9B9
ACBFFF0E
B3155463
B96AA9B8
BFBFFF0D
C6155462
CC6AA9B7
D2BFFF0C
D9155461
DF6AA9B6
E5BFFF0B
EC155460
F26AA9B5
F8BFFF0A
FF15545F
056AA9B4
0BBFFF09
1215545E
186AA9B3
1EBFFF08
2515545D
2B6AA9B2
31BFFF07
3815545C
3E6AA9B1
44BFFF06
4B15545B
516AA9B0
57BFFF05
5E15545A
646AA9AF
6ABFFF04
71155459
776AA9AE
7DBFFF03
84155458
8A6AA9AD
90BFFF02
97155457
9D6AA9AC
A3BFFF01
AA155456
B06AA9AB
B6BFFF00
BD155455
C36AA9AA
C9BFFEFF
D0155454
D66AA9A9
DCBFFEFE
E3155453
E96AA9A8
EFBFFEFD
F6155452
FC6AA9A7
02BFFEFC
09155451
0F6AA9A6
15BFFEFB
1C155450
226AA9A5
28BFFEFA
2F15544F
356AA9A4
3BBFFEF9
4215544E
486AA9A3
4EBFFEF8
5515544D
5B6AA9A2
61BFFEF7
6815544C
6E6AA9A1
74BFFEF6
7B15544B
816AA9A0
87BFFEF5
8E15544A
946AA99F
9ABFFEF4
A1155449
A76AA99E
ADBFFEF3
B4155448
BA6AA99D
C0BFFEF2
C7155447
CD6AA99C
D3BFFEF1
DA155446
E06AA99B
E6BFFEF0
ED155445
F36AA99A
F9BFFEEF
00155444
066AA999
0CBFFEEE
13155443
196AA998
1FBFFEED
26155442
2C6AA997
32BFFEEC
39155441
3F6AA996
45BFFEEB
4C155440
526AA995
58BFFEEA
5F15543F
656AA994
6BBFFEE9
7215543E
786AA993
7EBFFEE8
8515543D
8B6AA992
91BFFEE7
9815543C
9E6AA991
A4BFFEE6
AB15543B
B16AA990
B7BFFEE5
BE15543A
C46AA98F
CABFFEE4
D1155439
D76AA98E
DDBFFEE3
E4155438
EA6AA98D
F0BFFEE2
F7155437
FD6AA98C
03BFFEE1
0A155436
106AA98B
16BFFEE0
1D155435
236AA98A
29BFFEDF
30155434
366AA989
3CBFFEDE
43155433
496AA988
4FBFFEDD
56155432
5C6AA987
62BFFEDC
69155431
6F6AA986
75BFFEDB
7C155430
826AA985
88BFFEDA
8F15542F
956AA984
9BBFFED9
A215542E
A86AA983
AEBFFED8
B515542D
BB6AA982
C1BFFED7
C815542C
CE6AA981
D4BFFED6
DB15542B
E16AA980
E7BFFED5
EE15542A
F46AA97F
FABFFED4
01155429
076AA97E
0DBFFED3
14155428
1A6AA97D
20BFFED2
27155427
2D6AA97C
33BFFED1
3A155426
406AA97B
46BFFED0
4D155425
536AA97A
59BFFECF
60155424
666AA979
6CBFFECE
73155423
796AA978
7FBFFECD
86155422
8C6AA977
92BFFECC
99155421
9F6AA976
A5BFFECB
AC155420
B26AA975
B8BFFECA
BF15541F
C56AA974
CBBFFEC9
D215541E
D86AA973
DEBFFEC8
E515541D
EB6AA972
F1BFFEC7
F815541C
FE6AA971
04BFFEC6
0B15541B
116AA970
17BFFEC5
1E15541A
246AA96F
2ABFFEC4
31155419
376AA96E
3DBFFEC3
44155418
4A6AA96D
50BFFEC2
57155417
5D6AA96C
63BFFEC1
6A155416
706AA96B
76BFFEC0
7D155415
836AA96A
89BFFEBF
90155414
966AA969
9CBFFEBE
A3155413
A96AA968
AFBFFEBD
B6155412
BC6AA967
C2BFFEBC
C9155411
CF6AA966
D5BFFEBB
DC155410
E26AA965
E8BFFEBA
EF15540F
F56AA964
FBBFFEB9
0215540E
086AA963
0EBFFEB8
1515540D
1B6AA962
21BFFEB7
2815540C
2E6AA961
34BFFEB6
3B15540B
416AA960
47BFFEB5
4E15540A
546AA95F
5ABFFEB4
61155409
676AA95E
6DBFFEB3
74155408
7A6AA95D
80BFFEB2
87155407
8D6AA95C
93BFFEB1
9A155406
A06AA95B
A6BFFEB0
AD155405
B36AA95A
B9BFFEAF
C0155404
C66AA959
CCBFFEAE
D3155403
D96AA958
DFBFFEAD
E6155402
EC6AA957
F2BFFEAC
F9155401
FF6AA956
05BFFEAB
0C155400
126AA955
18BFFEAA
1F1553FF
256AA954
2BBFFEA9
321553FE
386AA953
3EBFFEA8
451553FD
4B6AA952
51BFFEA7
581553FC
5E6AA951
64BFFEA6
6B1553FB
716AA950
77BFFEA5
7E1553FA
846AA94F
8ABFFEA4
911553F9
976AA94E
9DBFFEA3
A41553F8
AA6AA94D
B0BFFEA2
B71553F7
BD6AA94C
C3BFFEA1
CA1553F6
D06AA94B
D6BFFEA0
DD1553F5
E36AA94A
E9BFFE9F
F01553F4
F66AA949
FCBFFE9E
031553F3
096AA948
0FBFFE9D
161553F2
1C6AA947
22BFFE9C
291553F1
2F6AA946
35BFFE9B
3C1553F0
426AA945
48BFFE9A
4F1553EF
556AA944
5BBFFE99
621553EE
686AA943
6EBFFE98
751553ED
7B6AA942
81BFFE97
881553EC
8E6AA941
94BFFE96
9B1553EB
A16AA940
A7BFFE95
AE1553EA
B46AA93F
BABFFE94
C11553E9
C76AA93E
CDBFFE93
D41553E8
DA6AA93D
E0BFFE92
E71553E7
ED6AA93C
F3BFFE91
FA1553E6
006AA93B
06BFFE90
0D1553E5
136AA93A
19BFFE8F
201553E4
266AA939
2CBFFE8E
331553E3
396AA938
3FBFFE8D
461553E2
4C6AA937
52BFFE8C
591553E1
5F6AA936
65BFFE8B
6C1553E0
726AA935
78BFFE8A
7F1553DF
856AA934
8BBFFE89
921553DE
986AA933
9EBFFE88
A51553DD
AB6AA932
B1BFFE87
B81553DC
BE6AA931
C4BFFE86
CB1553DB
D16AA930
D7BFFE85
DE1553DA
E46AA92F
EABFFE84
F11553D9
F76AA92E
FDBFFE83
041553D8
0A6AA92D
10BFFE82
171553D7
1D6AA92C
23BFFE81
2A1553D6
306AA92B
36BFFE80
3D1553D5
436AA92A
49BFFE7F
501553D4
566AA929
5CBFFE7E
631553D3
696AA928
6FBFFE7D
761553D2
7C6AA927
82BFFE7C
891553D1
8F6AA926
95BFFE7B
9C1553D0
A26AA925
A8BFFE7A
AF1553CF
B56AA924
BBBFFE79
C21553CE
C86AA923
CEBFFE78
D51553CD
DB6AA922
E1BFFE77
E81553CC
EE6AA921
F4BFFE76
FB1553CB
016AA920
07BFFE75
0E1553CA
146AA91F
1ABFFE74
211553C9
276AA91E
2DBFFE73
341553C8
3A6AA91D
40BFFE72
471553C7
4D6AA91C
53BFFE71
5A1553C6
606AA91B
66BFFE70
6D1553C5
736AA91A
79BFFE6F
801553C4
866AA919
8CBFFE6E
931553C3
996AA918
9FBFFE6D
A61553C2
AC6AA917
B2BFFE6C
B91553C1
BF6AA916
C5BFFE6B
CC1553C0
D26AA915
D8BFFE6A
DF1553BF
E56AA914
EBBFFE69
F21553BE
F86AA913
FEBFFE68
051553BD
0B6AA912
11BFFE67
181553BC
1E6AA911
24BFFE66
2B1553BB
316AA910
37BFFE65
3E1553BA
446AA90F
4ABFFE64
511553B9
576AA90E
5DBFFE63
641553B8
6A6AA90D
70BFFE62
771553B7
7D6AA90C
83BFFE61
8A1553B6
906AA90B
96BFFE60
9D1553B5
A36AA90A
A9BFFE5F
B01553B4
B66AA909
BCBFFE5E
C31553B3
C96AA908
CFBFFE5D
D61553B2
DC6AA907
E2BFFE5C
E91553B1
EF6AA906
F5BFFE5B
FC1553B0
026AA905
08BFFE5A
0F1553AF
156AA904
1BBFFE59
221553AE
286AA903
2EBFFE58
351553AD
3B6AA902
41BFFE57
481553AC
4E6AA901
54BFFE56
5B1553AB
616AA900
67BFFE55
6E1553AA
746AA8FF
7ABFFE54
811553A9
876AA8FE
8DBFFE53
941553A8
9A6AA8FD
A0BFFE52
A71553A7
AD6AA8FC
B3BFFE51
BA1553A6
C06AA8FB
C6BFFE50
CD1553A5
D36AA8FA
D9BFFE4F
E01553A4
E66AA8F9
ECBFFE4E
F31553A3
F96AA8F8
FFBFFE4D
061553A2
0C6AA8F7
12BFFE4C
191553A1
1F6AA8F6
25BFFE4B
2C1553A0
326AA8F5
38BFFE4A
3F15539F
456AA8F4
4BBFFE49
5215539E
586AA8F3
5EBFFE48
6515539D
6B6AA8F2
71BFFE47
7815539C
7E6AA8F1
84BFFE46
8B15539B
916AA8F0
97BFFE45
9E15539A
A46AA8EF
AABFFE44
B1155399
B76AA8EE
BDBFFE43
C4155398
CA6AA8ED
D0BFFE42
D7155397
DD6AA8EC
E3BFFE41
EA155396
F06AA8EB
F6BFFE40
FD155395
036AA8EA
09BFFE3F
10155394
166AA8E9
1CBFFE3E
23155393
296AA8E8
2FBFFE3D
36155392
3C6AA8E7
42BFFE3C
49155391
4F6AA8E6
55BFFE3B
5C155390
626AA8E5
68BFFE3A
6F15538F
756AA8E4
7BBFFE39
8215538E
886AA8E3
8EBFFE38
9515538D
9B6AA8E2
A1BFFE37
A815538C
AE6AA8E1
B4BFFE36
BB15538B
C16AA8E0
C7BFFE35
CE15538A
D46AA8DF
DABFFE34
E1155389
E76AA8DE
EDBFFE33
F4155388
FA6AA8DD
00BFFE32
07155387
0D6AA8DC
13BFFE31
1A155386
206AA8DB
26BFFE30
2D155385
336AA8DA
39BFFE2F
40155384
466AA8D9
4CBFFE2E
53155383
596AA8D8
5FBFFE2D
66155382
6C6AA8D7
72BFFE2C
79155381
7F6AA8D6
85BFFE2B
8C155380
926AA8D5
98BFFE2A
9F15537F
A56AA8D4
ABBFFE29
B215537E
B86AA8D3
BEBFFE28
C515537D
CB6AA8D2
D1BFFE27
D815537C
DE6AA8D1
E4BFFE26
EB15537B
F16AA8D0
F7BFFE25
FE15537A
046AA8CF
0ABFFE24
11155379
176AA8CE
1DBFFE23
24155378
2A6AA8CD
30BFFE22
37155377
3D6AA8CC
43BFFE21
4A155376
506AA8CB
56BFFE20
5D155375
636AA8CA
69BFFE1F
70155374
766AA8C9
7CBFFE1E
83155373
896AA8C8
8FBFFE1D
96155372
9C6AA8C7
A2BFFE1C
A9155371
AF6AA8C6
B5BFFE1B
BC155370
C26AA8C5
C8BFFE1A
CF15536F
D56AA8C4
DBBFFE19
E215536E
E86AA8C3
EEBFFE18
F515536D
FB6AA8C2
01BFFE17
0815536C
0E6AA8C1
14BFFE16
1B15536B
216AA8C0
27BFFE15
2E15536A
346AA8BF
3ABFFE14
41155369
476AA8BE
4DBFFE13
54155368
5A6AA8BD
60BFFE12
67155367
6D6AA8BC
73BFFE11
7A155366
806AA8BB
86BFFE10
8D155365
936AA8BA
99BFFE0F
A0155364
A66AA8B9
ACBFFE0E
B3155363
B96AA8B8
BFBFFE0D
C6155362
CC6AA8B7
D2BFFE0C
D9155361
DF6AA8B6
E5BFFE0B
EC155360
F26AA8B5
F8BFFE0A
FF15535F
056AA8B4
0BBFFE09
1215535E
186AA8B3
1EBFFE08
2515535D
2B6AA8B2
31BFFE07
3815535C
3E6AA8B1
44BFFE06
4B15535B
516AA8B0
57BFFE05
5E15535A
646AA8AF
6ABFFE04
71155359
776AA8AE
7DBFFE03
84155358
8A6AA8AD
90BFFE02
97155357
9D6AA8AC
A3BFFE01
AA155356
B06AA8AB
B6BFFE00
BD155355
C36AA8AA
C9BFFDFF
D0155354
D66AA8A9
DCBFFDFE
E3155353
E96AA8A8
EFBFFDFD
F6155352
FC6AA8A7
02BFFDFC
09155351
0F6AA8A6
15BFFDFB
1C155350
226AA8A5
28BFFDFA
2F15534F
356AA8A4
3BBFFDF9
4215534E
486AA8A3
4EBFFDF8
5515534D
5B6AA8A2
61BFFDF7
6815534C
6E6AA8A1
74BFFDF6
7B15534B
816AA8A0
87BFFDF5
8E15534A
946AA89F
9ABFFDF4
A1155349
A76AA89E
ADBFFDF3
B4155348
BA6AA89D
C0BFFDF2
C7155347
CD6AA89C
D3BFFDF1
DA155346
E06AA89B
E6BFFDF0
ED155345
F36AA89A
F9BFFDEF
00155344
066AA899
0CBFFDEE
13155343
196AA898
1FBFFDED
26155342
2C6AA897
32BFFDEC
39155341
3F6AA896
45BFFDEB
4C155340
526AA895
58BFFDEA
5F15533F
656AA894
6BBFFDE9
7215533E
786AA893
7EBFFDE8
8515533D
8B6AA892
91BFFDE7
9815533C
9E6AA891
A4BFFDE6
AB15533B
B16AA890
B7BFFDE5
BE15533A
C46AA88F
CABFFDE4
D1155339
D76AA88E
DDBFFDE3
E4155338
EA6AA88D
F0BFFDE2
F7155337
FD6AA88C
03BFFDE1
0A155336
106AA88B
16BFFDE0
1D155335
236AA88A
29BFFDDF
30155334
366AA889
3CBFFDDE
43155333
496AA888
4FBFFDDD
56155332
5C6AA887
62BFFDDC
69155331
6F6AA886
75BFFDDB
7C155330
826AA885
88BFFDDA
8F15532F
956AA884
9BBFFDD9
A215532E
A86AA883
AEBFFDD8
B515532D
BB6AA882
C1BFFDD7
C815532C
CE6AA881
D4BFFDD6
DB15532B
E16AA880
E7BFFDD5
EE15532A
F46AA87F
FABFFDD4
01155329
076AA87E
0DBFFDD3
14155328
1A6AA87D
20BFFDD2
27155327
2D6AA87C
33BFFDD1
3A155326
406AA87B
46BFFDD0
4D155325
536AA87A
59BFFDCF
60155324
666AA879
6CBFFDCE
73155323
796AA878
7FBFFDCD
86155322
8C6AA877
92BFFDCC
99155321
9F6AA876
A5BFFDCB
AC155320
B26AA875
B8BFFDCA
BF15531F
C56AA874
CBBFFDC9
D215531E
D86AA873
DEBFFDC8
E515531D
EB6AA872
F1BFFDC7
F815531C
FE6AA871
04BFFDC6
0B15531B
116AA870
17BFFDC5
1E15531A
246AA86F
2ABFFDC4
31155319
376AA86E
3DBFFDC3
44155318
4A6AA86D
50BFFDC2
57155317
5D6AA86C
63BFFDC1
6A155316
706AA86B
76BFFDC0
7D155315
836AA86A
89BFFDBF
90155314
966AA869
9CBFFDBE
A3155313
A96AA868
AFBFFDBD
B6155312
BC6AA867
C2BFFDBC
C9155311
CF6AA866
D5BFFDBB
DC155310
E26AA865
E8BFFDBA
EF15530F
F56AA864
FBBFFDB9
0215530E
086AA863
0EBFFDB8
1515530D
1B6AA862
21BFFDB7
2815530C
2E6AA861
34BFFDB6
3B15530B
416AA860
47BFFDB5
4E15530A
546AA85F
5ABFFDB4
61155309
676AA85E
6DBFFDB3
74155308
7A6AA85D
80BFFDB2
87155307
8D6AA85C
93BFFDB1
9A155306
A06AA85B
A6BFFDB0
AD155305
B36AA85A
B9BFFDAF
C0155304
C66AA859
CCBFFDAE
D3155303
D96AA858
DFBFFDAD
E6155302
EC6AA857
F2BFFDAC
F9155301
FF6AA856
05BFFDAB
0C155300
126AA855
18BFFDAA
1F1552FF
256AA854
2BBFFDA9
321552FE
386AA853
3EBFFDA8
451552FD
4B6AA852
51BFFDA7
581552FC
5E6AA851
64BFFDA6
6B1552FB
716AA850
77BFFDA5
7E1552FA
846AA84F
8ABFFDA4
911552F9
976AA84E
9DBFFDA3
A41552F8
AA6AA84D
B0BFFDA2
B71552F7
BD6AA84C
C3BFFDA1
CA1552F6
D06AA84B
D6BFFDA0
DD1552F5
E36AA84A
E9BFFD9F
F01552F4
F66AA849
FCBFFD9E
031552F3
096AA848
0FBFFD9D
161552F2
1C6AA847
22BFFD9C
291552F1
2F6AA846
35BFFD9B
3C1552F0
426AA845
48BFFD9A
4F1552EF
556AA844
5BBFFD99
621552EE
686AA843
6EBFFD98
751552ED
7B6AA842
81BFFD97
881552EC
8E6AA841
94BFFD96
9B1552EB
A16AA840
A7BFFD95
AE1552EA
B46AA83F
BABFFD94
C11552E9
C76AA83E
CDBFFD93
D41552E8
DA6AA83D
E0BFFD92
E71552E7
ED6AA83C
F3BFFD91
FA1552E6
006AA83B
06BFFD90
0D1552E5
136AA83A
19BFFD8F
201552E4
266AA839
2CBFFD8E
331552E3
396AA838
3FBFFD8D
461552E2
4C6AA837
52BFFD8C
591552E1
5F6AA836
65BFFD8B
6C1552E0
726AA835
78BFFD8A
7F1552DF
856AA834
8BBFFD89
921552DE
986AA833
9EBFFD88
A51552DD
AB6AA832
B1BFFD87
B81552DC
BE6AA831
C4BFFD86
CB1552DB
D16AA830
D7BFFD85
DE1552DA
E46AA82F
EABFFD84
F11552D9
F76AA82E
FDBFFD83
041552D8
0A6AA82D
10BFFD82
171552D7
1D6AA82C
23BFFD81
2A1552D6
306AA82B
36BFFD80
3D1552D5
436AA82A
49BFFD7F
501552D4
566AA829
5CBFFD7E
631552D3
696AA828
6FBFFD7D
761552D2
7C6AA827
82BFFD7C
891552D1
8F6AA826
95BFFD7B
9C1552D0
A26AA825
A8BFFD7A
AF1552CF
B56AA824
BBBFFD79
C21552CE
C86AA823
CEBFFD78
D51552CD
DB6AA822
E1BFFD77
E81552CC
EE6AA821
F4BFFD76
FB1552CB
016AA820
07BFFD75
0E1552CA
146AA81F
1ABFFD74
211552C9
276AA81E
2DBFFD73
341552C8
3A6AA81D
40BFFD72
471552C7
4D6AA81C
53BFFD71
5A1552C6
606AA81B
66BFFD70
6D1552C5
736AA81A
79BFFD6F
801552C4
866AA819
8CBFFD6E
931552C3
996AA818
9FBFFD6D
A61552C2
AC6AA817
B2BFFD6C
B91552C1
BF6AA816
C5BFFD6B
CC1552C0
D26AA815
D8BFFD6A
DF1552BF
E56AA814
EBBFFD69
F21552BE
F86AA813
FEBFFD68
051552BD
0B6AA812
11BFFD67
181552BC
1E6AA811
24BFFD66
2B1552BB
316AA810
37BFFD65
3E1552BA
446AA80F
4ABFFD64
511552B9
576AA80E
5DBFFD63
641552B8
6A6AA80D
70BFFD62
771552B7
7D6AA80C
83BFFD61
8A1552B6
906AA80B
96BFFD60
9D1552B5
A36AA80A
A9BFFD5F
B01552B4
B66AA809
BCBFFD5E
C31552B3
C96AA808
CFBFFD5D
D61552B2
DC6AA807
E2BFFD5C
E91552B1
EF6AA806
F5BFFD5B
FC1552B0
026AA805
08BFFD5A
0F1552AF
156AA804
1BBFFD59
221552AE
286AA803
2EBFFD58
351552AD
3B6AA802
41BFFD57
481552AC
4E6AA801
54BFFD56
5B1552AB
616AA800
67BFFD55
6E1552AA
746AA7FF
7ABFFD54
811552A9
876AA7FE
8DBFFD53
941552A8
9A6AA7FD
A0BFFD52
A71552A7
AD6AA7FC
B3BFFD51
BA1552A6
C06AA7FB
C6BFFD50
CD1552A5
D36AA7FA
D9BFFD4F
E01552A4
E66AA7F9
ECBFFD4E
F31552A3
F96AA7F8
FFBFFD4D
061552A2
0C6AA7F7
12BFFD4C
191552A1
1F6AA7F6
25BFFD4B
2C1552A0
326AA7F5
38BFFD4A
3F15529F
456AA7F4
4BBFFD49
5215529E
586AA7F3
5EBFFD48
6515529D
6B6AA7F2
71BFFD47
7815529C
7E6AA7F1
84BFFD46
8B15529B
916AA7F0
97BFFD45
9E15529A
A46AA7EF
AABFFD44
B1155299
B76AA7EE
BDBFFD43
C4155298
CA6AA7ED
D0BFFD42
D7155297
DD6AA7EC
E3BFFD41
EA155296
F06AA7EB
F6BFFD40
FD155295
036AA7EA
09BFFD3F
10155294
166AA7E9
1CBFFD3E
23155293
296AA7E8
2FBFFD3D
36155292
3C6AA7E7
42BFFD3C
49155291
4F6AA7E6
55BFFD3B
5C155290
626AA7E5
68BFFD3A
6F15528F
756AA7E4
7BBFFD39
8215528E
886AA7E3
8EBFFD38
9515528D
9B6AA7E2
A1BFFD37
A815528C
AE6AA7E1
B4BFFD36
BB15528B
C16AA7E0
C7BFFD35
CE15528A
D46AA7DF
DABFFD34
E1155289
E76AA7DE
EDBFFD33
F4155288
FA6AA7DD
00BFFD32
07155287
0D6AA7DC
13BFFD31
1A155286
206AA7DB
26BFFD30
2D155285
336AA7DA
39BFFD2F
40155284
466AA7D9
4CBFFD2E
53155283
596AA7D8
5FBFFD2D
66155282
6C6AA7D7
72BFFD2C
79155281
7F6AA7D6
85BFFD2B
8C155280
926AA7D5
98BFFD2A
9F15527F
A56AA7D4
ABBFFD29
B215527E
B86AA7D3
BEBFFD28
C515527D
CB6AA7D2
D1BFFD27
D815527C
DE6AA7D1
E4BFFD26
EB15527B
F16AA7D0
F7BFFD25
FE15527A
046AA7CF
0ABFFD24
11155279
176AA7CE
1DBFFD23
24155278
2A6AA7CD
30BFFD22
37155277
3D6AA7CC
43BFFD21
4A155276
506AA7CB
56BFFD20
5D155275
636AA7CA
69BFFD1F
70155274
766AA7C9
7CBFFD1E
83155273
896AA7C8
8FBFFD1D
96155272
9C6AA7C7
A2BFFD1C
A9155271
AF6AA7C6
B5BFFD1B
BC155270
C26AA7C5
C8BFFD1A
CF15526F
D56AA7C4
DBBFFD19
E215526E
E86AA7C3
EEBFFD18
F515526D
FB6AA7C2
01BFFD17
0815526C
0E6AA7C1
14BFFD16
1B15526B
216AA7C0
27BFFD15
2E15526A
346AA7BF
3ABFFD14
41155269
476AA7BE
4DBFFD13
54155268
5A6AA7BD
60BFFD12
67155267
6D6AA7BC
73BFFD11
7A155266
806AA7BB
86BFFD10
8D155265
936AA7BA
99BFFD0F
A0155264
A66AA7B9
ACBFFD0E
B3155263
B96AA7B8
BFBFFD0D
C6155262
CC6AA7B7
D2BFFD0C
D9155261
DF6AA7B6
E5BFFD0B
EC155260
F26AA7B5
F8BFFD0A
FF15525F
056AA7B4
0BBFFD09
1215525E
186AA7B3
1EBFFD08
2515525D
2B6AA7B2
31BFFD07
3815525C
3E6AA7B1
44BFFD06
4B15525B
516AA7B0
57BFFD05
5E15525A
646AA7AF
6ABFFD04
71155259
776AA7AE
7DBFFD03
84155258
8A6AA7AD
90BFFD02
97155257
9D6AA7AC
A3BFFD01
AA155256
B06AA7AB
B6BFFD00
BD155255
C36AA7AA
C9BFFCFF
D0155254
D66AA7A9
DCBFFCFE
E3155253
E96AA7A8
EFBFFCFD
F6155252
FC6AA7A7
02BFFCFC
09155251
0F6AA7A6
15BFFCFB
1C155250
226AA7A5
28BFFCFA
2F15524F
356AA7A4
3BBFFCF9
4215524E
486AA7A3
4EBFFCF8
5515524D
5B6AA7A2
61BFFCF7
6815524C
6E6AA7A1
74BFFCF6
7B15524B
816AA7A0
87BFFCF5
8E15524A
946AA79F
9ABFFCF4
A1155249
A76AA79E
ADBFFCF3
B4155248
BA6AA79D
C0BFFCF2
C7155247
CD6AA79C
D3BFFCF1
DA155246
E06AA79B
E6BFFCF0
ED155245
F36AA79A
F9BFFCEF
00155244
066AA799
0CBFFCEE
13155243
196AA798
1FBFFCED
26155242
2C6AA797
32BFFCEC
39155241
3F6AA796
45BFFCEB
4C155240
526AA795
58BFFCEA
5F15523F
656AA794
6BBFFCE9
7215523E
786AA793
7EBFFCE8
8515523D
8B6AA792
91BFFCE7
9815523C
9E6AA791
A4BFFCE6
AB15523B
B16AA790
B7BFFCE5
BE15523A
C46AA78F
CABFFCE4
D1155239
D76AA78E
DDBFFCE3
E4155238
EA6AA78D
F0BFFCE2
F7155237
FD6AA78C
03BFFCE1
0A155236
106AA78B
16BFFCE0
1D155235
236AA78A
29BFFCDF
30155234
366AA789
3CBFFCDE
43155233
496AA788
4FBFFCDD
56155232
5C6AA787
62BFFCDC
69155231
6F6AA786
75BFFCDB
7C155230
826AA785
88BFFCDA
8F15522F
956AA784
9BBFFCD9
A215522E
A86AA783
AEBFFCD8
B515522D
BB6AA782
C1BFFCD7
C815522C
CE6AA781
D4BFFCD6
DB15522B
E16AA780
E7BFFCD5
EE15522A
F46AA77F
FABFFCD4
01155229
076AA77E
0DBFFCD3
14155228
1A6AA77D
20BFFCD2
27155227
2D6AA77C
33BFFCD1
3A155226
406AA77B
46BFFCD0
4D155225
536AA77A
59BFFCCF
60155224
666AA779
6CBFFCCE
73155223
796AA778
7FBFFCCD
86155222
8C6AA777
92BFFCCC
99155221
9F6AA776
A5BFFCCB
AC155220
B26AA775
B8BFFCCA
BF15521F
C56AA774
CBBFFCC9
D215521E
D86AA773
DEBFFCC8
E515521D
EB6AA772
F1BFFCC7
F815521C
FE6AA771
04BFFCC6
0B15521B
116AA770
17BFFCC5
1E15521A
246AA76F
2ABFFCC4
31155219
376AA76E
3DBFFCC3
44155218
4A6AA76D
50BFFCC2
57155217
5D6AA76C
63BFFCC1
6A155216
706AA76B
76BFFCC0
7D155215
836AA76A
89BFFCBF
90155214
966AA769
9CBFFCBE
A3155213
A96AA768
AFBFFCBD
B6155212
BC6AA767
C2BFFCBC
C9155211
CF6AA766
D5BFFCBB
DC155210
E26AA765
E8BFFCBA
EF15520F
F56AA764
FBBFFCB9
0215520E
086AA763
0EBFFCB8
1515520D
1B6AA762
21BFFCB7
2815520C
2E6AA761
34BFFCB6
3B15520B
416AA760
47BFFCB5
4E15520A
546AA75F
5ABFFCB4
61155209
676AA75E
6DBFFCB3
74155208
7A6AA75D
80BFFCB2
87155207
8D6AA75C
93BFFCB1
9A155206
A06AA75B
A6BFFCB0
AD155205
B36AA75A
B9BFFCAF
C0155204
C66AA759
CCBFFCAE
D3155203
D96AA758
DFBFFCAD
E6155202
EC6AA757
F2BFFCAC
F9155201
FF6AA756
05BFFCAB
0C155200
126AA755
18BFFCAA
1F1551FF
256AA754
2BBFFCA9
321551FE
386AA753
3EBFFCA8
451551FD
4B6AA752
51BFFCA7
581551FC
5E6AA751
64BFFCA6
6B1551FB
716AA750
77BFFCA5
7E1551FA
846AA74F
8ABFFCA4
911551F9
976AA74E
9DBFFCA3
A41551F8
AA6AA74D
B0BFFCA2
B71551F7
BD6AA74C
C3BFFCA1
CA1551F6
D06AA74B
D6BFFCA0
DD1551F5
E36AA74A
E9BFFC9F
F01551F4
F66AA749
FCBFFC9E
031551F3
096AA748
0FBFFC9D
161551F2
1C6AA747
22BFFC9C
291551F1
2F6AA746
35BFFC9B
3C1551F0
426AA745
48BFFC9A
4F1551EF
556AA744
5BBFFC99
621551EE
686AA743
6EBFFC98
751551ED
7B6AA742
81BFFC97
881551EC
8E6AA741
94BFFC96
9B1551EB
A16AA740
A7BFFC95
AE1551EA
B46AA73F
BABFFC94
C11551E9
C76AA73E
CDBFFC93
D41551E8
DA6AA73D
E0BFFC92
E71551E7
ED6AA73C
F3BFFC91
FA1551E6
006AA73B
06BFFC90
0D1551E5
136AA73A
19BFFC8F
201551E4
266AA739
2CBFFC8E
331551E3
396AA738
3FBFFC8D
461551E2
4C6AA737
52BFFC8C
591551E1
5F6AA736
65BFFC8B
6C1551E0
726AA735
78BFFC8A
7F1551DF
856AA734
8BBFFC89
921551DE
986AA733
9EBFFC88
A51551DD
AB6AA732
B1BFFC87
B81551DC
BE6AA731
C4BFFC86
CB1551DB
D16AA730
D7BFFC85
DE1551DA
E46AA72F
EABFFC84
F11551D9
F76AA72E
FDBFFC83
041551D8
0A6AA72D
10BFFC82
171551D7
1D6AA72C
23BFFC81
2A1551D6
306AA72B
36BFFC80
3D1551D5
436AA72A
49BFFC7F
501551D4
566AA729
5CBFFC7E
631551D3
696AA728
6FBFFC7D
761551D2
7C6AA727
82BFFC7C
891551D1
8F6AA726
95BFFC7B
9C1551D0
A26AA725
A8BFFC7A
AF1551CF
B56AA724
BBBFFC79
C21551CE
C86AA723
CEBFFC78
D51551CD
DB6AA722
E1BFFC77
E81551CC
EE6AA721
F4BFFC76
FB1551CB
016AA720
07BFFC75
0E1551CA
146AA71F
1ABFFC74
211551C9
276AA71E
2DBFFC73
341551C8
3A6AA71D
40BFFC72
471551C7
4D6AA71C
53BFFC71
5A1551C6
606AA71B
66BFFC70
6D1551C5
736AA71A
79BFFC6F
801551C4
866AA719
8CBFFC6E
931551C3
996AA718
9FBFFC6D
A61551C2
AC6AA717
B2BFFC6C
B91551C1
BF6AA716
C5BFFC6B
CC1551C0
D26AA715
D8BFFC6A
DF1551BF
E56AA714
EBBFFC69
F21551BE
F86AA713
FEBFFC68
051551BD
0B6AA712
11BFFC67
181551BC
1E6AA711
24BFFC66
2B1551BB
316AA710
37BFFC65
3E1551BA
446AA70F
4ABFFC64
511551B9
576AA70E
5DBFFC63
641551B8
6A6AA70D
70BFFC62
771551B7
7D6AA70C
83BFFC61
8A1551B6
906AA70B
96BFFC60
9D1551B5
A36AA70A
A9BFFC5F
B01551B4
B66AA709
BCBFFC5E
C31551B3
C96AA708
CFBFFC5D
D61551B2
DC6AA707
E2BFFC5C
E91551B1
EF6AA706
F5BFFC5B
FC1551B0
026AA705
08BFFC5A
0F1551AF
156AA704
1BBFFC59
221551AE
286AA703
2EBFFC58
351551AD
3B6AA702
41BFFC57
481551AC
4E6AA701
54BFFC56
5B1551AB
616AA700
67BFFC55
6E1551AA
746AA6FF
7ABFFC54
811551A9
876AA6FE
8DBFFC53
941551A8
9A6AA6FD
A0BFFC52
A71551A7
AD6AA6FC
B3BFFC51
BA1551A6
C06AA6FB
C6BFFC50
CD1551A5
D36AA6FA
D9BFFC4F
E01551A4
E66AA6F9
ECBFFC4E
F31551A3
F96AA6F8
FFBFFC4D
061551A2
0C6AA6F7
12BFFC4C
191551A1
1F6AA6F6
25BFFC4B
2C1551A0
326AA6F5
38BFFC4A
3F15519F
456AA6F4
4BBFFC49
5215519E
586AA6F3
5EBFFC48
6515519D
6B6AA6F2
71BFFC47
7815519C
7E6AA6F1
84BFFC46
8B15519B
916AA6F0
97BFFC45
9E15519A
A46AA6EF
AABFFC44
B1155199
B76AA6EE
BDBFFC43
C4155198
CA6AA6ED
D0BFFC42
D7155197
DD6AA6EC
E3BFFC41
EA155196
F06AA6EB
F6BFFC40
FD155195
036AA6EA
09BFFC3F
10155194
166AA6E9
1CBFFC3E
23155193
296AA6E8
2FBFFC3D
36155192
3C6AA6E7
42BFFC3C
49155191
4F6AA6E6
55BFFC3B
5C155190
626AA6E5
68BFFC3A
6F15518F
756AA6E4
7BBFFC39
8215518E
886AA6E3
8EBFFC38
9515518D
9B6AA6E2
A1BFFC37
A815518C
AE6AA6E1
B4BFFC36
BB15518B
C16AA6E0
C7BFFC35
CE15518A
D46AA6DF
DABFFC34
E1155189
E76AA6DE
EDBFFC33
F4155188
FA6AA6DD
00BFFC32
07155187
0D6AA6DC
13BFFC31
1A155186
206AA6DB
26BFFC30
2D155185
336AA6DA
39BFFC2F
40155184
466AA6D9
4CBFFC2E
53155183
596AA6D8
5FBFFC2D
66155182
6C6AA6D7
72BFFC2C
79155181
7F6AA6D6
85BFFC2B
8C155180
926AA6D5
98BFFC2A
9F15517F
A56AA6D4
ABBFFC29
B215517E
B86AA6D3
BEBFFC28
C515517D
CB6AA6D2
D1BFFC27
D815517C
DE6AA6D1
E4BFFC26
EB15517B
F16AA6D0
F7BFFC25
FE15517A
046AA6CF
0ABFFC24
11155179
176AA6CE
1DBFFC23
24155178
2A6AA6CD
30BFFC22
37155177
3D6AA6CC
43BFFC21
4A155176
506AA6CB
56BFFC20
5D155175
636AA6CA
69BFFC1F
70155174
766AA6C9
7CBFFC1E
83155173
896AA6C8
8FBFFC1D
96155172
9C6AA6C7
A2BFFC1C
A9155171
AF6AA6C6
B5BFFC1B
BC155170
C26AA6C5
C8BFFC1A
CF15516F
D56AA6C4
DBBFFC19
E215516E
E86AA6C3
EEBFFC18
F515516D
FB6AA6C2
01BFFC17
0815516C
0E6AA6C1
14BFFC16
1B15516B
216AA6C0
27BFFC15
2E15516A
346AA6BF
3ABFFC14
41155169
476AA6BE
4DBFFC13
54155168
5A6AA6BD
60BFFC12
67155167
6D6AA6BC
73BFFC11
7A155166
806AA6BB
86BFFC10
8D155165
936AA6BA
99BFFC0F
A0155164
A66AA6B9
ACBFFC0E
B3155163
B96AA6B8
BFBFFC0D
C6155162
CC6AA6B7
D2BFFC0C
D9155161
DF6AA6B6
E5BFFC0B
EC155160
F26AA6B5
F8BFFC0A
FF15515F
056AA6B4
0BBFFC09
1215515E
186AA6B3
1EBFFC08
2515515D
2B6AA6B2
31BFFC07
3815515C
3E6AA6B1
44BFFC06
4B15515B
516AA6B0
57BFFC05
5E15515A
646AA6AF
6ABFFC04
71155159
776AA6AE
7DBFFC03
84155158
8A6AA6AD
90BFFC02
97155157
9D6AA6AC
A3BFFC01
AA155156
B06AA6AB
B6BFFC00
BD155155
C36AA6AA
C9BFFBFF
D0155154
D66AA6A9
DCBFFBFE
E3155153
E96AA6A8
EFBFFBFD
F6155152
FC6AA6A7
02BFFBFC
09155151
0F6AA6A6
15BFFBFB
1C155150
226AA6A5
28BFFBFA
2F15514F
356AA6A4
3BBFFBF9
4215514E
486AA6A3
4EBFFBF8
5515514D
5B6AA6A2
61BFFBF7
6815514C
6E6AA6A1
74BFFBF6
7B15514B
816AA6A0
87BFFBF5
8E15514A
946AA69F
9ABFFBF4
A1155149
A76AA69E
ADBFFBF3
B4155148
BA6AA69D
C0BFFBF2
C7155147
CD6AA69C
D3BFFBF1
DA155146
E06AA69B
E6BFFBF0
ED155145
F36AA69A
F9BFFBEF
00155144
066AA699
0CBFFBEE
13155143
196AA698
1FBFFBED
26155142
2C6AA697
32BFFBEC
39155141
3F6AA696
45BFFBEB
4C155140
526AA695
58BFFBEA
5F15513F
656AA694
6BBFFBE9
7215513E
786AA693
7EBFFBE8
8515513D
8B6AA692
91BFFBE7
9815513C
9E6AA691
A4BFFBE6
AB15513B
B16AA690
B7BFFBE5
BE15513A
C46AA68F
CABFFBE4
D1155139
D76AA68E
DDBFFBE3
E4155138
EA6AA68D
F0BFFBE2
F7155137
FD6AA68C
03BFFBE1
0A155136
106AA68B
16BFFBE0
1D155135
236AA68A
29BFFBDF
30155134
366AA689
3CBFFBDE
43155133
496AA688
4FBFFBDD
56155132
5C6AA687
62BFFBDC
69155131
6F6AA686
75BFFBDB
7C155130
826AA685
88BFFBDA
8F15512F
956AA684
9BBFFBD9
A215512E
A86AA683
AEBFFBD8
B515512D
BB6AA682
C1BFFBD7
C815512C
CE6AA681
D4BFFBD6
DB15512B
E16AA680
E7BFFBD5
EE15512A
F46AA67F
FABFFBD4
01155129
076AA67E
0DBFFBD3
14155128
1A6AA67D
20BFFBD2
27155127
2D6AA67C
33BFFBD1
3A155126
406AA67B
46BFFBD0
4D155125
536AA67A
59BFFBCF
60155124
666AA679
6CBFFBCE
73155123
796AA678
7FBFFBCD
86155122
8C6AA677
92BFFBCC
99155121
9F6AA676
A5BFFBCB
AC155120
B26AA675
B8BFFBCA
BF15511F
C56AA674
CBBFFBC9
D215511E
D86AA673
DEBFFBC8
E515511D
EB6AA672
F1BFFBC7
F815511C
FE6AA671
04BFFBC6
0B15511B
116AA670
17BFFBC5
1E15511A
246AA66F
2ABFFBC4
31155119
376AA66E
3DBFFBC3
44155118
4A6AA66D
50BFFBC2
57155117
5D6AA66C
63BFFBC1
6A155116
706AA66B
76BFFBC0
7D155115
836AA66A
89BFFBBF
90155114
966AA669
9CBFFBBE
A3155113
A96AA668
AFBFFBBD
B6155112
BC6AA667
C2BFFBBC
C9155111
CF6AA666
D5BFFBBB
DC155110
E26AA665
E8BFFBBA
EF15510F
F56AA664
FBBFFBB9
0215510E
086AA663
0EBFFBB8
1515510D
1B6AA662
21BFFBB7
2815510C
2E6AA661
34BFFBB6
3B15510B
416AA660
47BFFBB5
4E15510A
546AA65F
5ABFFBB4
61155109
676AA65E
6DBFFBB3
74155108
7A6AA65D
80BFFBB2
87155107
8D6AA65C
93BFFBB1
9A155106
A06AA65B
A6BFFBB0
AD155105
B36AA65A
B9BFFBAF
C0155104
C66AA659
CCBFFBAE
D3155103
D96AA658
DFBFFBAD
E6155102
EC6AA657
F2BFFBAC
F9155101
FF6AA656
05BFFBAB
0C155100
126AA655
18BFFBAA
1F1550FF
256AA654
2BBFFBA9
321550FE
386AA653
3EBFFBA8
451550FD
4B6AA652
51BFFBA7
581550FC
5E6AA651
64BFFBA6
6B1550FB
716AA650
77BFFBA5
7E1550FA
846AA64F
8ABFFBA4
911550F9
976AA64E
9DBFFBA3
A41550F8
AA6AA64D
B0BFFBA2
B71550F7
BD6AA64C
C3BFFBA1
CA1550F6
D06AA64B
D6BFFBA0
DD1550F5
E36AA64A
E9BFFB9F
F01550F4
F66AA649
FCBFFB9E
031550F3
096AA648
0FBFFB9D
161550F2
1C6AA647
22BFFB9C
291550F1
2F6AA646
35BFFB9B
3C1550F0
426AA645
48BFFB9A
4F1550EF
556AA644
5BBFFB99
621550EE
686AA643
6EBFFB98
751550ED
7B6AA642
81BFFB97
881550EC
8E6AA641
94BFFB96
9B1550EB
A16AA640
A7BFFB95
AE1550EA
B46AA63F
BABFFB94
C11550E9
C76AA63E
CDBFFB93
D41550E8
DA6AA63D
E0BFFB92
E71550E7
ED6AA63C
F3BFFB91
FA1550E6
006AA63B
06BFFB90
0D1550E5
136AA63A
19BFFB8F
201550E4
266AA639
2CBFFB8E
331550E3
396AA638
3FBFFB8D
461550E2
4C6AA637
52BFFB8C
591550E1
5F6AA636
65BFFB8B
6C1550E0
726AA635
78BFFB8A
7F1550DF
856AA634
8BBFFB89
921550DE
986AA633
9EBFFB88
A51550DD
AB6AA632
B1BFFB87
B81550DC
BE6AA631
C4BFFB86
CB1550DB
D16AA630
D7BFFB85
DE1550DA
E46AA62F
EABFFB84
F11550D9
F76AA62E
FDBFFB83
041550D8
0A6AA62D
10BFFB82
171550D7
1D6AA62C
23BFFB81
2A1550D6
306AA62B
36BFFB80
3D1550D5
436AA62A
49BFFB7F
501550D4
566AA629
5CBFFB7E
631550D3
696AA628
6FBFFB7D
761550D2
7C6AA627
82BFFB7C
891550D1
8F6AA626
95BFFB7B
9C1550D0
A26AA625
A8BFFB7A
AF1550CF
B56AA624
BBBFFB79
C21550CE
C86AA623
CEBFFB78
D51550CD
DB6AA622
E1BFFB77
E81550CC
EE6AA621
F4BFFB76
FB1550CB
016AA620
07BFFB75
0E1550CA
146AA61F
1ABFFB74
211550C9
276AA61E
2DBFFB73
341550C8
3A6AA61D
40BFFB72
471550C7
4D6AA61C
53BFFB71
5A1550C6
606AA61B
66BFFB70
6D1550C5
736AA61A
79BFFB6F
801550C4
866AA619
8CBFFB6E
931550C3
996AA618
9FBFFB6D
A61550C2
AC6AA617
B2BFFB6C
B91550C1
BF6AA616
C5BFFB6B
CC1550C0
D26AA615
D8BFFB6A
DF1550BF
E56AA614
EBBFFB69
F21550BE
F86AA613
FEBFFB68
051550BD
0B6AA612
11BFFB67
181550BC
1E6AA611
24BFFB66
2B1550BB
316AA610
37BFFB65
3E1550BA
446AA60F
4ABFFB64
511550B9
576AA60E
5DBFFB63
641550B8
6A6AA60D
70BFFB62
771550B7
7D6AA60C
83BFFB61
8A1550B6
906AA60B
96BFFB60
9D1550B5
A36AA60A
A9BFFB5F
B01550B4
B66AA609
BCBFFB5E
C31550B3
C96AA608
CFBFFB5D
D61550B2
DC6AA607
E2BFFB5C
E91550B1
EF6AA606
F5BFFB5B
FC1550B0
026AA605
08BFFB5A
0F1550AF
156AA604
1BBFFB59
221550AE
286AA603
2EBFFB58
351550AD
3B6AA602
41BFFB57
481550AC
4E6AA601
54BFFB56
5B1550AB
616AA600
67BFFB55
6E1550AA
746AA5FF
7ABFFB54
811550A9
876AA5FE
8DBFFB53
941550A8
9A6AA5FD
A0BFFB52
A71550A7
AD6AA5FC
B3BFFB51
BA1550A6
C06AA5FB
C6BFFB50
CD1550A5
D36AA5FA
D9BFFB4F
E01550A4
E66AA5F9
ECBFFB4E
F31550A3
F96AA5F8
FFBFFB4D
061550A2
0C6AA5F7
12BFFB4C
191550A1
1F6AA5F6
25BFFB4B
2C1550A0
326AA5F5
38BFFB4A
3F15509F
456AA5F4
4BBFFB49
5215509E
586AA5F3
5EBFFB48
6515509D
6B6AA5F2
71BFFB47
7815509C
7E6AA5F1
84BFFB46
8B15509B
916AA5F0
97BFFB45
9E15509A
A46AA5EF
AABFFB44
B1155099
B76AA5EE
BDBFFB43
C4155098
CA6AA5ED
D0BFFB42
D7155097
DD6AA5EC
E3BFFB41
EA155096
F06AA5EB
F6BFFB40
FD155095
036AA5EA
09BFFB3F
10155094
166AA5E9
1CBFFB3E
23155093
296AA5E8
2FBFFB3D
36155092
3C6AA5E7
42BFFB3C
49155091
4F6AA5E6
55BFFB3B
5C155090
626AA5E5
68BFFB3A
6F15508F
756AA5E4
7BBFFB39
8215508E
886AA5E3
8EBFFB38
9515508D
9B6AA5E2
A1BFFB37
A815508C
AE6AA5E1
B4BFFB36
BB15508B
C16AA5E0
C7BFFB35
CE15508A
D46AA5DF
DABFFB34
E1155089
E76AA5DE
EDBFFB33
F4155088
FA6AA5DD
00BFFB32
07155087
0D6AA5DC
13BFFB31
1A155086
206AA5DB
26BFFB30
2D155085
336AA5DA
39BFFB2F
40155084
466AA5D9
4CBFFB2E
53155083
596AA5D8
5FBFFB2D
66155082
6C6AA5D7
72BFFB2C
79155081
7F6AA5D6
85BFFB2B
8C155080
926AA5D5
98BFFB2A
9F15507F
A56AA5D4
ABBFFB29
B215507E
B86AA5D3
BEBFFB28
C515507D
CB6AA5D2
D1BFFB27
D815507C
DE6AA5D1
E4BFFB26
EB15507B
F16AA5D0
F7BFFB25
FE15507A
046AA5CF
0ABFFB24
11155079
176AA5CE
1DBFFB23
24155078
2A6AA5CD
30BFFB22
37155077
3D6AA5CC
43BFFB21
4A155076
506AA5CB
56BFFB20
5D155075
636AA5CA
69BFFB1F
70155074
766AA5C9
7CBFFB1E
83155073
896AA5C8
8FBFFB1D
96155072
9C6AA5C7
A2BFFB1C
A9155071
AF6AA5C6
B5BFFB1B
BC155070
C26AA5C5
C8BFFB1A
CF15506F
D56AA5C4
DBBFFB19
E215506E
E86AA5C3
EEBFFB18
F515506D
FB6AA5C2
01BFFB17
0815506C
0E6AA5C1
14BFFB16
1B15506B
216AA5C0
27BFFB15
2E15506A
346AA5BF
3ABFFB14
41155069
476AA5BE
4DBFFB13
54155068
5A6AA5BD
60BFFB12
67155067
6D6AA5BC
73BFFB11
7A155066
806AA5BB
86BFFB10
8D155065
936AA5BA
99BFFB0F
A0155064
A66AA5B9
ACBFFB0E
B3155063
B96AA5B8
BFBFFB0D
C6155062
CC6AA5B7
D2BFFB0C
D9155061
DF6AA5B6
E5BFFB0B
EC155060
F26AA5B5
F8BFFB0A
FF15505F
056AA5B4
0BBFFB09
1215505E
186AA5B3
1EBFFB08
2515505D
2B6AA5B2
31BFFB07
3815505C
3E6AA5B1
44BFFB06
4B15505B
516AA5B0
57BFFB05
5E15505A
646AA5AF
6ABFFB04
71155059
776AA5AE
7DBFFB03
84155058
8A6AA5AD
90BFFB02
97155057
9D6AA5AC
A3BFFB01
AA155056
B06AA5AB
B6BFFB00
BD155055
C36AA5AA
C9BFFAFF
D0155054
D66AA5A9
DCBFFAFE
E3155053
E96AA5A8
EFBFFAFD
F6155052
FC6AA5A7
02BFFAFC
09155051
0F6AA5A6
15BFFAFB
1C155050
226AA5A5
28BFFAFA
2F15504F
356AA5A4
3BBFFAF9
4215504E
486AA5A3
4EBFFAF8
5515504D
5B6AA5A2
61BFFAF7
6815504C
6E6AA5A1
74BFFAF6
7B15504B
816AA5A0
87BFFAF5
8E15504A
946AA59F
9ABFFAF4
A1155049
A76AA59E
ADBFFAF3
B4155048
BA6AA59D
C0BFFAF2
C7155047
CD6AA59C
D3BFFAF1
DA155046
E06AA59B
E6BFFAF0
ED155045
F36AA59A
F9BFFAEF
00155044
066AA599
0CBFFAEE
13155043
196AA598
1FBFFAED
26155042
2C6AA597
32BFFAEC
39155041
3F6AA596
45BFFAEB
4C155040
526AA595
58BFFAEA
5F15503F
656AA594
6BBFFAE9
7215503E
786AA593
7EBFFAE8
8515503D
8B6AA592
91BFFAE7
9815503C
9E6AA591
A4BFFAE6
AB15503B
B16AA590
B7BFFAE5
BE15503A
C46AA58F
CABFFAE4
D1155039
D76AA58E
DDBFFAE3
E4155038
EA6AA58D
F0BFFAE2
F7155037
FD6AA58C
03BFFAE1
0A155036
106AA58B
16BFFAE0
1D155035
236AA58A
29BFFADF
30155034
366AA589
3CBFFADE
43155033
496AA588
4FBFFADD
56155032
5C6AA587
62BFFADC
69155031
6F6AA586
75BFFADB
7C155030
826AA585
88BFFADA
8F15502F
956AA584
9BBFFAD9
A215502E
A86AA583
AEBFFAD8
B515502D
BB6AA582
C1BFFAD7
C815502C
CE6AA581
D4BFFAD6
DB15502B
E16AA580
E7BFFAD5
EE15502A
F46AA57F
FABFFAD4
01155029
076AA57E
0DBFFAD3
14155028
1A6AA57D
20BFFAD2
27155027
2D6AA57C
33BFFAD1
3A155026
406AA57B
46BFFAD0
4D155025
536AA57A
59BFFACF
60155024
666AA579
6CBFFACE
73155023
796AA578
7FBFFACD
86155022
8C6AA577
92BFFACC
99155021
9F6AA576
A5BFFACB
AC155020
B26AA575
B8BFFACA
BF15501F
C56AA574
CBBFFAC9
D215501E
D86AA573
DEBFFAC8
E515501D
EB6AA572
F1BFFAC7
F815501C
FE6AA571
04BFFAC6
0B15501B
116AA570
17BFFAC5
1E15501A
246AA56F
2ABFFAC4
31155019
376AA56E
3DBFFAC3
44155018
4A6AA56D
50BFFAC2
57155017
5D6AA56C
63BFFAC1
6A155016
706AA56B
76BFFAC0
7D155015
836AA56A
89BFFABF
90155014
966AA569
9CBFFABE
A3155013
A96AA568
AFBFFABD
B6155012
BC6AA567
C2BFFABC
C9155011
CF6AA566
D5BFFABB
DC155010
E26AA565
E8BFFABA
EF15500F
F56AA564
FBBFFAB9
0215500E
086AA563
0EBFFAB8
1515500D
1B6AA562
21BFFAB7
2815500C
2E6AA561
34BFFAB6
3B15500B
416AA560
47BFFAB5
4E15500A
546AA55F
5ABFFAB4
61155009
676AA55E
6DBFFAB3
74155008
7A6AA55D
80BFFAB2
87155007
8D6AA55C
93BFFAB1
9A155006
A06AA55B
A6BFFAB0
AD155005
B36AA55A
B9BFFAAF
C0155004
C66AA559
CCBFFAAE
D3155003
D96AA558
DFBFFAAD
E6155002
EC6AA557
F2BFFAAC
F9155001
FF6AA556
05BFFAAB
0C155000
126AA555
18BFFAAA
1F154FFF
256AA554
2BBFFAA9
32154FFE
386AA553
3EBFFAA8
45154FFD
4B6AA552
51BFFAA7
58154FFC
5E6AA551
64BFFAA6
6B154FFB
716AA550
77BFFAA5
7E154FFA
846AA54F
8ABFFAA4
91154FF9
976AA54E
9DBFFAA3
A4154FF8
AA6AA54D
B0BFFAA2
B7154FF7
BD6AA54C
C3BFFAA1
CA154FF6
D06AA54B
D6BFFAA0
DD154FF5
E36AA54A
E9BFFA9F
F0154FF4
F66AA549
FCBFFA9E
03154FF3
096AA548
0FBFFA9D
16154FF2
1C6AA547
22BFFA9C
29154FF1
2F6AA546
35BFFA9B
3C154FF0
426AA545
48BFFA9A
4F154FEF
556AA544
5BBFFA99
62154FEE
686AA543
6EBFFA98
75154FED
7B6AA542
81BFFA97
88154FEC
8E6AA541
94BFFA96
9B154FEB
A16AA540
A7BFFA95
AE154FEA
B46AA53F
BABFFA94
C1154FE9
C76AA53E
CDBFFA93
D4154FE8
DA6AA53D
E0BFFA92
E7154FE7
ED6AA53C
F3BFFA91
FA154FE6
006AA53B
06BFFA90
0D154FE5
136AA53A
19BFFA8F
20154FE4
266AA539
2CBFFA8E
33154FE3
396AA538
3FBFFA8D
46154FE2
4C6AA537
52BFFA8C
59154FE1
5F6AA536
65BFFA8B
6C154FE0
726AA535
78BFFA8A
7F154FDF
856AA534
8BBFFA89
92154FDE
986AA533
9EBFFA88
A5154FDD
AB6AA532
B1BFFA87
B8154FDC
BE6AA531
C4BFFA86
CB154FDB
D16AA530
D7BFFA85
DE154FDA
E46AA52F
EABFFA84
F1154FD9
F76AA52E
FDBFFA83
04154FD8
0A6AA52D
10BFFA82
17154FD7
1D6AA52C
23BFFA81
2A154FD6
306AA52B
36BFFA80
3D154FD5
436AA52A
49BFFA7F
50154FD4
566AA529
5CBFFA7E
63154FD3
696AA528
6FBFFA7D
76154FD2
7C6AA527
82BFFA7C
89154FD1
8F6AA526
95BFFA7B
9C154FD0
A26AA525
A8BFFA7A
AF154FCF
B56AA524
BBBFFA79
C2154FCE
C86AA523
CEBFFA78
D5154FCD
DB6AA522
E1BFFA77
E8154FCC
EE6AA521
F4BFFA76
FB154FCB
016AA520
07BFFA75
0E154FCA
146AA51F
1ABFFA74
21154FC9
276AA51E
2DBFFA73
34154FC8
3A6AA51D
40BFFA72
47154FC7
4D6AA51C
53BFFA71
5A154FC6
606AA51B
66BFFA70
6D154FC5
736AA51A
79BFFA6F
80154FC4
866AA519
8CBFFA6E
93154FC3
996AA518
9FBFFA6D
A6154FC2
AC6AA517
B2BFFA6C
B9154FC1
BF6AA516
C5BFFA6B
CC154FC0
D26AA515
D8BFFA6A
DF154FBF
E56AA514
EBBFFA69
F2154FBE
F86AA513
FEBFFA68
05154FBD
0B6AA512
11BFFA67
18154FBC
1E6AA511
24BFFA66
2B154FBB
316AA510
37BFFA65
3E154FBA
446AA50F
4ABFFA64
51154FB9
576AA50E
5DBFFA63
64154FB8
6A6AA50D
70BFFA62
77154FB7
7D6AA50C
83BFFA61
8A154FB6
906AA50B
96BFFA60
9D154FB5
A36AA50A
A9BFFA5F
B0154FB4
B66AA509
BCBFFA5E
C3154FB3
C96AA508
CFBFFA5D
D6154FB2
DC6AA507
E2BFFA5C
E9154FB1
EF6AA506
F5BFFA5B
FC154FB0
026AA505
08BFFA5A
0F154FAF
156AA504
1BBFFA59
22154FAE
286AA503
2EBFFA58
35154FAD
3B6AA502
41BFFA57
48154FAC
4E6AA501
54BFFA56
5B154FAB
616AA500
67BFFA55
6E154FAA
746AA4FF
7ABFFA54
81154FA9
876AA4FE
8DBFFA53
94154FA8
9A6AA4FD
A0BFFA52
A7154FA7
AD6AA4FC
B3BFFA51
BA154FA6
C06AA4FB
C6BFFA50
CD154FA5
D36AA4FA
D9BFFA4F
E0154FA4
E66AA4F9
ECBFFA4E
F3154FA3
F96AA4F8
FFBFFA4D
06154FA2
0C6AA4F7
12BFFA4C
19154FA1
1F6AA4F6
25BFFA4B
2C154FA0
326AA4F5
38BFFA4A
3F154F9F
456AA4F4
4BBFFA49
52154F9E
586AA4F3
5EBFFA48
65154F9D
6B6AA4F2
71BFFA47
78154F9C
7E6AA4F1
84BFFA46
8B154F9B
916AA4F0
97BFFA45
9E154F9A
A46AA4EF
AABFFA44
B1154F99
B76AA4EE
BDBFFA43
C4154F98
CA6AA4ED
D0BFFA42
D7154F97
DD6AA4EC
E3BFFA41
EA154F96
F06AA4EB
F6BFFA40
FD154F95
036AA4EA
09BFFA3F
10154F94
166AA4E9
1CBFFA3E
23154F93
296AA4E8
2FBFFA3D
36154F92
3C6AA4E7
42BFFA3C
49154F91
4F6AA4E6
55BFFA3B
5C154F90
626AA4E5
68BFFA3A
6F154F8F
756AA4E4
7BBFFA39
82154F8E
886AA4E3
8EBFFA38
95154F8D
9B6AA4E2
A1BFFA37
A8154F8C
AE6AA4E1
B4BFFA36
BB154F8B
C16AA4E0
C7BFFA35
CE154F8A
D46AA4DF
DABFFA34
E1154F89
E76AA4DE
EDBFFA33
F4154F88
FA6AA4DD
00BFFA32
07154F87
0D6AA4DC
13BFFA31
1A154F86
206AA4DB
26BFFA30
2D154F85
336AA4DA
39BFFA2F
40154F84
466AA4D9
4CBFFA2E
53154F83
596AA4D8
5FBFFA2D
66154F82
6C6AA4D7
72BFFA2C
79154F81
7F6AA4D6
85BFFA2B
8C154F80
926AA4D5
98BFFA2A
9F154F7F
A56AA4D4
ABBFFA29
B2154F7E
B86AA4D3
BEBFFA28
C5154F7D
CB6AA4D2
D1BFFA27
D8154F7C
DE6AA4D1
E4BFFA26
EB154F7B
F16AA4D0
F7BFFA25
FE154F7A
046AA4CF
0ABFFA24
11154F79
176AA4CE
1DBFFA23
24154F78
2A6AA4CD
30BFFA22
37154F77
3D6AA4CC
43BFFA21
4A154F76
506AA4CB
56BFFA20
5D154F75
636AA4CA
69BFFA1F
70154F74
766AA4C9
7CBFFA1E
83154F73
896AA4C8
8FBFFA1D
96154F72
9C6AA4C7
A2BFFA1C
A9154F71
AF6AA4C6
B5BFFA1B
BC154F70
C26AA4C5
C8BFFA1A
CF154F6F
D56AA4C4
DBBFFA19
E2154F6E
E86AA4C3
EEBFFA18
F5154F6D
FB6AA4C2
01BFFA17
08154F6C
0E6AA4C1
14BFFA16
1B154F6B
216AA4C0
27BFFA15
2E154F6A
346AA4BF
3ABFFA14
41154F69
476AA4BE
4DBFFA13
54154F68
5A6AA4BD
60BFFA12
67154F67
6D6AA4BC
73BFFA11
7A154F66
806AA4BB
86BFFA10
8D154F65
936AA4BA
99BFFA0F
A0154F64
A66AA4B9
ACBFFA0E
B3154F63
B96AA4B8
BFBFFA0D
C6154F62
CC6AA4B7
D2BFFA0C
D9154F61
DF6AA4B6
E5BFFA0B
EC154F60
F26AA4B5
F8BFFA0A
FF154F5F
056AA4B4
0BBFFA09
12154F5E
186AA4B3
1EBFFA08
25154F5D
2B6AA4B2
31BFFA07
38154F5C
3E6AA4B1
44BFFA06
4B154F5B
516AA4B0
57BFFA05
5E154F5A
646AA4AF
6ABFFA04
71154F59
776AA4AE
7DBFFA03
84154F58
8A6AA4AD
90BFFA02
97154F57
9D6AA4AC
A3BFFA01
AA154F56
B06AA4AB
B6BFFA00
BD154F55
C36AA4AA
C9BFF9FF
D0154F54
D66AA4A9
DCBFF9FE
E3154F53
E96AA4A8
EFBFF9FD
F6154F52
FC6AA4A7
02BFF9FC
09154F51
0F6AA4A6
15BFF9FB
1C154F50
226AA4A5
28BFF9FA
2F154F4F
356AA4A4
3BBFF9F9
42154F4E
486AA4A3
4EBFF9F8
55154F4D
5B6AA4A2
61BFF9F7
68154F4C
6E6AA4A1
74BFF9F6
7B154F4B
816AA4A0
87BFF9F5
8E154F4A
946AA49F
9ABFF9F4
A1154F49
A76AA49E
ADBFF9F3
B4154F48
BA6AA49D
C0BFF9F2
C7154F47
CD6AA49C
D3BFF9F1
DA154F46
E06AA49B
E6BFF9F0
ED154F45
F36AA49A
F9BFF9EF
00154F44
066AA499
0CBFF9EE
13154F43
196AA498
1FBFF9ED
26154F42
2C6AA497
32BFF9EC
39154F41
3F6AA496
45BFF9EB
4C154F40
526AA495
58BFF9EA
5F154F3F
656AA494
6BBFF9E9
72154F3E
786AA493
7EBFF9E8
85154F3D
8B6AA492
91BFF9E7
98154F3C
9E6AA491
A4BFF9E6
AB154F3B
B16AA490
B7BFF9E5
BE154F3A
C46AA48F
CABFF9E4
D1154F39
D76AA48E
DDBFF9E3
E4154F38
EA6AA48D
F0BFF9E2
F7154F37
FD6AA48C
03BFF9E1
0A154F36
106AA48B
16BFF9E0
1D154F35
236AA48A
29BFF9DF
30154F34
366AA489
3CBFF9DE
43154F33
496AA488
4FBFF9DD
56154F32
5C6AA487
62BFF9DC
69154F31
6F6AA486
75BFF9DB
7C154F30
826AA485
88BFF9DA
8F154F2F
956AA484
9BBFF9D9
A2154F2E
A86AA483
AEBFF9D8
B5154F2D
BB6AA482
C1BFF9D7
C8154F2C
CE6AA481
D4BFF9D6
DB154F2B
E16AA480
E7BFF9D5
EE154F2A
F46AA47F
FABFF9D4
01154F29
076AA47E
0DBFF9D3
14154F28
1A6AA47D
20BFF9D2
27154F27
2D6AA47C
33BFF9D1
3A154F26
406AA47B
46BFF9D0
4D154F25
536AA47A
59BFF9CF
60154F24
666AA479
6CBFF9CE
73154F23
796AA478
7FBFF9CD
86154F22
8C6AA477
92BFF9CC
99154F21
9F6AA476
A5BFF9CB
AC154F20
B26AA475
B8BFF9CA
BF154F1F
C56AA474
CBBFF9C9
D2154F1E
D86AA473
DEBFF9C8
E5154F1D
EB6AA472
F1BFF9C7
F8154F1C
FE6AA471
04BFF9C6
0B154F1B
116AA470
17BFF9C5
1E154F1A
246AA46F
2ABFF9C4
31154F19
376AA46E
3DBFF9C3
44154F18
4A6AA46D
50BFF9C2
57154F17
5D6AA46C
63BFF9C1
6A154F16
706AA46B
76BFF9C0
7D154F15
836AA46A
89BFF9BF
90154F14
966AA469
9CBFF9BE
A3154F13
A96AA468
AFBFF9BD
B6154F12
BC6AA467
C2BFF9BC
C9154F11
CF6AA466
D5BFF9BB
DC154F10
E26AA465
E8BFF9BA
EF154F0F
F56AA464
FBBFF9B9
02154F0E
086AA463
0EBFF9B8
15154F0D
1B6AA462
21BFF9B7
28154F0C
2E6AA461
34BFF9B6
3B154F0B
416AA460
47BFF9B5
4E154F0A
546AA45F
5ABFF9B4
61154F09
676AA45E
6DBFF9B3
74154F08
7A6AA45D
80BFF9B2
87154F07
8D6AA45C
93BFF9B1
9A154F06
A06AA45B
A6BFF9B0
AD154F05
B36AA45A
B9BFF9AF
C0154F04
C66AA459
CCBFF9AE
D3154F03
D96AA458
DFBFF9AD
E6154F02
EC6AA457
F2BFF9AC
F9154F01
FF6AA456
05BFF9AB
0C154F00
126AA455
18BFF9AA
1F154EFF
256AA454
2BBFF9A9
32154EFE
386AA453
3EBFF9A8
45154EFD
4B6AA452
51BFF9A7
58154EFC
5E6AA451
64BFF9A6
6B154EFB
716AA450
77BFF9A5
7E154EFA
846AA44F
8ABFF9A4
91154EF9
976AA44E
9DBFF9A3
A4154EF8
AA6AA44D
B0BFF9A2
B7154EF7
BD6AA44C
C3BFF9A1
CA154EF6
D06AA44B
D6BFF9A0
DD154EF5
E36AA44A
E9BFF99F
F0154EF4
F66AA449
FCBFF99E
03154EF3
096AA448
0FBFF99D
16154EF2
1C6AA447
22BFF99C
29154EF1
2F6AA446
35BFF99B
3C154EF0
426AA445
48BFF99A
4F154EEF
556AA444
5BBFF999
62154EEE
686AA443
6EBFF998
75154EED
7B6AA442
81BFF997
88154EEC
8E6AA441
94BFF996
9B154EEB
A16AA440
A7BFF995
AE154EEA
B46AA43F
BABFF994
C1154EE9
C76AA43E
CDBFF993
D4154EE8
DA6AA43D
E0BFF992
E7154EE7
ED6AA43C
F3BFF991
FA154EE6
006AA43B
06BFF990
0D154EE5
136AA43A
19BFF98F
20154EE4
266AA439
2CBFF98E
33154EE3
396AA438
3FBFF98D
46154EE2
4C6AA437
52BFF98C
59154EE1
5F6AA436
65BFF98B
6C154EE0
726AA435
78BFF98A
7F154EDF
856AA434
8BBFF989
92154EDE
986AA433
9EBFF988
A5154EDD
AB6AA432
B1BFF987
B8154EDC
BE6AA431
C4BFF986
CB154EDB
D16AA430
D7BFF985
DE154EDA
E46AA42F
EABFF984
F1154ED9
F76AA42E
FDBFF983
04154ED8
0A6AA42D
10BFF982
17154ED7
1D6AA42C
23BFF981
2A154ED6
306AA42B
36BFF980
3D154ED5
436AA42A
49BFF97F
50154ED4
566AA429
5CBFF97E
63154ED3
696AA428
6FBFF97D
76154ED2
7C6AA427
82BFF97C
89154ED1
8F6AA426
95BFF97B
9C154ED0
A26AA425
A8BFF97A
AF154ECF
B56AA424
BBBFF979
C2154ECE
C86AA423
CEBFF978
D5154ECD
DB6AA422
E1BFF977
E8154ECC
EE6AA421
F4BFF976
FB154ECB
016AA420
07BFF975
0E154ECA
146AA41F
1ABFF974
21154EC9
276AA41E
2DBFF973
34154EC8
3A6AA41D
40BFF972
47154EC7
4D6AA41C
53BFF971
5A154EC6
606AA41B
66BFF970
6D154EC5
736AA41A
79BFF96F
80154EC4
866AA419
8CBFF96E
93154EC3
996AA418
9FBFF96D
A6154EC2
AC6AA417
B2BFF96C
B9154EC1
BF6AA416
C5BFF96B
CC154EC0
D26AA415
D8BFF96A
DF154EBF
E56AA414
EBBFF969
F2154EBE
F86AA413
FEBFF968
05154EBD
0B6AA412
11BFF967
18154EBC
1E6AA411
24BFF966
2B154EBB
316AA410
37BFF965
3E154EBA
446AA40F
4ABFF964
51154EB9
576AA40E
5DBFF963
64154EB8
6A6AA40D
70BFF962
77154EB7
7D6AA40C
83BFF961
8A154EB6
906AA40B
96BFF960
9D154EB5
A36AA40A
A9BFF95F
B0154EB4
B66AA409
BCBFF95E
C3154EB3
C96AA408
CFBFF95D
D6154EB2
DC6AA407
E2BFF95C
E9154EB1
EF6AA406
F5BFF95B
FC154EB0
026AA405
08BFF95A
0F154EAF
156AA404
1BBFF959
22154EAE
286AA403
2EBFF958
35154EAD
3B6AA402
41BFF957
48154EAC
4E6AA401
54BFF956
5B154EAB
616AA400
67BFF955
6E154EAA
746AA3FF
7ABFF954
81154EA9
876AA3FE
8DBFF953
94154EA8
9A6AA3FD
A0BFF952
A7154EA7
AD6AA3FC
B3BFF951
BA154EA6
C06AA3FB
C6BFF950
CD154EA5
D36AA3FA
D9BFF94F
E0154EA4
E66AA3F9
ECBFF94E
F3154EA3
F96AA3F8
FFBFF94D
06154EA2
0C6AA3F7
12BFF94C
19154EA1
1F6AA3F6
25BFF94B
2C154EA0
326AA3F5
38BFF94A
3F154E9F
456AA3F4
4BBFF949
52154E9E
586AA3F3
5EBFF948
65154E9D
6B6AA3F2
71BFF947
78154E9C
7E6AA3F1
84BFF946
8B154E9B
916AA3F0
97BFF945
9E154E9A
A46AA3EF
AABFF944
B1154E99
B76AA3EE
BDBFF943
C4154E98
CA6AA3ED
D0BFF942
D7154E97
DD6AA3EC
E3BFF941
EA154E96
F06AA3EB
F6BFF940
FD154E95
036AA3EA
09BFF93F
10154E94
166AA3E9
1CBFF93E
23154E93
296AA3E8
2FBFF93D
36154E92
3C6AA3E7
42BFF93C
49154E91
4F6AA3E6
55BFF93B
5C154E90
626AA3E5
68BFF93A
6F154E8F
756AA3E4
7BBFF939
82154E8E
886AA3E3
8EBFF938
95154E8D
9B6AA3E2
A1BFF937
A8154E8C
AE6AA3E1
B4BFF936
BB154E8B
C16AA3E0
C7BFF935
CE154E8A
D46AA3DF
DABFF934
E1154E89
E76AA3DE
EDBFF933
F4154E88
FA6AA3DD
00BFF932
07154E87
0D6AA3DC
13BFF931
1A154E86
206AA3DB
26BFF930
2D154E85
336AA3DA
39BFF92F
40154E84
466AA3D9
4CBFF92E
53154E83
596AA3D8
5FBFF92D
66154E82
6C6AA3D7
72BFF92C
79154E81
7F6AA3D6
85BFF92B
8C154E80
926AA3D5
98BFF92A
9F154E7F
A56AA3D4
ABBFF929
B2154E7E
B86AA3D3
BEBFF928
C5154E7D
CB6AA3D2
D1BFF927
D8154E7C
DE6AA3D1
E4BFF926
EB154E7B
F16AA3D0
F7BFF925
FE154E7A
046AA3CF
0ABFF924
11154E79
176AA3CE
1DBFF923
24154E78
2A6AA3CD
30BFF922
37154E77
3D6AA3CC
43BFF921
4A154E76
506AA3CB
56BFF920
5D154E75
636AA3CA
69BFF91F
70154E74
766AA3C9
7CBFF91E
83154E73
896AA3C8
8FBFF91D
96154E72
9C6AA3C7
A2BFF91C
A9154E71
AF6AA3C6
B5BFF91B
BC154E70
C26AA3C5
C8BFF91A
CF154E6F
D56AA3C4
DBBFF919
E2154E6E
E86AA3C3
EEBFF918
F5154E6D
FB6AA3C2
01BFF917
08154E6C
0E6AA3C1
14BFF916
1B154E6B
216AA3C0
27BFF915
2E154E6A
346AA3BF
3ABFF914
41154E69
476AA3BE
4DBFF913
54154E68
5A6AA3BD
60BFF912
67154E67
6D6AA3BC
73BFF911
7A154E66
806AA3BB
86BFF910
8D154E65
936AA3BA
99BFF90F
A0154E64
A66AA3B9
ACBFF90E
B3154E63
B96AA3B8
BFBFF90D
C6154E62
CC6AA3B7
D2BFF90C
D9154E61
DF6AA3B6
E5BFF90B
EC154E60
F26AA3B5
F8BFF90A
FF154E5F
056AA3B4
0BBFF909
12154E5E
186AA3B3
1EBFF908
25154E5D
2B6AA3B2
31BFF907
38154E5C
3E6AA3B1
44BFF906
4B154E5B
516AA3B0
57BFF905
5E154E5A
646AA3AF
6ABFF904
71154E59
776AA3AE
7DBFF903
84154E58
8A6AA3AD
90BFF902
97154E57
9D6AA3AC
A3BFF901
AA154E56
B06AA3AB
B6BFF900
BD154E55
C36AA3AA
C9BFF8FF
D0154E54
D66AA3A9
DCBFF8FE
E3154E53
E96AA3A8
EFBFF8FD
F6154E52
FC6AA3A7
02BFF8FC
09154E51
0F6AA3A6
15BFF8FB
1C154E50
226AA3A5
28BFF8FA
2F154E4F
356AA3A4
3BBFF8F9
42154E4E
486AA3A3
4EBFF8F8
55154E4D
5B6AA3A2
61BFF8F7
68154E4C
6E6AA3A1
74BFF8F6
7B154E4B
816AA3A0
87BFF8F5
8E154E4A
946AA39F
9ABFF8F4
A1154E49
A76AA39E
ADBFF8F3
B4154E48
BA6AA39D
C0BFF8F2
C7154E47
CD6AA39C
D3BFF8F1
DA154E46
E06AA39B
E6BFF8F0
ED154E45
F36AA39A
F9BFF8EF
00154E44
066AA399
0CBFF8EE
13154E43
196AA398
1FBFF8ED
26154E42
2C6AA397
32BFF8EC
39154E41
3F6AA396
45BFF8EB
4C154E40
526AA395
58BFF8EA
5F154E3F
656AA394
6BBFF8E9
72154E3E
786AA393
7EBFF8E8
85154E3D
8B6AA392
91BFF8E7
98154E3C
9E6AA391
A4BFF8E6
AB154E3B
B16AA390
B7BFF8E5
BE154E3A
C46AA38F
CABFF8E4
D1154E39
D76AA38E
DDBFF8E3
E4154E38
EA6AA38D
F0BFF8E2
F7154E37
FD6AA38C
03BFF8E1
0A154E36
106AA38B
16BFF8E0
1D154E35
236AA38A
29BFF8DF
30154E34
366AA389
3CBFF8DE
43154E33
496AA388
4FBFF8DD
56154E32
5C6AA387
62BFF8DC
69154E31
6F6AA386
75BFF8DB
7C154E30
826AA385
88BFF8DA
8F154E2F
956AA384
9BBFF8D9
A2154E2E
A86AA383
AEBFF8D8
B5154E2D
BB6AA382
C1BFF8D7
C8154E2C
CE6AA381
D4BFF8D6
DB154E2B
E16AA380
E7BFF8D5
EE154E2A
F46AA37F
FABFF8D4
01154E29
076AA37E
0DBFF8D3
14154E28
1A6AA37D
20BFF8D2
27154E27
2D6AA37C
33BFF8D1
3A154E26
406AA37B
46BFF8D0
4D154E25
536AA37A
59BFF8CF
60154E24
666AA379
6CBFF8CE
73154E23
796AA378
7FBFF8CD
86154E22
8C6AA377
92BFF8CC
99154E21
9F6AA376
A5BFF8CB
AC154E20
B26AA375
B8BFF8CA
BF154E1F
C56AA374
CBBFF8C9
D2154E1E
D86AA373
DEBFF8C8
E5154E1D
EB6AA372
F1BFF8C7
F8154E1C
FE6AA371
04BFF8C6
0B154E1B
116AA370
17BFF8C5
1E154E1A
246AA36F
2ABFF8C4
31154E19
376AA36E
3DBFF8C3
44154E18
4A6AA36D
50BFF8C2
57154E17
5D6AA36C
63BFF8C1
6A154E16
706AA36B
76BFF8C0
7D154E15
836AA36A
89BFF8BF
90154E14
966AA369
9CBFF8BE
A3154E13
A96AA368
AFBFF8BD
B6154E12
BC6AA367
C2BFF8BC
C9154E11
CF6AA366
D5BFF8BB
DC154E10
E26AA365
E8BFF8BA
EF154E0F
F56AA364
FBBFF8B9
02154E0E
086AA363
0EBFF8B8
15154E0D
1B6AA362
21BFF8B7
28154E0C
2E6AA361
34BFF8B6
3B154E0B
416AA360
47BFF8B5
4E154E0A
546AA35F
5ABFF8B4
61154E09
676AA35E
6DBFF8B3
74154E08
7A6AA35D
80BFF8B2
87154E07
8D6AA35C
93BFF8B1
9A154E06
A06AA35B
A6BFF8B0
AD154E05
B36AA35A
B9BFF8AF
C0154E04
C66AA359
CCBFF8AE
D3154E03
D96AA358
DFBFF8AD
E6154E02
EC6AA357
F2BFF8AC
F9154E01
FF6AA356
05BFF8AB
0C154E00
126AA355
18BFF8AA
1F154DFF
256AA354
2BBFF8A9
32154DFE
386AA353
3EBFF8A8
45154DFD
4B6AA352
51BFF8A7
58154DFC
5E6AA351
64BFF8A6
6B154DFB
716AA350
77BFF8A5
7E154DFA
846AA34F
8ABFF8A4
91154DF9
976AA34E
9DBFF8A3
A4154DF8
AA6AA34D
B0BFF8A2
B7154DF7
BD6AA34C
C3BFF8A1
CA154DF6
D06AA34B
D6BFF8A0
DD154DF5
E36AA34A
E9BFF89F
F0154DF4
F66AA349
FCBFF89E
03154DF3
096AA348
0FBFF89D
16154DF2
1C6AA347
22BFF89C
29154DF1
2F6AA346
35BFF89B
3C154DF0
426AA345
48BFF89A
4F154DEF
556AA344
5BBFF899
62154DEE
686AA343
6EBFF898
75154DED
7B6AA342
81BFF897
88154DEC
8E6AA341
94BFF896
9B154DEB
A16AA340
A7BFF895
AE154DEA
B46AA33F
BABFF894
C1154DE9
C76AA33E
CDBFF893
D4154DE8
DA6AA33D
E0BFF892
E7154DE7
ED6AA33C
F3BFF891
FA154DE6
006AA33B
06BFF890
0D154DE5
136AA33A
19BFF88F
20154DE4
266AA339
2CBFF88E
33154DE3
396AA338
3FBFF88D
46154DE2
4C6AA337
52BFF88C
59154DE1
5F6AA336
65BFF88B
6C154DE0
726AA335
78BFF88A
7F154DDF
856AA334
8BBFF889
92154DDE
986AA333
9EBFF888
A5154DDD
AB6AA332
B1BFF887
B8154DDC
BE6AA331
C4BFF886
CB154DDB
D16AA330
D7BFF885
DE154DDA
E46AA32F
EABFF884
F1154DD9
F76AA32E
FDBFF883
04154DD8
0A6AA32D
10BFF882
17154DD7
1D6AA32C
23BFF881
2A154DD6
306AA32B
36BFF880
3D154DD5
436AA32A
49BFF87F
50154DD4
566AA329
5CBFF87E
63154DD3
696AA328
6FBFF87D
76154DD2
7C6AA327
82BFF87C
89154DD1
8F6AA326
95BFF87B
9C154DD0
A26AA325
A8BFF87A
AF154DCF
B56AA324
BBBFF879
C2154DCE
C86AA323
CEBFF878
D5154DCD
DB6AA322
E1BFF877
E8154DCC
EE6AA321
F4BFF876
FB154DCB
016AA320
07BFF875
0E154DCA
146AA31F
1ABFF874
21154DC9
276AA31E
2DBFF873
34154DC8
3A6AA31D
40BFF872
47154DC7
4D6AA31C
53BFF871
5A154DC6
606AA31B
66BFF870
6D154DC5
736AA31A
79BFF86F
80154DC4
866AA319
8CBFF86E
93154DC3
996AA318
9FBFF86D
A6154DC2
AC6AA317
B2BFF86C
B9154DC1
BF6AA316
C5BFF86B
CC154DC0
D26AA315
D8BFF86A
DF154DBF
E56AA314
EBBFF869
F2154DBE
F86AA313
FEBFF868
05154DBD
0B6AA312
11BFF867
18154DBC
1E6AA311
24BFF866
2B154DBB
316AA310
37BFF865
3E154DBA
446AA30F
4ABFF864
51154DB9
576AA30E
5DBFF863
64154DB8
6A6AA30D
70BFF862
77154DB7
7D6AA30C
83BFF861
8A154DB6
906AA30B
96BFF860
9D154DB5
A36AA30A
A9BFF85F
B0154DB4
B66AA309
BCBFF85E
C3154DB3
C96AA308
CFBFF85D
D6154DB2
DC6AA307
E2BFF85C
E9154DB1
EF6AA306
F5BFF85B
FC154DB0
026AA305
08BFF85A
0F154DAF
156AA304
1BBFF859
22154DAE
286AA303
2EBFF858
35154DAD
3B6AA302
41BFF857
48154DAC
4E6AA301
54BFF856
5B154DAB
616AA300
67BFF855
6E154DAA
746AA2FF
7ABFF854
81154DA9
876AA2FE
8DBFF853
94154DA8
9A6AA2FD
A0BFF852
A7154DA7
AD6AA2FC
B3BFF851
BA154DA6
C06AA2FB
C6BFF850
CD154DA5
D36AA2FA
D9BFF84F
E0154DA4
E66AA2F9
ECBFF84E
F3154DA3
F96AA2F8
FFBFF84D
06154DA2
0C6AA2F7
12BFF84C
19154DA1
1F6AA2F6
25BFF84B
2C154DA0
326AA2F5
38BFF84A
3F154D9F
456AA2F4
4BBFF849
52154D9E
586AA2F3
5EBFF848
65154D9D
6B6AA2F2
71BFF847
78154D9C
7E6AA2F1
84BFF846
8B154D9B
916AA2F0
97BFF845
9E154D9A
A46AA2EF
AABFF844
B1154D99
B76AA2EE
BDBFF843
C4154D98
CA6AA2ED
D0BFF842
D7154D97
DD6AA2EC
E3BFF841
EA154D96
F06AA2EB
F6BFF840
FD154D95
036AA2EA
09BFF83F
10154D94
166AA2E9
1CBFF83E
23154D93
296AA2E8
2FBFF83D
36154D92
3C6AA2E7
42BFF83C
49154D91
4F6AA2E6
55BFF83B
5C154D90
626AA2E5
68BFF83A
6F154D8F
756AA2E4
7BBFF839
82154D8E
886AA2E3
8EBFF838
95154D8D
9B6AA2E2
A1BFF837
A8154D8C
AE6AA2E1
B4BFF836
BB154D8B
C16AA2E0
C7BFF835
CE154D8A
D46AA2DF
DABFF834
E1154D89
E76AA2DE
EDBFF833
F4154D88
FA6AA2DD
00BFF832
07154D87
0D6AA2DC
13BFF831
1A154D86
206AA2DB
26BFF830
2D154D85
336AA2DA
39BFF82F
40154D84
466AA2D9
4CBFF82E
53154D83
596AA2D8
5FBFF82D
66154D82
6C6AA2D7
72BFF82C
79154D81
7F6AA2D6
85BFF82B
8C154D80
926AA2D5
98BFF82A
9F154D7F
A56AA2D4
ABBFF829
B2154D7E
B86AA2D3
BEBFF828
C5154D7D
CB6AA2D2
D1BFF827
D8154D7C
DE6AA2D1
E4BFF826
EB154D7B
F16AA2D0
F7BFF825
FE154D7A
046AA2CF
0ABFF824
11154D79
176AA2CE
1DBFF823
24154D78
2A6AA2CD
30BFF822
37154D77
3D6AA2CC
43BFF821
4A154D76
506AA2CB
56BFF820
5D154D75
636AA2CA
69BFF81F
70154D74
766AA2C9
7CBFF81E
83154D73
896AA2C8
8FBFF81D
96154D72
9C6AA2C7
A2BFF81C
A9154D71
AF6AA2C6
B5BFF81B
BC154D70
C26AA2C5
C8BFF81A
CF154D6F
D56AA2C4
DBBFF819
E2154D6E
E86AA2C3
EEBFF818
F5154D6D
FB6AA2C2
01BFF817
08154D6C
0E6AA2C1
14BFF816
1B154D6B
216AA2C0
27BFF815
2E154D6A
346AA2BF
3ABFF814
41154D69
476AA2BE
4DBFF813
54154D68
5A6AA2BD
60BFF812
67154D67
6D6AA2BC
73BFF811
7A154D66
806AA2BB
86BFF810
8D154D65
936AA2BA
99BFF80F
A0154D64
A66AA2B9
ACBFF80E
B3154D63
B96AA2B8
BFBFF80D
C6154D62
CC6AA2B7
D2BFF80C
D9154D61
DF6AA2B6
E5BFF80B
EC154D60
F26AA2B5
F8BFF80A
FF154D5F
056AA2B4
0BBFF809
12154D5E
186AA2B3
1EBFF808
25154D5D
2B6AA2B2
31BFF807
38154D5C
3E6AA2B1
44BFF806
4B154D5B
516AA2B0
57BFF805
5E154D5A
646AA2AF
6ABFF804
71154D59
776AA2AE
7DBFF803
84154D58
8A6AA2AD
90BFF802
97154D57
9D6AA2AC
A3BFF801
AA154D56
B06AA2AB
B6BFF800
BD154D55
C36AA2AA
C9BFF7FF
D0154D54
D66AA2A9
DCBFF7FE
E3154D53
E96AA2A8
EFBFF7FD
F6154D52
FC6AA2A7
02BFF7FC
09154D51
0F6AA2A6
15BFF7FB
1C154D50
226AA2A5
28BFF7FA
2F154D4F
356AA2A4
3BBFF7F9
42154D4E
486AA2A3
4EBFF7F8
55154D4D
5B6AA2A2
61BFF7F7
68154D4C
6E6AA2A1
74BFF7F6
7B154D4B
816AA2A0
87BFF7F5
8E154D4A
946AA29F
9ABFF7F4
A1154D49
A76AA29E
ADBFF7F3
B4154D48
BA6AA29D
C0BFF7F2
C7154D47
CD6AA29C
D3BFF7F1
DA154D46
E06AA29B
E6BFF7F0
ED154D45
F36AA29A
F9BFF7EF
00154D44
066AA299
0CBFF7EE
13154D43
196AA298
1FBFF7ED
26154D42
2C6AA297
32BFF7EC
39154D41
3F6AA296
45BFF7EB
4C154D40
526AA295
58BFF7EA
5F154D3F
656AA294
6BBFF7E9
72154D3E
786AA293
7EBFF7E8
85154D3D
8B6AA292
91BFF7E7
98154D3C
9E6AA291
A4BFF7E6
AB154D3B
B16AA290
B7BFF7E5
BE154D3A
C46AA28F
CABFF7E4
D1154D39
D76AA28E
DDBFF7E3
E4154D38
EA6AA28D
F0BFF7E2
F7154D37
FD6AA28C
03BFF7E1
0A154D36
106AA28B
16BFF7E0
1D154D35
236AA28A
29BFF7DF
30154D34
366AA289
3CBFF7DE
43154D33
496AA288
4FBFF7DD
56154D32
5C6AA287
62BFF7DC
69154D31
6F6AA286
75BFF7DB
7C154D30
826AA285
88BFF7DA
8F154D2F
956AA284
9BBFF7D9
A2154D2E
A86AA283
AEBFF7D8
B5154D2D
BB6AA282
C1BFF7D7
C8154D2C
CE6AA281
D4BFF7D6
DB154D2B
E16AA280
E7BFF7D5
EE154D2A
F46AA27F
FABFF7D4
01154D29
076AA27E
0DBFF7D3
14154D28
1A6AA27D
20BFF7D2
27154D27
2D6AA27C
33BFF7D1
3A154D26
406AA27B
46BFF7D0
4D154D25
536AA27A
59BFF7CF
60154D24
666AA279
6CBFF7CE
73154D23
796AA278
7FBFF7CD
86154D22
8C6AA277
92BFF7CC
99154D21
9F6AA276
A5BFF7CB
AC154D20
B26AA275
B8BFF7CA
BF154D1F
C56AA274
CBBFF7C9
D2154D1E
D86AA273
DEBFF7C8
E5154D1D
EB6AA272
F1BFF7C7
F8154D1C
FE6AA271
04BFF7C6
0B154D1B
116AA270
17BFF7C5
1E154D1A
246AA26F
2ABFF7C4
31154D19
376AA26E
3DBFF7C3
44154D18
4A6AA26D
50BFF7C2
57154D17
5D6AA26C
63BFF7C1
6A154D16
706AA26B
76BFF7C0
7D154D15
836AA26A
89BFF7BF
90154D14
966AA269
9CBFF7BE
A3154D13
A96AA268
AFBFF7BD
B6154D12
BC6AA267
C2BFF7BC
C9154D11
CF6AA266
D5BFF7BB
DC154D10
E26AA265
E8BFF7BA
EF154D0F
F56AA264
FBBFF7B9
02154D0E
086AA263
0EBFF7B8
15154D0D
1B6AA262
21BFF7B7
28154D0C
2E6AA261
34BFF7B6
3B154D0B
416AA260
47BFF7B5
4E154D0A
546AA25F
5ABFF7B4
61154D09
676AA25E
6DBFF7B3
74154D08
7A6AA25D
80BFF7B2
87154D07
8D6AA25C
93BFF7B1
9A154D06
A06AA25B
A6BFF7B0
AD154D05
B36AA25A
B9BFF7AF
C0154D04
C66AA259
CCBFF7AE
D3154D03
D96AA258
DFBFF7AD
E6154D02
EC6AA257
F2BFF7AC
F9154D01
FF6AA256
05BFF7AB
0C154D00
126AA255
18BFF7AA
1F154CFF
256AA254
2BBFF7A9
32154CFE
386AA253
3EBFF7A8
45154CFD
4B6AA252
51BFF7A7
58154CFC
5E6AA251
64BFF7A6
6B154CFB
716AA250
77BFF7A5
7E154CFA
846AA24F
8ABFF7A4
91154CF9
976AA24E
9DBFF7A3
A4154CF8
AA6AA24D
B0BFF7A2
B7154CF7
BD6AA24C
C3BFF7A1
CA154CF6
D06AA24B
D6BFF7A0
DD154CF5
E36AA24A
E9BFF79F
F0154CF4
F66AA249
FCBFF79E
03154CF3
096AA248
0FBFF79D
16154CF2
1C6AA247
22BFF79C
29154CF1
2F6AA246
35BFF79B
3C154CF0
426AA245
48BFF79A
4F154CEF
556AA244
5BBFF799
62154CEE
686AA243
6EBFF798
75154CED
7B6AA242
81BFF797
88154CEC
8E6AA241
94BFF796
9B154CEB
A16AA240
A7BFF795
AE154CEA
B46AA23F
BABFF794
C1154CE9
C76AA23E
CDBFF793
D4154CE8
DA6AA23D
E0BFF792
E7154CE7
ED6AA23C
F3BFF791
FA154CE6
006AA23B
06BFF790
0D154CE5
136AA23A
19BFF78F
20154CE4
266AA239
2CBFF78E
33154CE3
396AA238
3FBFF78D
46154CE2
4C6AA237
52BFF78C
59154CE1
5F6AA236
65BFF78B
6C154CE0
726AA235
78BFF78A
7F154CDF
856AA234
8BBFF789
92154CDE
986AA233
9EBFF788
A5154CDD
AB6AA232
B1BFF787
B8154CDC
BE6AA231
C4BFF786
CB154CDB
D16AA230
D7BFF785
DE154CDA
E46AA22F
EABFF784
F1154CD9
F76AA22E
FDBFF783
04154CD8
0A6AA22D
10BFF782
17154CD7
1D6AA22C
23BFF781
2A154CD6
306AA22B
36BFF780
3D154CD5
436AA22A
49BFF77F
50154CD4
566AA229
5CBFF77E
63154CD3
696AA228
6FBFF77D
76154CD2
7C6AA227
82BFF77C
89154CD1
8F6AA226
95BFF77B
9C154CD0
A26AA225
A8BFF77A
AF154CCF
B56AA224
BBBFF779
C2154CCE
C86AA223
CEBFF778
D5154CCD
DB6AA222
E1BFF777
E8154CCC
EE6AA221
F4BFF776
FB154CCB
016AA220
07BFF775
0E154CCA
146AA21F
1ABFF774
21154CC9
276AA21E
2DBFF773
34154CC8
3A6AA21D
40BFF772
47154CC7
4D6AA21C
53BFF771
5A154CC6
606AA21B
66BFF770
6D154CC5
736AA21A
79BFF76F
80154CC4
866AA219
8CBFF76E
93154CC3
996AA218
9FBFF76D
A6154CC2
AC6AA217
B2BFF76C
B9154CC1
BF6AA216
C5BFF76B
CC154CC0
D26AA215
D8BFF76A
DF154CBF
E56AA214
EBBFF769
F2154CBE
F86AA213
FEBFF768
05154CBD
0B6AA212
11BFF767
18154CBC
1E6AA211
24BFF766
2B154CBB
316AA210
37BFF765
3E154CBA
446AA20F
4ABFF764
51154CB9
576AA20E
5DBFF763
64154CB8
6A6AA20D
70BFF762
77154CB7
7D6AA20C
83BFF761
8A154CB6
906AA20B
96BFF760
9D154CB5
A36AA20A
A9BFF75F
B0154CB4
B66AA209
BCBFF75E
C3154CB3
C96AA208
CFBFF75D
D6154CB2
DC6AA207
E2BFF75C
E9154CB1
EF6AA206
F5BFF75B
FC154CB0
026AA205
08BFF75A
0F154CAF
156AA204
1BBFF759
22154CAE
286AA203
2EBFF758
35154CAD
3B6AA202
41BFF757
48154CAC
4E6AA201
54BFF756
5B154CAB
616AA200
67BFF755
6E154CAA
746AA1FF
7ABFF754
81154CA9
876AA1FE
8DBFF753
94154CA8
9A6AA1FD
A0BFF752
A7154CA7
AD6AA1FC
B3BFF751
BA154CA6
C06AA1FB
C6BFF750
CD154CA5
D36AA1FA
D9BFF74F
E0154CA4
E66AA1F9
ECBFF74E
F3154CA3
F96AA1F8
FFBFF74D
06154CA2
0C6AA1F7
12BFF74C
19154CA1
1F6AA1F6
25BFF74B
2C154CA0
326AA1F5
38BFF74A
3F154C9F
456AA1F4
4BBFF749
52154C9E
586AA1F3
5EBFF748
65154C9D
6B6AA1F2
71BFF747
78154C9C
7E6AA1F1
84BFF746
8B154C9B
916AA1F0
97BFF745
9E154C9A
A46AA1EF
AABFF744
B1154C99
B76AA1EE
BDBFF743
C4154C98
CA6AA1ED
D0BFF742
D7154C97
DD6AA1EC
E3BFF741
EA154C96
F06AA1EB
F6BFF740
FD154C95
036AA1EA
09BFF73F
10154C94
166AA1E9
1CBFF73E
23154C93
296AA1E8
2FBFF73D
36154C92
3C6AA1E7
42BFF73C
49154C91
4F6AA1E6
55BFF73B
5C154C90
626AA1E5
68BFF73A
6F154C8F
756AA1E4
7BBFF739
82154C8E
886AA1E3
8EBFF738
95154C8D
9B6AA1E2
A1BFF737
A8154C8C
AE6AA1E1
B4BFF736
BB154C8B
C16AA1E0
C7BFF735
CE154C8A
D46AA1DF
DABFF734
E1154C89
E76AA1DE
EDBFF733
F4154C88
FA6AA1DD
00BFF732
07154C87
0D6AA1DC
13BFF731
1A154C86
206AA1DB
26BFF730
2D154C85
336AA1DA
39BFF72F
40154C84
466AA1D9
4CBFF72E
53154C83
596AA1D8
5FBFF72D
66154C82
6C6AA1D7
72BFF72C
79154C81
7F6AA1D6
85BFF72B
8C154C80
926AA1D5
98BFF72A
9F154C7F
A56AA1D4
ABBFF729
B2154C7E
B86AA1D3
BEBFF728
C5154C7D
CB6AA1D2
D1BFF727
D8154C7C
DE6AA1D1
E4BFF726
EB154C7B
F16AA1D0
F7BFF725
FE154C7A
046AA1CF
0ABFF724
11154C79
176AA1CE
1DBFF723
24154C78
2A6AA1CD
30BFF722
37154C77
3D6AA1CC
43BFF721
4A154C76
506AA1CB
56BFF720
5D154C75
636AA1CA
69BFF71F
70154C74
766AA1C9
7CBFF71E
83154C73
896AA1C8
8FBFF71D
96154C72
9C6AA1C7
A2BFF71C
A9154C71
AF6AA1C6
B5BFF71B
BC154C70
C26AA1C5
C8BFF71A
CF154C6F
D56AA1C4
DBBFF719
E2154C6E
E86AA1C3
EEBFF718
F5154C6D
FB6AA1C2
01BFF717
08154C6C
0E6AA1C1
14BFF716
1B154C6B
216AA1C0
27BFF715
2E154C6A
346AA1BF
3ABFF714
41154C69
476AA1BE
4DBFF713
54154C68
5A6AA1BD
60BFF712
67154C67
6D6AA1BC
73BFF711
7A154C66
806AA1BB
86BFF710
8D154C65
936AA1BA
99BFF70F
A0154C64
A66AA1B9
ACBFF70E
B3154C63
B96AA1B8
BFBFF70D
C6154C62
CC6AA1B7
D2BFF70C
D9154C61
DF6AA1B6
E5BFF70B
EC154C60
F26AA1B5
F8BFF70A
FF154C5F
056AA1B4
0BBFF709
12154C5E
186AA1B3
1EBFF708
25154C5D
2B6AA1B2
31BFF707
38154C5C
3E6AA1B1
44BFF706
4B154C5B
516AA1B0
57BFF705
5E154C5A
646AA1AF
6ABFF704
71154C59
776AA1AE
7DBFF703
84154C58
8A6AA1AD
90BFF702
97154C57
9D6AA1AC
A3BFF701
AA154C56
B06AA1AB
B6BFF700
BD154C55
C36AA1AA
C9BFF6FF
D0154C54
D66AA1A9
DCBFF6FE
E3154C53
E96AA1A8
EFBFF6FD
F6154C52
FC6AA1A7
02BFF6FC
09154C51
0F6AA1A6
15BFF6FB
1C154C50
226AA1A5
28BFF6FA
2F154C4F
356AA1A4
3BBFF6F9
42154C4E
486AA1A3
4EBFF6F8
55154C4D
5B6AA1A2
61BFF6F7
68154C4C
6E6AA1A1
74BFF6F6
7B154C4B
816AA1A0
87BFF6F5
8E154C4A
946AA19F
9ABFF6F4
A1154C49
A76AA19E
ADBFF6F3
B4154C48
BA6AA19D
C0BFF6F2
C7154C47
CD6AA19C
D3BFF6F1
DA154C46
E06AA19B
E6BFF6F0
ED154C45
F36AA19A
F9BFF6EF
00154C44
066AA199
0CBFF6EE
13154C43
196AA198
1FBFF6ED
26154C42
2C6AA197
32BFF6EC
39154C41
3F6AA196
45BFF6EB
4C154C40
526AA195
58BFF6EA
5F154C3F
656AA194
6BBFF6E9
72154C3E
786AA193
7EBFF6E8
85154C3D
8B6AA192
91BFF6E7
98154C3C
9E6AA191
A4BFF6E6
AB154C3B
B16AA190
B7BFF6E5
BE154C3A
C46AA18F
CABFF6E4
D1154C39
D76AA18E
DDBFF6E3
E4154C38
EA6AA18D
F0BFF6E2
F7154C37
FD6AA18C
03BFF6E1
0A154C36
106AA18B
16BFF6E0
1D154C35
236AA18A
29BFF6DF
30154C34
366AA189
3CBFF6DE
43154C33
496AA188
4FBFF6DD
56154C32
5C6AA187
62BFF6DC
69154C31
6F6AA186
75BFF6DB
7C154C30
826AA185
88BFF6DA
8F154C2F
956AA184
9BBFF6D9
A2154C2E
A86AA183
AEBFF6D8
B5154C2D
BB6AA182
C1BFF6D7
C8154C2C
CE6AA181
D4BFF6D6
DB154C2B
E16AA180
E7BFF6D5
EE154C2A
F46AA17F
FABFF6D4
01154C29
076AA17E
0DBFF6D3
14154C28
1A6AA17D
20BFF6D2
27154C27
2D6AA17C
33BFF6D1
3A154C26
406AA17B
46BFF6D0
4D154C25
536AA17A
59BFF6CF
60154C24
666AA179
6CBFF6CE
73154C23
796AA178
7FBFF6CD
86154C22
8C6AA177
92BFF6CC
99154C21
9F6AA176
A5BFF6CB
AC154C20
B26AA175
B8BFF6CA
BF154C1F
C56AA174
CBBFF6C9
D2154C1E
D86AA173
DEBFF6C8
E5154C1D
EB6AA172
F1BFF6C7
F8154C1C
FE6AA171
04BFF6C6
0B154C1B
116AA170
17BFF6C5
1E154C1A
246AA16F
2ABFF6C4
31154C19
376AA16E
3DBFF6C3
44154C18
4A6AA16D
50BFF6C2
57154C17
5D6AA16C
63BFF6C1
6A154C16
706AA16B
76BFF6C0
7D154C15
836AA16A
89BFF6BF
90154C14
966AA169
9CBFF6BE
A3154C13
A96AA168
AFBFF6BD
B6154C12
BC6AA167
C2BFF6BC
C9154C11
CF6AA166
D5BFF6BB
DC154C10
E26AA165
E8BFF6BA
EF154C0F
F56AA164
FBBFF6B9
02154C0E
086AA163
0EBFF6B8
15154C0D
1B6AA162
21BFF6B7
28154C0C
2E6AA161
34BFF6B6
3B154C0B
416AA160
47BFF6B5
4E154C0A
546AA15F
5ABFF6B4
61154C09
676AA15E
6DBFF6B3
74154C08
7A6AA15D
80BFF6B2
87154C07
8D6AA15C
93BFF6B1
9A154C06
A06AA15B
A6BFF6B0
AD154C05
B36AA15A
B9BFF6AF
C0154C04
C66AA159
CCBFF6AE
D3154C03
D96AA158
DFBFF6AD
E6154C02
EC6AA157
F2BFF6AC
F9154C01
FF6AA156
05BFF6AB
0C154C00
126AA155
18BFF6AA
1F154BFF
256AA154
2BBFF6A9
32154BFE
386AA153
3EBFF6A8
45154BFD
4B6AA152
51BFF6A7
58154BFC
5E6AA151
64BFF6A6
6B154BFB
716AA150
77BFF6A5
7E154BFA
846AA14F
8ABFF6A4
91154BF9
976AA14E
9DBFF6A3
A4154BF8
AA6AA14D
B0BFF6A2
B7154BF7
BD6AA14C
C3BFF6A1
CA154BF6
D06AA14B
D6BFF6A0
DD154BF5
E36AA14A
E9BFF69F
F0154BF4
F66AA149
FCBFF69E
03154BF3
096AA148
0FBFF69D
16154BF2
1C6AA147
22BFF69C
29154BF1
2F6AA146
35BFF69B
3C154BF0
426AA145
48BFF69A
4F154BEF
556AA144
5BBFF699
62154BEE
686AA143
6EBFF698
75154BED
7B6AA142
81BFF697
88154BEC
8E6AA141
94BFF696
9B154BEB
A16AA140
A7BFF695
AE154BEA
B46AA13F
BABFF694
C1154BE9
C76AA13E
CDBFF693
D4154BE8
DA6AA13D
E0BFF692
E7154BE7
ED6AA13C
F3BFF691
FA154BE6
006AA13B
06BFF690
0D154BE5
136AA13A
19BFF68F
20154BE4
266AA139
2CBFF68E
33154BE3
396AA138
3FBFF68D
46154BE2
4C6AA137
52BFF68C
59154BE1
5F6AA136
65BFF68B
6C154BE0
726AA135
78BFF68A
7F154BDF
856AA134
8BBFF689
92154BDE
986AA133
9EBFF688
A5154BDD
AB6AA132
B1BFF687
B8154BDC
BE6AA131
C4BFF686
CB154BDB
D16AA130
D7BFF685
DE154BDA
E46AA12F
EABFF684
F1154BD9
F76AA12E
FDBFF683
04154BD8
0A6AA12D
10BFF682
17154BD7
1D6AA12C
23BFF681
2A154BD6
306AA12B
36BFF680
3D154BD5
436AA12A
49BFF67F
50154BD4
566AA129
5CBFF67E
63154BD3
696AA128
6FBFF67D
76154BD2
7C6AA127
82BFF67C
89154BD1
8F6AA126
95BFF67B
9C154BD0
A26AA125
A8BFF67A
AF154BCF
B56AA124
BBBFF679
C2154BCE
C86AA123
CEBFF678
D5154BCD
DB6AA122
E1BFF677
E8154BCC
EE6AA121
F4BFF676
FB154BCB
016AA120
07BFF675
0E154BCA
146AA11F
1ABFF674
21154BC9
276AA11E
2DBFF673
34154BC8
3A6AA11D
40BFF672
47154BC7
4D6AA11C
53BFF671
5A154BC6
606AA11B
66BFF670
6D154BC5
736AA11A
79BFF66F
80154BC4
866AA119
8CBFF66E
93154BC3
996AA118
9FBFF66D
A6154BC2
AC6AA117
B2BFF66C
B9154BC1
BF6AA116
C5BFF66B
CC154BC0
D26AA115
D8BFF66A
DF154BBF
E56AA114
EBBFF669
F2154BBE
F86AA113
FEBFF668
05154BBD
0B6AA112
11BFF667
18154BBC
1E6AA111
24BFF666
2B154BBB
316AA110
37BFF665
3E154BBA
446AA10F
4ABFF664
51154BB9
576AA10E
5DBFF663
64154BB8
6A6AA10D
70BFF662
77154BB7
7D6AA10C
83BFF661
8A154BB6
906AA10B
96BFF660
9D154BB5
A36AA10A
A9BFF65F
B0154BB4
B66AA109
BCBFF65E
C3154BB3
C96AA108
CFBFF65D
D6154BB2
DC6AA107
E2BFF65C
E9154BB1
EF6AA106
F5BFF65B
FC154BB0
026AA105
08BFF65A
0F154BAF
156AA104
1BBFF659
22154BAE
286AA103
2EBFF658
35154BAD
3B6AA102
41BFF657
48154BAC
4E6AA101
54BFF656
5B154BAB
616AA100
67BFF655
6E154BAA
746AA0FF
7ABFF654
81154BA9
876AA0FE
8DBFF653
94154BA8
9A6AA0FD
A0BFF652
A7154BA7
AD6AA0FC
B3BFF651
BA154BA6
C06AA0FB
C6BFF650
CD154BA5
D36AA0FA
D9BFF64F
E0154BA4
E66AA0F9
ECBFF64E
F3154BA3
F96AA0F8
FFBFF64D
06154BA2
0C6AA0F7
12BFF64C
19154BA1
1F6AA0F6
25BFF64B
2C154BA0
326AA0F5
38BFF64A
3F154B9F
456AA0F4
4BBFF649
52154B9E
586AA0F3
5EBFF648
65154B9D
6B6AA0F2
71BFF647
78154B9C
7E6AA0F1
84BFF646
8B154B9B
916AA0F0
97BFF645
9E154B9A
A46AA0EF
AABFF644
B1154B99
B76AA0EE
BDBFF643
C4154B98
CA6AA0ED
D0BFF642
D7154B97
DD6AA0EC
E3BFF641
EA154B96
F06AA0EB
F6BFF640
FD154B95
036AA0EA
09BFF63F
10154B94
166AA0E9
1CBFF63E
23154B93
296AA0E8
2FBFF63D
36154B92
3C6AA0E7
42BFF63C
49154B91
4F6AA0E6
55BFF63B
5C154B90
626AA0E5
68BFF63A
6F154B8F
756AA0E4
7BBFF639
82154B8E
886AA0E3
8EBFF638
95154B8D
9B6AA0E2
A1BFF637
A8154B8C
AE6AA0E1
B4BFF636
BB154B8B
C16AA0E0
C7BFF635
CE154B8A
D46AA0DF
DABFF634
E1154B89
E76AA0DE
EDBFF633
F4154B88
FA6AA0DD
00BFF632
07154B87
0D6AA0DC
13BFF631
1A154B86
206AA0DB
26BFF630
2D154B85
336AA0DA
39BFF62F
40154B84
466AA0D9
4CBFF62E
53154B83
596AA0D8
5FBFF62D
66154B82
6C6AA0D7
72BFF62C
79154B81
7F6AA0D6
85BFF62B
8C154B80
926AA0D5
98BFF62A
9F154B7F
A56AA0D4
ABBFF629
B2154B7E
B86AA0D3
BEBFF628
C5154B7D
CB6AA0D2
D1BFF627
D8154B7C
DE6AA0D1
E4BFF626
EB154B7B
F16AA0D0
F7BFF625
FE154B7A
046AA0CF
0ABFF624
11154B79
176AA0CE
1DBFF623
24154B78
2A6AA0CD
30BFF622
37154B77
3D6AA0CC
43BFF621
4A154B76
506AA0CB
56BFF620
5D154B75
636AA0CA
69BFF61F
70154B74
766AA0C9
7CBFF61E
83154B73
896AA0C8
8FBFF61D
96154B72
9C6AA0C7
A2BFF61C
A9154B71
AF6AA0C6
B5BFF61B
BC154B70
C26AA0C5
C8BFF61A
CF154B6F
D56AA0C4
DBBFF619
E2154B6E
E86AA0C3
EEBFF618
F5154B6D
FB6AA0C2
01BFF617
08154B6C
0E6AA0C1
14BFF616
1B154B6B
216AA0C0
27BFF615
2E154B6A
346AA0BF
3ABFF614
41154B69
476AA0BE
4DBFF613
54154B68
5A6AA0BD
60BFF612
67154B67
6D6AA0BC
73BFF611
7A154B66
806AA0BB
86BFF610
8D154B65
936AA0BA
99BFF60F
A0154B64
A66AA0B9
ACBFF60E
B3154B63
B96AA0B8
BFBFF60D
C6154B62
CC6AA0B7
D2BFF60C
D9154B61
DF6AA0B6
E5BFF60B
EC154B60
F26AA0B5
F8BFF60A
FF154B5F
056AA0B4
0BBFF609
12154B5E
186AA0B3
1EBFF608
25154B5D
2B6AA0B2
31BFF607
38154B5C
3E6AA0B1
44BFF606
4B154B5B
516AA0B0
57BFF605
5E154B5A
646AA0AF
6ABFF604
71154B59
776AA0AE
7DBFF603
84154B58
8A6AA0AD
90BFF602
97154B57
9D6AA0AC
A3BFF601
AA154B56
B06AA0AB
B6BFF600
BD154B55
C36AA0AA
C9BFF5FF
D0154B54
D66AA0A9
DCBFF5FE
E3154B53
E96AA0A8
EFBFF5FD
F6154B52
FC6AA0A7
02BFF5FC
09154B51
0F6AA0A6
15BFF5FB
1C154B50
226AA0A5
28BFF5FA
2F154B4F
356AA0A4
3BBFF5F9
42154B4E
486AA0A3
4EBFF5F8
55154B4D
5B6AA0A2
61BFF5F7
68154B4C
6E6AA0A1
74BFF5F6
7B154B4B
816AA0A0
87BFF5F5
8E154B4A
946AA09F
9ABFF5F4
A1154B49
A76AA09E
ADBFF5F3
B4154B48
BA6AA09D
C0BFF5F2
C7154B47
CD6AA09C
D3BFF5F1
DA154B46
E06AA09B
E6BFF5F0
ED154B45
F36AA09A
F9BFF5EF
00154B44
066AA099
0CBFF5EE
13154B43
196AA098
1FBFF5ED
26154B42
2C6AA097
32BFF5EC
39154B41
3F6AA096
45BFF5EB
4C154B40
526AA095
58BFF5EA
5F154B3F
656AA094
6BBFF5E9
72154B3E
786AA093
7EBFF5E8
85154B3D
8B6AA092
91BFF5E7
98154B3C
9E6AA091
A4BFF5E6
AB154B3B
B16AA090
B7BFF5E5
BE154B3A
C46AA08F
CABFF5E4
D1154B39
D76AA08E
DDBFF5E3
E4154B38
EA6AA08D
F0BFF5E2
F7154B37
FD6AA08C
03BFF5E1
0A154B36
106AA08B
16BFF5E0
1D154B35
236AA08A
29BFF5DF
30154B34
366AA089
3CBFF5DE
43154B33
496AA088
4FBFF5DD
56154B32
5C6AA087
62BFF5DC
69154B31
6F6AA086
75BFF5DB
7C154B30
826AA085
88BFF5DA
8F154B2F
956AA084
9BBFF5D9
A2154B2E
A86AA083
AEBFF5D8
B5154B2D
BB6AA082
C1BFF5D7
C8154B2C
CE6AA081
D4BFF5D6
DB154B2B
E16AA080
E7BFF5D5
EE154B2A
F46AA07F
FABFF5D4
01154B29
076AA07E
0DBFF5D3
14154B28
1A6AA07D
20BFF5D2
27154B27
2D6AA07C
33BFF5D1
3A154B26
406AA07B
46BFF5D0
4D154B25
536AA07A
59BFF5CF
60154B24
666AA079
6CBFF5CE
73154B23
796AA078
7FBFF5CD
86154B22
8C6AA077
92BFF5CC
99154B21
9F6AA076
A5BFF5CB
AC154B20
B26AA075
B8BFF5CA
BF154B1F
C56AA074
CBBFF5C9
D2154B1E
D86AA073
DEBFF5C8
E5154B1D
EB6AA072
F1BFF5C7
F8154B1C
FE6AA071
04BFF5C6
0B154B1B
116AA070
17BFF5C5
1E154B1A
246AA06F
2ABFF5C4
31154B19
376AA06E
3DBFF5C3
44154B18
4A6AA06D
50BFF5C2
57154B17
5D6AA06C
63BFF5C1
6A154B16
706AA06B
76BFF5C0
7D154B15
836AA06A
89BFF5BF
90154B14
966AA069
9CBFF5BE
A3154B13
A96AA068
AFBFF5BD
B6154B12
BC6AA067
C2BFF5BC
C9154B11
CF6AA066
D5BFF5BB
DC154B10
E26AA065
E8BFF5BA
EF154B0F
F56AA064
FBBFF5B9
02154B0E
086AA063
0EBFF5B8
15154B0D
1B6AA062
21BFF5B7
28154B0C
2E6AA061
34BFF5B6
3B154B0B
416AA060
47BFF5B5
4E154B0A
546AA05F
5ABFF5B4
61154B09
676AA05E
6DBFF5B3
74154B08
7A6AA05D
80BFF5B2
87154B07
8D6AA05C
93BFF5B1
9A154B06
A06AA05B
A6BFF5B0
AD154B05
B36AA05A
B9BFF5AF
C0154B04
C66AA059
CCBFF5AE
D3154B03
D96AA058
DFBFF5AD
E6154B02
EC6AA057
F2BFF5AC
F9154B01
FF6AA056
05BFF5AB
0C154B00
126AA055
18BFF5AA
1F154AFF
256AA054
2BBFF5A9
32154AFE
386AA053
3EBFF5A8
45154AFD
4B6AA052
51BFF5A7
58154AFC
5E6AA051
64BFF5A6
6B154AFB
716AA050
77BFF5A5
7E154AFA
846AA04F
8ABFF5A4
91154AF9
976AA04E
9DBFF5A3
A4154AF8
AA6AA04D
B0BFF5A2
B7154AF7
BD6AA04C
C3BFF5A1
CA154AF6
D06AA04B
D6BFF5A0
DD154AF5
E36AA04A
E9BFF59F
F0154AF4
F66AA049
FCBFF59E
03154AF3
096AA048
0FBFF59D
16154AF2
1C6AA047
22BFF59C
29154AF1
2F6AA046
35BFF59B
3C154AF0
426AA045
48BFF59A
4F154AEF
556AA044
5BBFF599
62154AEE
686AA043
6EBFF598
75154AED
7B6AA042
81BFF597
88154AEC
8E6AA041
94BFF596
9B154AEB
A16AA040
A7BFF595
AE154AEA
B46AA03F
BABFF594
C1154AE9
C76AA03E
CDBFF593
D4154AE8
DA6AA03D
E0BFF592
E7154AE7
ED6AA03C
F3BFF591
FA154AE6
006AA03B
06BFF590
0D154AE5
136AA03A
19BFF58F
20154AE4
266AA039
2CBFF58E
33154AE3
396AA038
3FBFF58D
46154AE2
4C6AA037
52BFF58C
59154AE1
5F6AA036
65BFF58B
6C154AE0
726AA035
78BFF58A
7F154ADF
856AA034
8BBFF589
92154ADE
986AA033
9EBFF588
A5154ADD
AB6AA032
B1BFF587
B8154ADC
BE6AA031
C4BFF586
CB154ADB
D16AA030
D7BFF585
DE154ADA
E46AA02F
EABFF584
F1154AD9
F76AA02E
FDBFF583
04154AD8
0A6AA02D
10BFF582
17154AD7
1D6AA02C
23BFF581
2A154AD6
306AA02B
36BFF580
3D154AD5
436AA02A
49BFF57F
50154AD4
566AA029
5CBFF57E
63154AD3
696AA028
6FBFF57D
76154AD2
7C6AA027
82BFF57C
89154AD1
8F6AA026
95BFF57B
9C154AD0
A26AA025
A8BFF57A
AF154ACF
B56AA024
BBBFF579
C2154ACE
C86AA023
CEBFF578
D5154ACD
DB6AA022
E1BFF577
E8154ACC
EE6AA021
F4BFF576
FB154ACB
016AA020
07BFF575
0E154ACA
146AA01F
1ABFF574
21154AC9
276AA01E
2DBFF573
34154AC8
3A6AA01D
40BFF572
47154AC7
4D6AA01C
53BFF571
5A154AC6
606AA01B
66BFF570
6D154AC5
736AA01A
79BFF56F
80154AC4
866AA019
8CBFF56E
93154AC3
996AA018
9FBFF56D
A6154AC2
AC6AA017
B2BFF56C
B9154AC1
BF6AA016
C5BFF56B
CC154AC0
D26AA015
D8BFF56A
DF154ABF
E56AA014
EBBFF569
F2154ABE
F86AA013
FEBFF568
05154ABD
0B6AA012
11BFF567
18154ABC
1E6AA011
24BFF566
2B154ABB
316AA010
37BFF565
3E154ABA
446AA00F
4ABFF564
51154AB9
576AA00E
5DBFF563
64154AB8
6A6AA00D
70BFF562
77154AB7
7D6AA00C
83BFF561
8A154AB6
906AA00B
96BFF560
9D154AB5
A36AA00A
A9BFF55F
B0154AB4
B66AA009
BCBFF55E
C3154AB3
C96AA008
CFBFF55D
D6154AB2
DC6AA007
E2BFF55C
E9154AB1
EF6AA006
F5BFF55B
FC154AB0
026AA005
08BFF55A
0F154AAF
156AA004
1BBFF559
22154AAE
286AA003
2EBFF558
35154AAD
3B6AA002
41BFF557
48154AAC
4E6AA001
54BFF556
5B154AAB
616AA000
67BFF555
6E154AAA
746A9FFF
7ABFF554
81154AA9
876A9FFE
8DBFF553
94154AA8
9A6A9FFD
A0BFF552
A7154AA7
AD6A9FFC
B3BFF551
BA154AA6
C06A9FFB
C6BFF550
CD154AA5
D36A9FFA
D9BFF54F
E0154AA4
E66A9FF9
ECBFF54E
F3154AA3
F96A9FF8
FFBFF54D
06154AA2
0C6A9FF7
12BFF54C
19154AA1
1F6A9FF6
25BFF54B
2C154AA0
326A9FF5
38BFF54A
3F154A9F
456A9FF4
4BBFF549
52154A9E
586A9FF3
5EBFF548
65154A9D
6B6A9FF2
71BFF547
78154A9C
7E6A9FF1
84BFF546
8B154A9B
916A9FF0
97BFF545
9E154A9A
A46A9FEF
AABFF544
B1154A99
B76A9FEE
BDBFF543
C4154A98
CA6A9FED
D0BFF542
D7154A97
DD6A9FEC
E3BFF541
EA154A96
F06A9FEB
F6BFF540
FD154A95
036A9FEA
09BFF53F
10154A94
166A9FE9
1CBFF53E
23154A93
296A9FE8
2FBFF53D
36154A92
3C6A9FE7
42BFF53C
49154A91
4F6A9FE6
55BFF53B
5C154A90
626A9FE5
68BFF53A
6F154A8F
756A9FE4
7BBFF539
82154A8E
886A9FE3
8EBFF538
95154A8D
9B6A9FE2
A1BFF537
A8154A8C
AE6A9FE1
B4BFF536
BB154A8B
C16A9FE0
C7BFF535
CE154A8A
D46A9FDF
DABFF534
E1154A89
E76A9FDE
EDBFF533
F4154A88
FA6A9FDD
00BFF532
07154A87
0D6A9FDC
13BFF531
1A154A86
206A9FDB
26BFF530
2D154A85
336A9FDA
39BFF52F
40154A84
466A9FD9
4CBFF52E
53154A83
596A9FD8
5FBFF52D
66154A82
6C6A9FD7
72BFF52C
79154A81
7F6A9FD6
85BFF52B
8C154A80
926A9FD5
98BFF52A
9F154A7F
A56A9FD4
ABBFF529
B2154A7E
B86A9FD3
BEBFF528
C5154A7D
CB6A9FD2
D1BFF527
D8154A7C
DE6A9FD1
E4BFF526
EB154A7B
F16A9FD0
F7BFF525
FE154A7A
046A9FCF
0ABFF524
11154A79
176A9FCE
1DBFF523
24154A78
2A6A9FCD
30BFF522
37154A77
3D6A9FCC
43BFF521
4A154A76
506A9FCB
56BFF520
5D154A75
636A9FCA
69BFF51F
70154A74
766A9FC9
7CBFF51E
83154A73
896A9FC8
8FBFF51D
96154A72
9C6A9FC7
A2BFF51C
A9154A71
AF6A9FC6
B5BFF51B
BC154A70
C26A9FC5
C8BFF51A
CF154A6F
D56A9FC4
DBBFF519
E2154A6E
E86A9FC3
EEBFF518
F5154A6D
FB6A9FC2
01BFF517
08154A6C
0E6A9FC1
14BFF516
1B154A6B
216A9FC0
27BFF515
2E154A6A
346A9FBF
3ABFF514
41154A69
476A9FBE
4DBFF513
54154A68
5A6A9FBD
60BFF512
67154A67
6D6A9FBC
73BFF511
7A154A66
806A9FBB
86BFF510
8D154A65
936A9FBA
99BFF50F
A0154A64
A66A9FB9
ACBFF50E
B3154A63
B96A9FB8
BFBFF50D
C6154A62
CC6A9FB7
D2BFF50C
D9154A61
DF6A9FB6
E5BFF50B
EC154A60
F26A9FB5
F8BFF50A
FF154A5F
056A9FB4
0BBFF509
12154A5E
186A9FB3
1EBFF508
25154A5D
2B6A9FB2
31BFF507
38154A5C
3E6A9FB1
44BFF506
4B154A5B
516A9FB0
57BFF505
5E154A5A
646A9FAF
6ABFF504
71154A59
776A9FAE
7DBFF503
84154A58
8A6A9FAD
90BFF502
97154A57
9D6A9FAC
A3BFF501
AA154A56
B06A9FAB
B6BFF500
BD154A55
C36A9FAA
C9BFF4FF
D0154A54
D66A9FA9
DCBFF4FE
E3154A53
E96A9FA8
EFBFF4FD
F6154A52
FC6A9FA7
02BFF4FC
09154A51
0F6A9FA6
15BFF4FB
1C154A50
226A9FA5
28BFF4FA
2F154A4F
356A9FA4
3BBFF4F9
42154A4E
486A9FA3
4EBFF4F8
55154A4D
5B6A9FA2
61BFF4F7
68154A4C
6E6A9FA1
74BFF4F6
7B154A4B
816A9FA0
87BFF4F5
8E154A4A
946A9F9F
9ABFF4F4
A1154A49
A76A9F9E
ADBFF4F3
B4154A48
BA6A9F9D
C0BFF4F2
C7154A47
CD6A9F9C
D3BFF4F1
DA154A46
E06A9F9B
E6BFF4F0
ED154A45
F36A9F9A
F9BFF4EF
00154A44
066A9F99
0CBFF4EE
13154A43
196A9F98
1FBFF4ED
26154A42
2C6A9F97
32BFF4EC
39154A41
3F6A9F96
45BFF4EB
4C154A40
526A9F95
58BFF4EA
5F154A3F
656A9F94
6BBFF4E9
72154A3E
786A9F93
7EBFF4E8
85154A3D
8B6A9F92
91BFF4E7
98154A3C
9E6A9F91
A4BFF4E6
AB154A3B
B16A9F90
B7BFF4E5
BE154A3A
C46A9F8F
CABFF4E4
D1154A39
D76A9F8E
DDBFF4E3
E4154A38
EA6A9F8D
F0BFF4E2
F7154A37
FD6A9F8C
03BFF4E1
0A154A36
106A9F8B
16BFF4E0
1D154A35
236A9F8A
29BFF4DF
30154A34
366A9F89
3CBFF4DE
43154A33
496A9F88
4FBFF4DD
56154A32
5C6A9F87
62BFF4DC
69154A31
6F6A9F86
75BFF4DB
7C154A30
826A9F85
88BFF4DA
8F154A2F
956A9F84
9BBFF4D9
A2154A2E
A86A9F83
AEBFF4D8
B5154A2D
BB6A9F82
C1BFF4D7
C8154A2C
CE6A9F81
D4BFF4D6
DB154A2B
E16A9F80
E7BFF4D5
EE154A2A
F46A9F7F
FABFF4D4
01154A29
076A9F7E
0DBFF4D3
14154A28
1A6A9F7D
20BFF4D2
27154A27
2D6A9F7C
33BFF4D1
3A154A26
406A9F7B
46BFF4D0
4D154A25
536A9F7A
59BFF4CF
60154A24
666A9F79
6CBFF4CE
73154A23
796A9F78
7FBFF4CD
86154A22
8C6A9F77
92BFF4CC
99154A21
9F6A9F76
A5BFF4CB
AC154A20
B26A9F75
B8BFF4CA
BF154A1F
C56A9F74
CBBFF4C9
D2154A1E
D86A9F73
DEBFF4C8
E5154A1D
EB6A9F72
F1BFF4C7
F8154A1C
FE6A9F71
04BFF4C6
0B154A1B
116A9F70
17BFF4C5
1E154A1A
246A9F6F
2ABFF4C4
31154A19
376A9F6E
3DBFF4C3
44154A18
4A6A9F6D
50BFF4C2
57154A17
5D6A9F6C
63BFF4C1
6A154A16
706A9F6B
76BFF4C0
7D154A15
836A9F6A
89BFF4BF
90154A14
966A9F69
9CBFF4BE
A3154A13
A96A9F68
AFBFF4BD
B6154A12
BC6A9F67
C2BFF4BC
C9154A11
CF6A9F66
D5BFF4BB
DC154A10
E26A9F65
E8BFF4BA
EF154A0F
F56A9F64
FBBFF4B9
02154A0E
086A9F63
0EBFF4B8
15154A0D
1B6A9F62
21BFF4B7
28154A0C
2E6A9F61
34BFF4B6
3B154A0B
416A9F60
47BFF4B5
4E154A0A
546A9F5F
5ABFF4B4
61154A09
676A9F5E
6DBFF4B3
74154A08
7A6A9F5D
80BFF4B2
87154A07
8D6A9F5C
93BFF4B1
9A154A06
A06A9F5B
A6BFF4B0
AD154A05
B36A9F5A
B9BFF4AF
C0154A04
C66A9F59
CCBFF4AE
D3154A03
D96A9F58
DFBFF4AD
E6154A02
EC6A9F57
F2BFF4AC
F9154A01
FF6A9F56
05BFF4AB
0C154A00
126A9F55
18BFF4AA
1F1549FF
256A9F54
2BBFF4A9
321549FE
386A9F53
3EBFF4A8
451549FD
4B6A9F52
51BFF4A7
581549FC
5E6A9F51
64BFF4A6
6B1549FB
716A9F50
77BFF4A5
7E1549FA
846A9F4F
8ABFF4A4
911549F9
976A9F4E
9DBFF4A3
A41549F8
AA6A9F4D
B0BFF4A2
B71549F7
BD6A9F4C
C3BFF4A1
CA1549F6
D06A9F4B
D6BFF4A0
DD1549F5
E36A9F4A
E9BFF49F
F01549F4
F66A9F49
FCBFF49E
031549F3
096A9F48
0FBFF49D
161549F2
1C6A9F47
22BFF49C
291549F1
2F6A9F46
35BFF49B
3C1549F0
426A9F45
48BFF49A
4F1549EF
556A9F44
5BBFF499
621549EE
686A9F43
6EBFF498
751549ED
7B6A9F42
81BFF497
881549EC
8E6A9F41
94BFF496
9B1549EB
A16A9F40
A7BFF495
AE1549EA
B46A9F3F
BABFF494
C11549E9
C76A9F3E
CDBFF493
D41549E8
DA6A9F3D
E0BFF492
E71549E7
ED6A9F3C
F3BFF491
FA1549E6
006A9F3B
06BFF490
0D1549E5
136A9F3A
19BFF48F
201549E4
266A9F39
2CBFF48E
331549E3
396A9F38
3FBFF48D
461549E2
4C6A9F37
52BFF48C
591549E1
5F6A9F36
65BFF48B
6C1549E0
726A9F35
78BFF48A
7F1549DF
856A9F34
8BBFF489
921549DE
986A9F33
9EBFF488
A51549DD
AB6A9F32
B1BFF487
B81549DC
BE6A9F31
C4BFF486
CB1549DB
D16A9F30
D7BFF485
DE1549DA
E46A9F2F
EABFF484
F11549D9
F76A9F2E
FDBFF483
041549D8
0A6A9F2D
10BFF482
171549D7
1D6A9F2C
23BFF481
2A1549D6
306A9F2B
36BFF480
3D1549D5
436A9F2A
49BFF47F
501549D4
566A9F29
5CBFF47E
631549D3
696A9F28
6FBFF47D
761549D2
7C6A9F27
82BFF47C
891549D1
8F6A9F26
95BFF47B
9C1549D0
A26A9F25
A8BFF47A
AF1549CF
B56A9F24
BBBFF479
C21549CE
C86A9F23
CEBFF478
D51549CD
DB6A9F22
E1BFF477
E81549CC
EE6A9F21
F4BFF476
FB1549CB
016A9F20
07BFF475
0E1549CA
146A9F1F
1ABFF474
211549C9
276A9F1E
2DBFF473
341549C8
3A6A9F1D
40BFF472
471549C7
4D6A9F1C
53BFF471
5A1549C6
606A9F1B
66BFF470
6D1549C5
736A9F1A
79BFF46F
801549C4
866A9F19
8CBFF46E
931549C3
996A9F18
9FBFF46D
A61549C2
AC6A9F17
B2BFF46C
B91549C1
BF6A9F16
C5BFF46B
CC1549C0
D26A9F15
D8BFF46A
DF1549BF
E56A9F14
EBBFF469
F21549BE
F86A9F13
FEBFF468
051549BD
0B6A9F12
11BFF467
181549BC
1E6A9F11
24BFF466
2B1549BB
316A9F10
37BFF465
3E1549BA
446A9F0F
4ABFF464
511549B9
576A9F0E
5DBFF463
641549B8
6A6A9F0D
70BFF462
771549B7
7D6A9F0C
83BFF461
8A1549B6
906A9F0B
96BFF460
9D1549B5
A36A9F0A
A9BFF45F
B01549B4
B66A9F09
BCBFF45E
C31549B3
C96A9F08
CFBFF45D
D61549B2
DC6A9F07
E2BFF45C
E91549B1
EF6A9F06
F5BFF45B
FC1549B0
026A9F05
08BFF45A
0F1549AF
156A9F04
1BBFF459
221549AE
286A9F03
2EBFF458
351549AD
3B6A9F02
41BFF457
481549AC
4E6A9F01
54BFF456
5B1549AB
616A9F00
67BFF455
6E1549AA
746A9EFF
7ABFF454
811549A9
876A9EFE
8DBFF453
941549A8
9A6A9EFD
A0BFF452
A71549A7
AD6A9EFC
B3BFF451
BA1549A6
C06A9EFB
C6BFF450
CD1549A5
D36A9EFA
D9BFF44F
E01549A4
E66A9EF9
ECBFF44E
F31549A3
F96A9EF8
FFBFF44D
061549A2
0C6A9EF7
12BFF44C
191549A1
1F6A9EF6
25BFF44B
2C1549A0
326A9EF5
38BFF44A
3F15499F
456A9EF4
4BBFF449
5215499E
586A9EF3
5EBFF448
6515499D
6B6A9EF2
71BFF447
7815499C
7E6A9EF1
84BFF446
8B15499B
916A9EF0
97BFF445
9E15499A
A46A9EEF
AABFF444
B1154999
B76A9EEE
BDBFF443
C4154998
CA6A9EED
D0BFF442
D7154997
DD6A9EEC
E3BFF441
EA154996
F06A9EEB
F6BFF440
FD154995
036A9EEA
09BFF43F
10154994
166A9EE9
1CBFF43E
23154993
296A9EE8
2FBFF43D
36154992
3C6A9EE7
42BFF43C
49154991
4F6A9EE6
55BFF43B
5C154990
626A9EE5
68BFF43A
6F15498F
756A9EE4
7BBFF439
8215498E
886A9EE3
8EBFF438
9515498D
9B6A9EE2
A1BFF437
A815498C
AE6A9EE1
B4BFF436
BB15498B
C16A9EE0
C7BFF435
CE15498A
D46A9EDF
DABFF434
E1154989
E76A9EDE
EDBFF433
F4154988
FA6A9EDD
00BFF432
07154987
0D6A9EDC
13BFF431
1A154986
206A9EDB
26BFF430
2D154985
336A9EDA
39BFF42F
40154984
466A9ED9
4CBFF42E
53154983
596A9ED8
5FBFF42D
66154982
6C6A9ED7
72BFF42C
79154981
7F6A9ED6
85BFF42B
8C154980
926A9ED5
98BFF42A
9F15497F
A56A9ED4
ABBFF429
B215497E
B86A9ED3
BEBFF428
C515497D
CB6A9ED2
D1BFF427
D815497C
DE6A9ED1
E4BFF426
EB15497B
F16A9ED0
F7BFF425
FE15497A
046A9ECF
0ABFF424
11154979
176A9ECE
1DBFF423
24154978
2A6A9ECD
30BFF422
37154977
3D6A9ECC
43BFF421
4A154976
506A9ECB
56BFF420
5D154975
636A9ECA
69BFF41F
70154974
766A9EC9
7CBFF41E
83154973
896A9EC8
8FBFF41D
96154972
9C6A9EC7
A2BFF41C
A9154971
AF6A9EC6
B5BFF41B
BC154970
C26A9EC5
C8BFF41A
CF15496F
D56A9EC4
DBBFF419
E215496E
E86A9EC3
EEBFF418
F515496D
FB6A9EC2
01BFF417
0815496C
0E6A9EC1
14BFF416
1B15496B
216A9EC0
27BFF415
2E15496A
346A9EBF
3ABFF414
41154969
476A9EBE
4DBFF413
54154968
5A6A9EBD
60BFF412
67154967
6D6A9EBC
73BFF411
7A154966
806A9EBB
86BFF410
8D154965
936A9EBA
99BFF40F
A0154964
A66A9EB9
ACBFF40E
B3154963
B96A9EB8
BFBFF40D
C6154962
CC6A9EB7
D2BFF40C
D9154961
DF6A9EB6
E5BFF40B
EC154960
F26A9EB5
F8BFF40A
FF15495F
056A9EB4
0BBFF409
1215495E
186A9EB3
1EBFF408
2515495D
2B6A9EB2
31BFF407
3815495C
3E6A9EB1
44BFF406
4B15495B
516A9EB0
57BFF405
5E15495A
646A9EAF
6ABFF404
71154959
776A9EAE
7DBFF403
84154958
8A6A9EAD
90BFF402
97154957
9D6A9EAC
A3BFF401
AA154956
B06A9EAB
B6BFF400
BD154955
C36A9EAA
C9BFF3FF
D0154954
D66A9EA9
DCBFF3FE
E3154953
E96A9EA8
EFBFF3FD
F6154952
FC6A9EA7
02BFF3FC
09154951
0F6A9EA6
15BFF3FB
1C154950
226A9EA5
28BFF3FA
2F15494F
356A9EA4
3BBFF3F9
4215494E
486A9EA3
4EBFF3F8
5515494D
5B6A9EA2
61BFF3F7
6815494C
6E6A9EA1
74BFF3F6
7B15494B
816A9EA0
87BFF3F5
8E15494A
946A9E9F
9ABFF3F4
A1154949
A76A9E9E
ADBFF3F3
B4154948
BA6A9E9D
C0BFF3F2
C7154947
CD6A9E9C
D3BFF3F1
DA154946
E06A9E9B
E6BFF3F0
ED154945
F36A9E9A
F9BFF3EF
00154944
066A9E99
0CBFF3EE
13154943
196A9E98
1FBFF3ED
26154942
2C6A9E97
32BFF3EC
39154941
3F6A9E96
45BFF3EB
4C154940
526A9E95
58BFF3EA
5F15493F
656A9E94
6BBFF3E9
7215493E
786A9E93
7EBFF3E8
8515493D
8B6A9E92
91BFF3E7
9815493C
9E6A9E91
A4BFF3E6
AB15493B
B16A9E90
B7BFF3E5
BE15493A
C46A9E8F
CABFF3E4
D1154939
D76A9E8E
DDBFF3E3
E4154938
EA6A9E8D
F0BFF3E2
F7154937
FD6A9E8C
03BFF3E1
0A154936
106A9E8B
16BFF3E0
1D154935
236A9E8A
29BFF3DF
30154934
366A9E89
3CBFF3DE
43154933
496A9E88
4FBFF3DD
56154932
5C6A9E87
62BFF3DC
69154931
6F6A9E86
75BFF3DB
7C154930
826A9E85
88BFF3DA
8F15492F
956A9E84
9BBFF3D9
A215492E
A86A9E83
AEBFF3D8
B515492D
BB6A9E82
C1BFF3D7
C815492C
CE6A9E81
D4BFF3D6
DB15492B
E16A9E80
E7BFF3D5
EE15492A
F46A9E7F
FABFF3D4
01154929
076A9E7E
0DBFF3D3
14154928
1A6A9E7D
20BFF3D2
27154927
2D6A9E7C
33BFF3D1
3A154926
406A9E7B
46BFF3D0
4D154925
536A9E7A
59BFF3CF
60154924
666A9E79
6CBFF3CE
73154923
796A9E78
7FBFF3CD
86154922
8C6A9E77
92BFF3CC
99154921
9F6A9E76
A5BFF3CB
AC154920
B26A9E75
B8BFF3CA
BF15491F
C56A9E74
CBBFF3C9
D215491E
D86A9E73
DEBFF3C8
E515491D
EB6A9E72
F1BFF3C7
F815491C
FE6A9E71
04BFF3C6
0B15491B
116A9E70
17BFF3C5
1E15491A
246A9E6F
2ABFF3C4
31154919
376A9E6E
3DBFF3C3
44154918
4A6A9E6D
50BFF3C2
57154917
5D6A9E6C
63BFF3C1
6A154916
706A9E6B
76BFF3C0
7D154915
836A9E6A
89BFF3BF
90154914
966A9E69
9CBFF3BE
A3154913
A96A9E68
AFBFF3BD
B6154912
BC6A9E67
C2BFF3BC
C9154911
CF6A9E66
D5BFF3BB
DC154910
E26A9E65
E8BFF3BA
EF15490F
F56A9E64
FBBFF3B9
0215490E
086A9E63
0EBFF3B8
1515490D
1B6A9E62
21BFF3B7
2815490C
2E6A9E61
34BFF3B6
3B15490B
416A9E60
47BFF3B5
4E15490A
546A9E5F
5ABFF3B4
61154909
676A9E5E
6DBFF3B3
74154908
7A6A9E5D
80BFF3B2
87154907
8D6A9E5C
93BFF3B1
9A154906
A06A9E5B
A6BFF3B0
AD154905
B36A9E5A
B9BFF3AF
C0154904
C66A9E59
CCBFF3AE
D3154903
D96A9E58
DFBFF3AD
E6154902
EC6A9E57
F2BFF3AC
F9154901
FF6A9E56
05BFF3AB
0C154900
126A9E55
18BFF3AA
1F1548FF
256A9E54
2BBFF3A9
321548FE
386A9E53
3EBFF3A8
451548FD
4B6A9E52
51BFF3A7
581548FC
5E6A9E51
64BFF3A6
6B1548FB
716A9E50
77BFF3A5
7E1548FA
846A9E4F
8ABFF3A4
911548F9
976A9E4E
9DBFF3A3
A41548F8
AA6A9E4D
B0BFF3A2
B71548F7
BD6A9E4C
C3BFF3A1
CA1548F6
D06A9E4B
D6BFF3A0
DD1548F5
E36A9E4A
E9BFF39F
F01548F4
F66A9E49
FCBFF39E
031548F3
096A9E48
0FBFF39D
161548F2
1C6A9E47
22BFF39C
291548F1
2F6A9E46
35BFF39B
3C1548F0
426A9E45
48BFF39A
4F1548EF
556A9E44
5BBFF399
621548EE
686A9E43
6EBFF398
751548ED
7B6A9E42
81BFF397
881548EC
8E6A9E41
94BFF396
9B1548EB
A16A9E40
A7BFF395
AE1548EA
B46A9E3F
BABFF394
C11548E9
C76A9E3E
CDBFF393
D41548E8
DA6A9E3D
E0BFF392
E71548E7
ED6A9E3C
F3BFF391
FA1548E6
006A9E3B
06BFF390
0D1548E5
136A9E3A
19BFF38F
201548E4
266A9E39
2CBFF38E
331548E3
396A9E38
3FBFF38D
461548E2
4C6A9E37
52BFF38C
591548E1
5F6A9E36
65BFF38B
6C1548E0
726A9E35
78BFF38A
7F1548DF
856A9E34
8BBFF389
921548DE
986A9E33
9EBFF388
A51548DD
AB6A9E32
B1BFF387
B81548DC
BE6A9E31
C4BFF386
CB1548DB
D16A9E30
D7BFF385
DE1548DA
E46A9E2F
EABFF384
F11548D9
F76A9E2E
FDBFF383
041548D8
0A6A9E2D
10BFF382
171548D7
1D6A9E2C
23BFF381
2A1548D6
306A9E2B
36BFF380
3D1548D5
436A9E2A
49BFF37F
501548D4
566A9E29
5CBFF37E
631548D3
696A9E28
6FBFF37D
761548D2
7C6A9E27
82BFF37C
891548D1
8F6A9E26
95BFF37B
9C1548D0
A26A9E25
A8BFF37A
AF1548CF
B56A9E24
BBBFF379
C21548CE
C86A9E23
CEBFF378
D51548CD
DB6A9E22
E1BFF377
E81548CC
EE6A9E21
F4BFF376
FB1548CB
016A9E20
07BFF375
0E1548CA
146A9E1F
1ABFF374
211548C9
276A9E1E
2DBFF373
341548C8
3A6A9E1D
40BFF372
471548C7
4D6A9E1C
53BFF371
5A1548C6
606A9E1B
66BFF370
6D1548C5
736A9E1A
79BFF36F
801548C4
866A9E19
8CBFF36E
931548C3
996A9E18
9FBFF36D
A61548C2
AC6A9E17
B2BFF36C
B91548C1
BF6A9E16
C5BFF36B
CC1548C0
D26A9E15
D8BFF36A
DF1548BF
E56A9E14
EBBFF369
F21548BE
F86A9E13
FEBFF368
051548BD
0B6A9E12
11BFF367
181548BC
1E6A9E11
24BFF366
2B1548BB
316A9E10
37BFF365
3E1548BA
446A9E0F
4ABFF364
511548B9
576A9E0E
5DBFF363
641548B8
6A6A9E0D
70BFF362
771548B7
7D6A9E0C
83BFF361
8A1548B6
906A9E0B
96BFF360
9D1548B5
A36A9E0A
A9BFF35F
B01548B4
B66A9E09
BCBFF35E
C31548B3
C96A9E08
CFBFF35D
D61548B2
DC6A9E07
E2BFF35C
E91548B1
EF6A9E06
F5BFF35B
FC1548B0
026A9E05
08BFF35A
0F1548AF
156A9E04
1BBFF359
221548AE
286A9E03
2EBFF358
351548AD
3B6A9E02
41BFF357
481548AC
4E6A9E01
54BFF356
5B1548AB
616A9E00
67BFF355
6E1548AA
746A9DFF
7ABFF354
811548A9
876A9DFE
8DBFF353
941548A8
9A6A9DFD
A0BFF352
A71548A7
AD6A9DFC
B3BFF351
BA1548A6
C06A9DFB
C6BFF350
CD1548A5
D36A9DFA
D9BFF34F
E01548A4
E66A9DF9
ECBFF34E
F31548A3
F96A9DF8
FFBFF34D
061548A2
0C6A9DF7
12BFF34C
191548A1
1F6A9DF6
25BFF34B
2C1548A0
326A9DF5
38BFF34A
3F15489F
456A9DF4
4BBFF349
5215489E
586A9DF3
5EBFF348
6515489D
6B6A9DF2
71BFF347
7815489C
7E6A9DF1
84BFF346
8B15489B
916A9DF0
97BFF345
9E15489A
A46A9DEF
AABFF344
B1154899
B76A9DEE
BDBFF343
C4154898
CA6A9DED
D0BFF342
D7154897
DD6A9DEC
E3BFF341
EA154896
F06A9DEB
F6BFF340
FD154895
036A9DEA
09BFF33F
10154894
166A9DE9
1CBFF33E
23154893
296A9DE8
2FBFF33D
36154892
3C6A9DE7
42BFF33C
49154891
4F6A9DE6
55BFF33B
5C154890
626A9DE5
68BFF33A
6F15488F
756A9DE4
7BBFF339
8215488E
886A9DE3
8EBFF338
9515488D
9B6A9DE2
A1BFF337
A815488C
AE6A9DE1
B4BFF336
BB15488B
C16A9DE0
C7BFF335
CE15488A
D46A9DDF
DABFF334
E1154889
E76A9DDE
EDBFF333
F4154888
FA6A9DDD
00BFF332
07154887
0D6A9DDC
13BFF331
1A154886
206A9DDB
26BFF330
2D154885
336A9DDA
39BFF32F
40154884
466A9DD9
4CBFF32E
53154883
596A9DD8
5FBFF32D
66154882
6C6A9DD7
72BFF32C
79154881
7F6A9DD6
85BFF32B
8C154880
926A9DD5
98BFF32A
9F15487F
A56A9DD4
ABBFF329
B215487E
B86A9DD3
BEBFF328
C515487D
CB6A9DD2
D1BFF327
D815487C
DE6A9DD1
E4BFF326
EB15487B
F16A9DD0
F7BFF325
FE15487A
046A9DCF
0ABFF324
11154879
176A9DCE
1DBFF323
24154878
2A6A9DCD
30BFF322
37154877
3D6A9DCC
43BFF321
4A154876
506A9DCB
56BFF320
5D154875
636A9DCA
69BFF31F
70154874
766A9DC9
7CBFF31E
83154873
896A9DC8
8FBFF31D
96154872
9C6A9DC7
A2BFF31C
A9154871
AF6A9DC6
B5BFF31B
BC154870
C26A9DC5
C8BFF31A
CF15486F
D56A9DC4
DBBFF319
E215486E
E86A9DC3
EEBFF318
F515486D
FB6A9DC2
01BFF317
0815486C
0E6A9DC1
14BFF316
1B15486B
216A9DC0
27BFF315
2E15486A
346A9DBF
3ABFF314
41154869
476A9DBE
4DBFF313
54154868
5A6A9DBD
60BFF312
67154867
6D6A9DBC
73BFF311
7A154866
806A9DBB
86BFF310
8D154865
936A9DBA
99BFF30F
A0154864
A66A9DB9
ACBFF30E
B3154863
B96A9DB8
BFBFF30D
C6154862
CC6A9DB7
D2BFF30C
D9154861
DF6A9DB6
E5BFF30B
EC154860
F26A9DB5
F8BFF30A
FF15485F
056A9DB4
0BBFF309
1215485E
186A9DB3
1EBFF308
2515485D
2B6A9DB2
31BFF307
3815485C
3E6A9DB1
44BFF306
4B15485B
516A9DB0
57BFF305
5E15485A
646A9DAF
6ABFF304
71154859
776A9DAE
7DBFF303
84154858
8A6A9DAD
90BFF302
97154857
9D6A9DAC
A3BFF301
AA154856
B06A9DAB
B6BFF300
BD154855
C36A9DAA
C9BFF2FF
D0154854
D66A9DA9
DCBFF2FE
E3154853
E96A9DA8
EFBFF2FD
F6154852
FC6A9DA7
02BFF2FC
09154851
0F6A9DA6
15BFF2FB
1C154850
226A9DA5
28BFF2FA
2F15484F
356A9DA4
3BBFF2F9
4215484E
486A9DA3
4EBFF2F8
5515484D
5B6A9DA2
61BFF2F7
6815484C
6E6A9DA1
74BFF2F6
7B15484B
816A9DA0
87BFF2F5
8E15484A
946A9D9F
9ABFF2F4
A1154849
A76A9D9E
ADBFF2F3
B4154848
BA6A9D9D
C0BFF2F2
C7154847
CD6A9D9C
D3BFF2F1
DA154846
E06A9D9B
E6BFF2F0
ED154845
F36A9D9A
F9BFF2EF
00154844
066A9D99
0CBFF2EE
13154843
196A9D98
1FBFF2ED
26154842
2C6A9D97
32BFF2EC
39154841
3F6A9D96
45BFF2EB
4C154840
526A9D95
58BFF2EA
5F15483F
656A9D94
6BBFF2E9
7215483E
786A9D93
7EBFF2E8
8515483D
8B6A9D92
91BFF2E7
9815483C
9E6A9D91
A4BFF2E6
AB15483B
B16A9D90
B7BFF2E5
BE15483A
C46A9D8F
CABFF2E4
D1154839
D76A9D8E
DDBFF2E3
E4154838
EA6A9D8D
F0BFF2E2
F7154837
FD6A9D8C
03BFF2E1
0A154836
106A9D8B
16BFF2E0
1D154835
236A9D8A
29BFF2DF
30154834
366A9D89
3CBFF2DE
43154833
496A9D88
4FBFF2DD
56154832
5C6A9D87
62BFF2DC
69154831
6F6A9D86
75BFF2DB
7C154830
826A9D85
88BFF2DA
8F15482F
956A9D84
9BBFF2D9
A215482E
A86A9D83
AEBFF2D8
B515482D
BB6A9D82
C1BFF2D7
C815482C
CE6A9D81
D4BFF2D6
DB15482B
E16A9D80
E7BFF2D5
EE15482A
F46A9D7F
FABFF2D4
01154829
076A9D7E
0DBFF2D3
14154828
1A6A9D7D
20BFF2D2
27154827
2D6A9D7C
33BFF2D1
3A154826
406A9D7B
46BFF2D0
4D154825
536A9D7A
59BFF2CF
60154824
666A9D79
6CBFF2CE
73154823
796A9D78
7FBFF2CD
86154822
8C6A9D77
92BFF2CC
99154821
9F6A9D76
A5BFF2CB
AC154820
B26A9D75
B8BFF2CA
BF15481F
C56A9D74
CBBFF2C9
D215481E
D86A9D73
DEBFF2C8
E515481D
EB6A9D72
F1BFF2C7
F815481C
FE6A9D71
04BFF2C6
0B15481B
116A9D70
17BFF2C5
1E15481A
246A9D6F
2ABFF2C4
31154819
376A9D6E
3DBFF2C3
44154818
4A6A9D6D
50BFF2C2
57154817
5D6A9D6C
63BFF2C1
6A154816
706A9D6B
76BFF2C0
7D154815
836A9D6A
89BFF2BF
90154814
966A9D69
9CBFF2BE
A3154813
A96A9D68
AFBFF2BD
B6154812
BC6A9D67
C2BFF2BC
C9154811
CF6A9D66
D5BFF2BB
DC154810
E26A9D65
E8BFF2BA
EF15480F
F56A9D64
FBBFF2B9
0215480E
086A9D63
0EBFF2B8
1515480D
1B6A9D62
21BFF2B7
2815480C
2E6A9D61
34BFF2B6
3B15480B
416A9D60
47BFF2B5
4E15480A
546A9D5F
5ABFF2B4
61154809
676A9D5E
6DBFF2B3
74154808
7A6A9D5D
80BFF2B2
87154807
8D6A9D5C
93BFF2B1
9A154806
A06A9D5B
A6BFF2B0
AD154805
B36A9D5A
B9BFF2AF
C0154804
C66A9D59
CCBFF2AE
D3154803
D96A9D58
DFBFF2AD
E6154802
EC6A9D57
F2BFF2AC
F9154801
FF6A9D56
05BFF2AB
0C154800
126A9D55
18BFF2AA
1F1547FF
256A9D54
2BBFF2A9
321547FE
386A9D53
3EBFF2A8
451547FD
4B6A9D52
51BFF2A7
581547FC
5E6A9D51
64BFF2A6
6B1547FB
716A9D50
77BFF2A5
7E1547FA
846A9D4F
8ABFF2A4
911547F9
976A9D4E
9DBFF2A3
A41547F8
AA6A9D4D
B0BFF2A2
B71547F7
BD6A9D4C
C3BFF2A1
CA1547F6
D06A9D4B
D6BFF2A0
DD1547F5
E36A9D4A
E9BFF29F
F01547F4
F66A9D49
FCBFF29E
031547F3
096A9D48
0FBFF29D
161547F2
1C6A9D47
22BFF29C
291547F1
2F6A9D46
35BFF29B
3C1547F0
426A9D45
48BFF29A
4F1547EF
556A9D44
5BBFF299
621547EE
686A9D43
6EBFF298
751547ED
7B6A9D42
81BFF297
881547EC
8E6A9D41
94BFF296
9B1547EB
A16A9D40
A7BFF295
AE1547EA
B46A9D3F
BABFF294
C11547E9
C76A9D3E
CDBFF293
D41547E8
DA6A9D3D
E0BFF292
E71547E7
ED6A9D3C
F3BFF291
FA1547E6
006A9D3B
06BFF290
0D1547E5
136A9D3A
19BFF28F
201547E4
266A9D39
2CBFF28E
331547E3
396A9D38
3FBFF28D
461547E2
4C6A9D37
52BFF28C
591547E1
5F6A9D36
65BFF28B
6C1547E0
726A9D35
78BFF28A
7F1547DF
856A9D34
8BBFF289
921547DE
986A9D33
9EBFF288
A51547DD
AB6A9D32
B1BFF287
B81547DC
BE6A9D31
C4BFF286
CB1547DB
D16A9D30
D7BFF285
DE1547DA
E46A9D2F
EABFF284
F11547D9
F76A9D2E
FDBFF283
041547D8
0A6A9D2D
10BFF282
171547D7
1D6A9D2C
23BFF281
2A1547D6
306A9D2B
36BFF280
3D1547D5
436A9D2A
49BFF27F
501547D4
566A9D29
5CBFF27E
631547D3
696A9D28
6FBFF27D
761547D2
7C6A9D27
82BFF27C
891547D1
8F6A9D26
95BFF27B
9C1547D0
A26A9D25
A8BFF27A
AF1547CF
B56A9D24
BBBFF279
C21547CE
C86A9D23
CEBFF278
D51547CD
DB6A9D22
E1BFF277
E81547CC
EE6A9D21
F4BFF276
FB1547CB
016A9D20
07BFF275
0E1547CA
146A9D1F
1ABFF274
211547C9
276A9D1E
2DBFF273
341547C8
3A6A9D1D
40BFF272
471547C7
4D6A9D1C
53BFF271
5A1547C6
606A9D1B
66BFF270
6D1547C5
736A9D1A
79BFF26F
801547C4
866A9D19
8CBFF26E
931547C3
996A9D18
9FBFF26D
A61547C2
AC6A9D17
B2BFF26C
B91547C1
BF6A9D16
C5BFF26B
CC1547C0
D26A9D15
D8BFF26A
DF1547BF
E56A9D14
EBBFF269
F21547BE
F86A9D13
FEBFF268
051547BD
0B6A9D12
11BFF267
181547BC
1E6A9D11
24BFF266
2B1547BB
316A9D10
37BFF265
3E1547BA
446A9D0F
4ABFF264
511547B9
576A9D0E
5DBFF263
641547B8
6A6A9D0D
70BFF262
771547B7
7D6A9D0C
83BFF261
8A1547B6
906A9D0B
96BFF260
9D1547B5
A36A9D0A
A9BFF25F
B01547B4
B66A9D09
BCBFF25E
C31547B3
C96A9D08
CFBFF25D
D61547B2
DC6A9D07
E2BFF25C
E91547B1
EF6A9D06
F5BFF25B
FC1547B0
026A9D05
08BFF25A
0F1547AF
156A9D04
1BBFF259
221547AE
286A9D03
2EBFF258
351547AD
3B6A9D02
41BFF257
481547AC
4E6A9D01
54BFF256
5B1547AB
616A9D00
67BFF255
6E1547AA
746A9CFF
7ABFF254
811547A9
876A9CFE
8DBFF253
941547A8
9A6A9CFD
A0BFF252
A71547A7
AD6A9CFC
B3BFF251
BA1547A6
C06A9CFB
C6BFF250
CD1547A5
D36A9CFA
D9BFF24F
E01547A4
E66A9CF9
ECBFF24E
F31547A3
F96A9CF8
FFBFF24D
061547A2
0C6A9CF7
12BFF24C
191547A1
1F6A9CF6
25BFF24B
2C1547A0
326A9CF5
38BFF24A
3F15479F
456A9CF4
4BBFF249
5215479E
586A9CF3
5EBFF248
6515479D
6B6A9CF2
71BFF247
7815479C
7E6A9CF1
84BFF246
8B15479B
916A9CF0
97BFF245
9E15479A
A46A9CEF
AABFF244
B1154799
B76A9CEE
BDBFF243
C4154798
CA6A9CED
D0BFF242
D7154797
DD6A9CEC
E3BFF241
EA154796
F06A9CEB
F6BFF240
FD154795
036A9CEA
09BFF23F
10154794
166A9CE9
1CBFF23E
23154793
296A9CE8
2FBFF23D
36154792
3C6A9CE7
42BFF23C
49154791
4F6A9CE6
55BFF23B
5C154790
626A9CE5
68BFF23A
6F15478F
756A9CE4
7BBFF239
8215478E
886A9CE3
8EBFF238
9515478D
9B6A9CE2
A1BFF237
A815478C
AE6A9CE1
B4BFF236
BB15478B
C16A9CE0
C7BFF235
CE15478A
D46A9CDF
DABFF234
E1154789
E76A9CDE
EDBFF233
F4154788
FA6A9CDD
00BFF232
07154787
0D6A9CDC
13BFF231
1A154786
206A9CDB
26BFF230
2D154785
336A9CDA
39BFF22F
40154784
466A9CD9
4CBFF22E
53154783
596A9CD8
5FBFF22D
66154782
6C6A9CD7
72BFF22C
79154781
7F6A9CD6
85BFF22B
8C154780
926A9CD5
98BFF22A
9F15477F
A56A9CD4
ABBFF229
B215477E
B86A9CD3
BEBFF228
C515477D
CB6A9CD2
D1BFF227
D815477C
DE6A9CD1
E4BFF226
EB15477B
F16A9CD0
F7BFF225
FE15477A
046A9CCF
0ABFF224
11154779
176A9CCE
1DBFF223
24154778
2A6A9CCD
30BFF222
37154777
3D6A9CCC
43BFF221
4A154776
506A9CCB
56BFF220
5D154775
636A9CCA
69BFF21F
70154774
766A9CC9
7CBFF21E
83154773
896A9CC8
8FBFF21D
96154772
9C6A9CC7
A2BFF21C
A9154771
AF6A9CC6
B5BFF21B
BC154770
C26A9CC5
C8BFF21A
CF15476F
D56A9CC4
DBBFF219
E215476E
E86A9CC3
EEBFF218
F515476D
FB6A9CC2
01BFF217
0815476C
0E6A9CC1
14BFF216
1B15476B
216A9CC0
27BFF215
2E15476A
346A9CBF
3ABFF214
41154769
476A9CBE
4DBFF213
54154768
5A6A9CBD
60BFF212
67154767
6D6A9CBC
73BFF211
7A154766
806A9CBB
86BFF210
8D154765
936A9CBA
99BFF20F
A0154764
A66A9CB9
ACBFF20E
B3154763
B96A9CB8
BFBFF20D
C6154762
CC6A9CB7
D2BFF20C
D9154761
DF6A9CB6
E5BFF20B
EC154760
F26A9CB5
F8BFF20A
FF15475F
056A9CB4
0BBFF209
1215475E
186A9CB3
1EBFF208
2515475D
2B6A9CB2
31BFF207
3815475C
3E6A9CB1
44BFF206
4B15475B
516A9CB0
57BFF205
5E15475A
646A9CAF
6ABFF204
71154759
776A9CAE
7DBFF203
84154758
8A6A9CAD
90BFF202
97154757
9D6A9CAC
A3BFF201
AA154756
B06A9CAB
B6BFF200
BD154755
C36A9CAA
C9BFF1FF
D0154754
D66A9CA9
DCBFF1FE
E3154753
E96A9CA8
EFBFF1FD
F6154752
FC6A9CA7
02BFF1FC
09154751
0F6A9CA6
15BFF1FB
1C154750
226A9CA5
28BFF1FA
2F15474F
356A9CA4
3BBFF1F9
4215474E
486A9CA3
4EBFF1F8
5515474D
5B6A9CA2
61BFF1F7
6815474C
6E6A9CA1
74BFF1F6
7B15474B
816A9CA0
87BFF1F5
8E15474A
946A9C9F
9ABFF1F4
A1154749
A76A9C9E
ADBFF1F3
B4154748
BA6A9C9D
C0BFF1F2
C7154747
CD6A9C9C
D3BFF1F1
DA154746
E06A9C9B
E6BFF1F0
ED154745
F36A9C9A
F9BFF1EF
00154744
066A9C99
0CBFF1EE
13154743
196A9C98
1FBFF1ED
26154742
2C6A9C97
32BFF1EC
39154741
3F6A9C96
45BFF1EB
4C154740
526A9C95
58BFF1EA
5F15473F
656A9C94
6BBFF1E9
7215473E
786A9C93
7EBFF1E8
8515473D
8B6A9C92
91BFF1E7
9815473C
9E6A9C91
A4BFF1E6
AB15473B
B16A9C90
B7BFF1E5
BE15473A
C46A9C8F
CABFF1E4
D1154739
D76A9C8E
DDBFF1E3
E4154738
EA6A9C8D
F0BFF1E2
F7154737
FD6A9C8C
03BFF1E1
0A154736
106A9C8B
16BFF1E0
1D154735
236A9C8A
29BFF1DF
30154734
366A9C89
3CBFF1DE
43154733
496A9C88
4FBFF1DD
56154732
5C6A9C87
62BFF1DC
69154731
6F6A9C86
75BFF1DB
7C154730
826A9C85
88BFF1DA
8F15472F
956A9C84
9BBFF1D9
A215472E
A86A9C83
AEBFF1D8
B515472D
BB6A9C82
C1BFF1D7
C815472C
CE6A9C81
D4BFF1D6
DB15472B
E16A9C80
E7BFF1D5
EE15472A
F46A9C7F
FABFF1D4
01154729
076A9C7E
0DBFF1D3
14154728
1A6A9C7D
20BFF1D2
27154727
2D6A9C7C
33BFF1D1
3A154726
406A9C7B
46BFF1D0
4D154725
536A9C7A
59BFF1CF
60154724
666A9C79
6CBFF1CE
73154723
796A9C78
7FBFF1CD
86154722
8C6A9C77
92BFF1CC
99154721
9F6A9C76
A5BFF1CB
AC154720
B26A9C75
B8BFF1CA
BF15471F
C56A9C74
CBBFF1C9
D215471E
D86A9C73
DEBFF1C8
E515471D
EB6A9C72
F1BFF1C7
F815471C
FE6A9C71
04BFF1C6
0B15471B
116A9C70
17BFF1C5
1E15471A
246A9C6F
2ABFF1C4
31154719
376A9C6E
3DBFF1C3
44154718
4A6A9C6D
50BFF1C2
57154717
5D6A9C6C
63BFF1C1
6A154716
706A9C6B
76BFF1C0
7D154715
836A9C6A
89BFF1BF
90154714
966A9C69
9CBFF1BE
A3154713
A96A9C68
AFBFF1BD
B6154712
BC6A9C67
C2BFF1BC
C9154711
CF6A9C66
D5BFF1BB
DC154710
E26A9C65
E8BFF1BA
EF15470F
F56A9C64
FBBFF1B9
0215470E
086A9C63
0EBFF1B8
1515470D
1B6A9C62
21BFF1B7
2815470C
2E6A9C61
34BFF1B6
3B15470B
416A9C60
47BFF1B5
4E15470A
546A9C5F
5ABFF1B4
61154709
676A9C5E
6DBFF1B3
74154708
7A6A9C5D
80BFF1B2
87154707
8D6A9C5C
93BFF1B1
9A154706
A06A9C5B
A6BFF1B0
AD154705
B36A9C5A
B9BFF1AF
C0154704
C66A9C59
CCBFF1AE
D3154703
D96A9C58
DFBFF1AD
E6154702
EC6A9C57
F2BFF1AC
F9154701
FF6A9C56
05BFF1AB
0C154700
126A9C55
18BFF1AA
1F1546FF
256A9C54
2BBFF1A9
321546FE
386A9C53
3EBFF1A8
451546FD
4B6A9C52
51BFF1A7
581546FC
5E6A9C51
64BFF1A6
6B1546FB
716A9C50
77BFF1A5
7E1546FA
846A9C4F
8ABFF1A4
911546F9
976A9C4E
9DBFF1A3
A41546F8
AA6A9C4D
B0BFF1A2
B71546F7
BD6A9C4C
C3BFF1A1
CA1546F6
D06A9C4B
D6BFF1A0
DD1546F5
E36A9C4A
E9BFF19F
F01546F4
F66A9C49
FCBFF19E
031546F3
096A9C48
0FBFF19D
161546F2
1C6A9C47
22BFF19C
291546F1
2F6A9C46
35BFF19B
3C1546F0
426A9C45
48BFF19A
4F1546EF
556A9C44
5BBFF199
621546EE
686A9C43
6EBFF198
751546ED
7B6A9C42
81BFF197
881546EC
8E6A9C41
94BFF196
9B1546EB
A16A9C40
A7BFF195
AE1546EA
B46A9C3F
BABFF194
C11546E9
C76A9C3E
CDBFF193
D41546E8
DA6A9C3D
E0BFF192
E71546E7
ED6A9C3C
F3BFF191
FA1546E6
006A9C3B
06BFF190
0D1546E5
136A9C3A
19BFF18F
201546E4
266A9C39
2CBFF18E
331546E3
396A9C38
3FBFF18D
461546E2
4C6A9C37
52BFF18C
591546E1
5F6A9C36
65BFF18B
6C1546E0
726A9C35
78BFF18A
7F1546DF
856A9C34
8BBFF189
921546DE
986A9C33
9EBFF188
A51546DD
AB6A9C32
B1BFF187
B81546DC
BE6A9C31
C4BFF186
CB1546DB
D16A9C30
D7BFF185
DE1546DA
E46A9C2F
EABFF184
F11546D9
F76A9C2E
FDBFF183
041546D8
0A6A9C2D
10BFF182
171546D7
1D6A9C2C
23BFF181
2A1546D6
306A9C2B
36BFF180
3D1546D5
436A9C2A
49BFF17F
501546D4
566A9C29
5CBFF17E
631546D3
696A9C28
6FBFF17D
761546D2
7C6A9C27
82BFF17C
891546D1
8F6A9C26
95BFF17B
9C1546D0
A26A9C25
A8BFF17A
AF1546CF
B56A9C24
BBBFF179
C21546CE
C86A9C23
CEBFF178
D51546CD
DB6A9C22
E1BFF177
E81546CC
EE6A9C21
F4BFF176
FB1546CB
016A9C20
07BFF175
0E1546CA
146A9C1F
1ABFF174
211546C9
276A9C1E
2DBFF173
341546C8
3A6A9C1D
40BFF172
471546C7
4D6A9C1C
53BFF171
5A1546C6
606A9C1B
66BFF170
6D1546C5
736A9C1A
79BFF16F
801546C4
866A9C19
8CBFF16E
931546C3
996A9C18
9FBFF16D
A61546C2
AC6A9C17
B2BFF16C
B91546C1
BF6A9C16
C5BFF16B
CC1546C0
D26A9C15
D8BFF16A
DF1546BF
E56A9C14
EBBFF169
F21546BE
F86A9C13
FEBFF168
051546BD
0B6A9C12
11BFF167
181546BC
1E6A9C11
24BFF166
2B1546BB
316A9C10
37BFF165
3E1546BA
446A9C0F
4ABFF164
511546B9
576A9C0E
5DBFF163
641546B8
6A6A9C0D
70BFF162
771546B7
7D6A9C0C
83BFF161
8A1546B6
906A9C0B
96BFF160
9D1546B5
A36A9C0A
A9BFF15F
B01546B4
B66A9C09
BCBFF15E
C31546B3
C96A9C08
CFBFF15D
D61546B2
DC6A9C07
E2BFF15C
E91546B1
EF6A9C06
F5BFF15B
FC1546B0
026A9C05
08BFF15A
0F1546AF
156A9C04
1BBFF159
221546AE
286A9C03
2EBFF158
351546AD
3B6A9C02
41BFF157
481546AC
4E6A9C01
54BFF156
5B1546AB
616A9C00
67BFF155
6E1546AA
746A9BFF
7ABFF154
811546A9
876A9BFE
8DBFF153
941546A8
9A6A9BFD
A0BFF152
A71546A7
AD6A9BFC
B3BFF151
BA1546A6
C06A9BFB
C6BFF150
CD1546A5
D36A9BFA
D9BFF14F
E01546A4
E66A9BF9
ECBFF14E
F31546A3
F96A9BF8
FFBFF14D
061546A2
0C6A9BF7
12BFF14C
191546A1
1F6A9BF6
25BFF14B
2C1546A0
326A9BF5
38BFF14A
3F15469F
456A9BF4
4BBFF149
5215469E
586A9BF3
5EBFF148
6515469D
6B6A9BF2
71BFF147
7815469C
7E6A9BF1
84BFF146
8B15469B
916A9BF0
97BFF145
9E15469A
A46A9BEF
AABFF144
B1154699
B76A9BEE
BDBFF143
C4154698
CA6A9BED
D0BFF142
D7154697
DD6A9BEC
E3BFF141
EA154696
F06A9BEB
F6BFF140
FD154695
036A9BEA
09BFF13F
10154694
166A9BE9
1CBFF13E
23154693
296A9BE8
2FBFF13D
36154692
3C6A9BE7
42BFF13C
49154691
4F6A9BE6
55BFF13B
5C154690
626A9BE5
68BFF13A
6F15468F
756A9BE4
7BBFF139
8215468E
886A9BE3
8EBFF138
9515468D
9B6A9BE2
A1BFF137
A815468C
AE6A9BE1
B4BFF136
BB15468B
C16A9BE0
C7BFF135
CE15468A
D46A9BDF
DABFF134
E1154689
E76A9BDE
EDBFF133
F4154688
FA6A9BDD
00BFF132
07154687
0D6A9BDC
13BFF131
1A154686
206A9BDB
26BFF130
2D154685
336A9BDA
39BFF12F
40154684
466A9BD9
4CBFF12E
53154683
596A9BD8
5FBFF12D
66154682
6C6A9BD7
72BFF12C
79154681
7F6A9BD6
85BFF12B
8C154680
926A9BD5
98BFF12A
9F15467F
A56A9BD4
ABBFF129
B215467E
B86A9BD3
BEBFF128
C515467D
CB6A9BD2
D1BFF127
D815467C
DE6A9BD1
E4BFF126
EB15467B
F16A9BD0
F7BFF125
FE15467A
046A9BCF
0ABFF124
11154679
176A9BCE
1DBFF123
24154678
2A6A9BCD
30BFF122
37154677
3D6A9BCC
43BFF121
4A154676
506A9BCB
56BFF120
5D154675
636A9BCA
69BFF11F
70154674
766A9BC9
7CBFF11E
83154673
896A9BC8
8FBFF11D
96154672
9C6A9BC7
A2BFF11C
A9154671
AF6A9BC6
B5BFF11B
BC154670
C26A9BC5
C8BFF11A
CF15466F
D56A9BC4
DBBFF119
E215466E
E86A9BC3
EEBFF118
F515466D
FB6A9BC2
01BFF117
0815466C
0E6A9BC1
14BFF116
1B15466B
216A9BC0
27BFF115
2E15466A
346A9BBF
3ABFF114
41154669
476A9BBE
4DBFF113
54154668
5A6A9BBD
60BFF112
67154667
6D6A9BBC
73BFF111
7A154666
806A9BBB
86BFF110
8D154665
936A9BBA
99BFF10F
A0154664
A66A9BB9
ACBFF10E
B3154663
B96A9BB8
BFBFF10D
C6154662
CC6A9BB7
D2BFF10C
D9154661
DF6A9BB6
E5BFF10B
EC154660
F26A9BB5
F8BFF10A
FF15465F
056A9BB4
0BBFF109
1215465E
186A9BB3
1EBFF108
2515465D
2B6A9BB2
31BFF107
3815465C
3E6A9BB1
44BFF106
4B15465B
516A9BB0
57BFF105
5E15465A
646A9BAF
6ABFF104
71154659
776A9BAE
7DBFF103
84154658
8A6A9BAD
90BFF102
97154657
9D6A9BAC
A3BFF101
AA154656
B06A9BAB
B6BFF100
BD154655
C36A9BAA
C9BFF0FF
D0154654
D66A9BA9
DCBFF0FE
E3154653
E96A9BA8
EFBFF0FD
F6154652
FC6A9BA7
02BFF0FC
09154651
0F6A9BA6
15BFF0FB
1C154650
226A9BA5
28BFF0FA
2F15464F
356A9BA4
3BBFF0F9
4215464E
486A9BA3
4EBFF0F8
5515464D
5B6A9BA2
61BFF0F7
6815464C
6E6A9BA1
74BFF0F6
7B15464B
816A9BA0
87BFF0F5
8E15464A
946A9B9F
9ABFF0F4
A1154649
A76A9B9E
ADBFF0F3
B4154648
BA6A9B9D
C0BFF0F2
C7154647
CD6A9B9C
D3BFF0F1
DA154646
E06A9B9B
E6BFF0F0
ED154645
F36A9B9A
F9BFF0EF
00154644
066A9B99
0CBFF0EE
13154643
196A9B98
1FBFF0ED
26154642
2C6A9B97
32BFF0EC
39154641
3F6A9B96
45BFF0EB
4C154640
526A9B95
58BFF0EA
5F15463F
656A9B94
6BBFF0E9
7215463E
786A9B93
7EBFF0E8
8515463D
8B6A9B92
91BFF0E7
9815463C
9E6A9B91
A4BFF0E6
AB15463B
B16A9B90
B7BFF0E5
BE15463A
C46A9B8F
CABFF0E4
D1154639
D76A9B8E
DDBFF0E3
E4154638
EA6A9B8D
F0BFF0E2
F7154637
FD6A9B8C
03BFF0E1
0A154636
106A9B8B
16BFF0E0
1D154635
236A9B8A
29BFF0DF
30154634
366A9B89
3CBFF0DE
43154633
496A9B88
4FBFF0DD
56154632
5C6A9B87
62BFF0DC
69154631
6F6A9B86
75BFF0DB
7C154630
826A9B85
88BFF0DA
8F15462F
956A9B84
9BBFF0D9
A215462E
A86A9B83
AEBFF0D8
B515462D
BB6A9B82
C1BFF0D7
C815462C
CE6A9B81
D4BFF0D6
DB15462B
E16A9B80
E7BFF0D5
EE15462A
F46A9B7F
FABFF0D4
01154629
076A9B7E
0DBFF0D3
14154628
1A6A9B7D
20BFF0D2
27154627
2D6A9B7C
33BFF0D1
3A154626
406A9B7B
46BFF0D0
4D154625
536A9B7A
59BFF0CF
60154624
666A9B79
6CBFF0CE
73154623
796A9B78
7FBFF0CD
86154622
8C6A9B77
92BFF0CC
99154621
9F6A9B76
A5BFF0CB
AC154620
B26A9B75
B8BFF0CA
BF15461F
C56A9B74
CBBFF0C9
D215461E
D86A9B73
DEBFF0C8
E515461D
EB6A9B72
F1BFF0C7
F815461C
FE6A9B71
04BFF0C6
0B15461B
116A9B70
17BFF0C5
1E15461A
246A9B6F
2ABFF0C4
31154619
376A9B6E
3DBFF0C3
44154618
4A6A9B6D
50BFF0C2
57154617
5D6A9B6C
63BFF0C1
6A154616
706A9B6B
76BFF0C0
7D154615
836A9B6A
89BFF0BF
90154614
966A9B69
9CBFF0BE
A3154613
A96A9B68
AFBFF0BD
B6154612
BC6A9B67
C2BFF0BC
C9154611
CF6A9B66
D5BFF0BB
DC154610
E26A9B65
E8BFF0BA
EF15460F
F56A9B64
FBBFF0B9
0215460E
086A9B63
0EBFF0B8
1515460D
1B6A9B62
21BFF0B7
2815460C
2E6A9B61
34BFF0B6
3B15460B
416A9B60
47BFF0B5
4E15460A
546A9B5F
5ABFF0B4
61154609
676A9B5E
6DBFF0B3
74154608
7A6A9B5D
80BFF0B2
87154607
8D6A9B5C
93BFF0B1
9A154606
A06A9B5B
A6BFF0B0
AD154605
B36A9B5A
B9BFF0AF
C0154604
C66A9B59
CCBFF0AE
D3154603
D96A9B58
DFBFF0AD
E6154602
EC6A9B57
F2BFF0AC
F9154601
FF6A9B56
05BFF0AB
0C154600
126A9B55
18BFF0AA
1F1545FF
256A9B54
2BBFF0A9
321545FE
386A9B53
3EBFF0A8
451545FD
4B6A9B52
51BFF0A7
581545FC
5E6A9B51
64BFF0A6
6B1545FB
716A9B50
77BFF0A5
7E1545FA
846A9B4F
8ABFF0A4
911545F9
976A9B4E
9DBFF0A3
A41545F8
AA6A9B4D
B0BFF0A2
B71545F7
BD6A9B4C
C3BFF0A1
CA1545F6
D06A9B4B
D6BFF0A0
DD1545F5
E36A9B4A
E9BFF09F
F01545F4
F66A9B49
FCBFF09E
031545F3
096A9B48
0FBFF09D
161545F2
1C6A9B47
22BFF09C
291545F1
2F6A9B46
35BFF09B
3C1545F0
426A9B45
48BFF09A
4F1545EF
556A9B44
5BBFF099
621545EE
686A9B43
6EBFF098
751545ED
7B6A9B42
81BFF097
881545EC
8E6A9B41
94BFF096
9B1545EB
A16A9B40
A7BFF095
AE1545EA
B46A9B3F
BABFF094
C11545E9
C76A9B3E
CDBFF093
D41545E8
DA6A9B3D
E0BFF092
E71545E7
ED6A9B3C
F3BFF091
FA1545E6
006A9B3B
06BFF090
0D1545E5
136A9B3A
19BFF08F
201545E4
266A9B39
2CBFF08E
331545E3
396A9B38
3FBFF08D
461545E2
4C6A9B37
52BFF08C
591545E1
5F6A9B36
65BFF08B
6C1545E0
726A9B35
78BFF08A
7F1545DF
856A9B34
8BBFF089
921545DE
986A9B33
9EBFF088
A51545DD
AB6A9B32
B1BFF087
B81545DC
BE6A9B31
C4BFF086
CB1545DB
D16A9B30
D7BFF085
DE1545DA
E46A9B2F
EABFF084
F11545D9
F76A9B2E
FDBFF083
041545D8
0A6A9B2D
10BFF082
171545D7
1D6A9B2C
23BFF081
2A1545D6
306A9B2B
36BFF080
3D1545D5
436A9B2A
49BFF07F
501545D4
566A9B29
5CBFF07E
631545D3
696A9B28
6FBFF07D
761545D2
7C6A9B27
82BFF07C
891545D1
8F6A9B26
95BFF07B
9C1545D0
A26A9B25
A8BFF07A
AF1545CF
B56A9B24
BBBFF079
C21545CE
C86A9B23
CEBFF078
D51545CD
DB6A9B22
E1BFF077
E81545CC
EE6A9B21
F4BFF076
FB1545CB
016A9B20
07BFF075
0E1545CA
146A9B1F
1ABFF074
211545C9
276A9B1E
2DBFF073
341545C8
3A6A9B1D
40BFF072
471545C7
4D6A9B1C
53BFF071
5A1545C6
606A9B1B
66BFF070
6D1545C5
736A9B1A
79BFF06F
801545C4
866A9B19
8CBFF06E
931545C3
996A9B18
9FBFF06D
A61545C2
AC6A9B17
B2BFF06C
B91545C1
BF6A9B16
C5BFF06B
CC1545C0
D26A9B15
D8BFF06A
DF1545BF
E56A9B14
EBBFF069
F21545BE
F86A9B13
FEBFF068
051545BD
0B6A9B12
11BFF067
181545BC
1E6A9B11
24BFF066
2B1545BB
316A9B10
37BFF065
3E1545BA
446A9B0F
4ABFF064
511545B9
576A9B0E
5DBFF063
641545B8
6A6A9B0D
70BFF062
771545B7
7D6A9B0C
83BFF061
8A1545B6
906A9B0B
96BFF060
9D1545B5
A36A9B0A
A9BFF05F
B01545B4
B66A9B09
BCBFF05E
C31545B3
C96A9B08
CFBFF05D
D61545B2
DC6A9B07
E2BFF05C
E91545B1
EF6A9B06
F5BFF05B
FC1545B0
026A9B05
08BFF05A
0F1545AF
156A9B04
1BBFF059
221545AE
286A9B03
2EBFF058
351545AD
3B6A9B02
41BFF057
481545AC
4E6A9B01
54BFF056
5B1545AB
616A9B00
67BFF055
6E1545AA
746A9AFF
7ABFF054
811545A9
876A9AFE
8DBFF053
941545A8
9A6A9AFD
A0BFF052
A71545A7
AD6A9AFC
B3BFF051
BA1545A6
C06A9AFB
C6BFF050
CD1545A5
D36A9AFA
D9BFF04F
E01545A4
E66A9AF9
ECBFF04E
F31545A3
F96A9AF8
FFBFF04D
061545A2
0C6A9AF7
12BFF04C
191545A1
1F6A9AF6
25BFF04B
2C1545A0
326A9AF5
38BFF04A
3F15459F
456A9AF4
4BBFF049
5215459E
586A9AF3
5EBFF048
6515459D
6B6A9AF2
71BFF047
7815459C
7E6A9AF1
84BFF046
8B15459B
916A9AF0
97BFF045
9E15459A
A46A9AEF
AABFF044
B1154599
B76A9AEE
BDBFF043
C4154598
CA6A9AED
D0BFF042
D7154597
DD6A9AEC
E3BFF041
EA154596
F06A9AEB
F6BFF040
FD154595
036A9AEA
09BFF03F
10154594
166A9AE9
1CBFF03E
23154593
296A9AE8
2FBFF03D
36154592
3C6A9AE7
42BFF03C
49154591
4F6A9AE6
55BFF03B
5C154590
626A9AE5
68BFF03A
6F15458F
756A9AE4
7BBFF039
8215458E
886A9AE3
8EBFF038
9515458D
9B6A9AE2
A1BFF037
A815458C
AE6A9AE1
B4BFF036
BB15458B
C16A9AE0
C7BFF035
CE15458A
D46A9ADF
DABFF034
E1154589
E76A9ADE
EDBFF033
F4154588
FA6A9ADD
00BFF032
07154587
0D6A9ADC
13BFF031
1A154586
206A9ADB
26BFF030
2D154585
336A9ADA
39BFF02F
40154584
466A9AD9
4CBFF02E
53154583
596A9AD8
5FBFF02D
66154582
6C6A9AD7
72BFF02C
79154581
7F6A9AD6
85BFF02B
8C154580
926A9AD5
98BFF02A
9F15457F
A56A9AD4
ABBFF029
B215457E
B86A9AD3
BEBFF028
C515457D
CB6A9AD2
D1BFF027
D815457C
DE6A9AD1
E4BFF026
EB15457B
F16A9AD0
F7BFF025
FE15457A
046A9ACF
0ABFF024
11154579
176A9ACE
1DBFF023
24154578
2A6A9ACD
30BFF022
37154577
3D6A9ACC
43BFF021
4A154576
506A9ACB
56BFF020
5D154575
636A9ACA
69BFF01F
70154574
766A9AC9
7CBFF01E
83154573
896A9AC8
8FBFF01D
96154572
9C6A9AC7
A2BFF01C
A9154571
AF6A9AC6
B5BFF01B
BC154570
C26A9AC5
C8BFF01A
CF15456F
D56A9AC4
DBBFF019
E215456E
E86A9AC3
EEBFF018
F515456D
FB6A9AC2
01BFF017
0815456C
0E6A9AC1
14BFF016
1B15456B
216A9AC0
27BFF015
2E15456A
346A9ABF
3ABFF014
41154569
476A9ABE
4DBFF013
54154568
5A6A9ABD
60BFF012
67154567
6D6A9ABC
73BFF011
7A154566
806A9ABB
86BFF010
8D154565
936A9ABA
99BFF00F
A0154564
A66A9AB9
ACBFF00E
B3154563
B96A9AB8
BFBFF00D
C6154562
CC6A9AB7
D2BFF00C
D9154561
DF6A9AB6
E5BFF00B
EC154560
F26A9AB5
F8BFF00A
FF15455F
056A9AB4
0BBFF009
1215455E
186A9AB3
1EBFF008
2515455D
2B6A9AB2
31BFF007
3815455C
3E6A9AB1
44BFF006
4B15455B
516A9AB0
57BFF005
5E15455A
646A9AAF
6ABFF004
71154559
776A9AAE
7DBFF003
84154558
8A6A9AAD
90BFF002
97154557
9D6A9AAC
A3BFF001
AA154556
B06A9AAB
B6BFF000
BD154555
C36A9AAA
C9BFEFFF
D0154554
D66A9AA9
DCBFEFFE
E3154553
E96A9AA8
EFBFEFFD
F6154552
FC6A9AA7
02BFEFFC
09154551
0F6A9AA6
15BFEFFB
1C154550
226A9AA5
28BFEFFA
2F15454F
356A9AA4
3BBFEFF9
4215454E
486A9AA3
4EBFEFF8
5515454D
5B6A9AA2
61BFEFF7
6815454C
6E6A9AA1
74BFEFF6
7B15454B
816A9AA0
87BFEFF5
8E15454A
946A9A9F
9ABFEFF4
A1154549
A76A9A9E
ADBFEFF3
B4154548
BA6A9A9D
C0BFEFF2
C7154547
CD6A9A9C
D3BFEFF1
DA154546
E06A9A9B
E6BFEFF0
ED154545
F36A9A9A
F9BFEFEF
00154544
066A9A99
0CBFEFEE
13154543
196A9A98
1FBFEFED
26154542
2C6A9A97
32BFEFEC
39154541
3F6A9A96
45BFEFEB
4C154540
526A9A95
58BFEFEA
5F15453F
656A9A94
6BBFEFE9
7215453E
786A9A93
7EBFEFE8
8515453D
8B6A9A92
91BFEFE7
9815453C
9E6A9A91
A4BFEFE6
AB15453B
B16A9A90
B7BFEFE5
BE15453A
C46A9A8F
CABFEFE4
D1154539
D76A9A8E
DDBFEFE3
E4154538
EA6A9A8D
F0BFEFE2
F7154537
FD6A9A8C
03BFEFE1
0A154536
106A9A8B
16BFEFE0
1D154535
236A9A8A
29BFEFDF
30154534
366A9A89
3CBFEFDE
43154533
496A9A88
4FBFEFDD
56154532
5C6A9A87
62BFEFDC
69154531
6F6A9A86
75BFEFDB
7C154530
826A9A85
88BFEFDA
8F15452F
956A9A84
9BBFEFD9
A215452E
A86A9A83
AEBFEFD8
B515452D
BB6A9A82
C1BFEFD7
C815452C
CE6A9A81
D4BFEFD6
DB15452B
E16A9A80
E7BFEFD5
EE15452A
F46A9A7F
FABFEFD4
01154529
076A9A7E
0DBFEFD3
14154528
1A6A9A7D
20BFEFD2
27154527
2D6A9A7C
33BFEFD1
3A154526
406A9A7B
46BFEFD0
4D154525
536A9A7A
59BFEFCF
60154524
666A9A79
6CBFEFCE
73154523
796A9A78
7FBFEFCD
86154522
8C6A9A77
92BFEFCC
99154521
9F6A9A76
A5BFEFCB
AC154520
B26A9A75
B8BFEFCA
BF15451F
C56A9A74
CBBFEFC9
D215451E
D86A9A73
DEBFEFC8
E515451D
EB6A9A72
F1BFEFC7
F815451C
FE6A9A71
04BFEFC6
0B15451B
116A9A70
17BFEFC5
1E15451A
246A9A6F
2ABFEFC4
31154519
376A9A6E
3DBFEFC3
44154518
4A6A9A6D
50BFEFC2
57154517
5D6A9A6C
63BFEFC1
6A154516
706A9A6B
76BFEFC0
7D154515
836A9A6A
89BFEFBF
90154514
966A9A69
9CBFEFBE
A3154513
A96A9A68
AFBFEFBD
B6154512
BC6A9A67
C2BFEFBC
C9154511
CF6A9A66
D5BFEFBB
DC154510
E26A9A65
E8BFEFBA
EF15450F
F56A9A64
FBBFEFB9
0215450E
086A9A63
0EBFEFB8
1515450D
1B6A9A62
21BFEFB7
2815450C
2E6A9A61
34BFEFB6
3B15450B
416A9A60
47BFEFB5
4E15450A
546A9A5F
5ABFEFB4
61154509
676A9A5E
6DBFEFB3
74154508
7A6A9A5D
80BFEFB2
87154507
8D6A9A5C
93BFEFB1
9A154506
A06A9A5B
A6BFEFB0
AD154505
B36A9A5A
B9BFEFAF
C0154504
C66A9A59
CCBFEFAE
D3154503
D96A9A58
DFBFEFAD
E6154502
EC6A9A57
F2BFEFAC
F9154501
FF6A9A56
05BFEFAB
0C154500
126A9A55
18BFEFAA
1F1544FF
256A9A54
2BBFEFA9
321544FE
386A9A53
3EBFEFA8
451544FD
4B6A9A52
51BFEFA7
581544FC
5E6A9A51
64BFEFA6
6B1544FB
716A9A50
77BFEFA5
7E1544FA
846A9A4F
8ABFEFA4
911544F9
976A9A4E
9DBFEFA3
A41544F8
AA6A9A4D
B0BFEFA2
B71544F7
BD6A9A4C
C3BFEFA1
CA1544F6
D06A9A4B
D6BFEFA0
DD1544F5
E36A9A4A
E9BFEF9F
F01544F4
F66A9A49
FCBFEF9E
031544F3
096A9A48
0FBFEF9D
161544F2
1C6A9A47
22BFEF9C
291544F1
2F6A9A46
35BFEF9B
3C1544F0
426A9A45
48BFEF9A
4F1544EF
556A9A44
5BBFEF99
621544EE
686A9A43
6EBFEF98
751544ED
7B6A9A42
81BFEF97
881544EC
8E6A9A41
94BFEF96
9B1544EB
A16A9A40
A7BFEF95
AE1544EA
B46A9A3F
BABFEF94
C11544E9
C76A9A3E
CDBFEF93
D41544E8
DA6A9A3D
E0BFEF92
E71544E7
ED6A9A3C
F3BFEF91
FA1544E6
006A9A3B
06BFEF90
0D1544E5
136A9A3A
19BFEF8F
201544E4
266A9A39
2CBFEF8E
331544E3
396A9A38
3FBFEF8D
461544E2
4C6A9A37
52BFEF8C
591544E1
5F6A9A36
65BFEF8B
6C1544E0
726A9A35
78BFEF8A
7F1544DF
856A9A34
8BBFEF89
921544DE
986A9A33
9EBFEF88
A51544DD
AB6A9A32
B1BFEF87
B81544DC
BE6A9A31
C4BFEF86
CB1544DB
D16A9A30
D7BFEF85
DE1544DA
E46A9A2F
EABFEF84
F11544D9
F76A9A2E
FDBFEF83
041544D8
0A6A9A2D
10BFEF82
171544D7
1D6A9A2C
23BFEF81
2A1544D6
306A9A2B
36BFEF80
3D1544D5
436A9A2A
49BFEF7F
501544D4
566A9A29
5CBFEF7E
631544D3
696A9A28
6FBFEF7D
761544D2
7C6A9A27
82BFEF7C
891544D1
8F6A9A26
95BFEF7B
9C1544D0
A26A9A25
A8BFEF7A
AF1544CF
B56A9A24
BBBFEF79
C21544CE
C86A9A23
CEBFEF78
D51544CD
DB6A9A22
E1BFEF77
E81544CC
EE6A9A21
F4BFEF76
FB1544CB
016A9A20
07BFEF75
0E1544CA
146A9A1F
1ABFEF74
211544C9
276A9A1E
2DBFEF73
341544C8
3A6A9A1D
40BFEF72
471544C7
4D6A9A1C
53BFEF71
5A1544C6
606A9A1B
66BFEF70
6D1544C5
736A9A1A
79BFEF6F
801544C4
866A9A19
8CBFEF6E
931544C3
996A9A18
9FBFEF6D
A61544C2
AC6A9A17
B2BFEF6C
B91544C1
BF6A9A16
C5BFEF6B
CC1544C0
D26A9A15
D8BFEF6A
DF1544BF
E56A9A14
EBBFEF69
F21544BE
F86A9A13
FEBFEF68
051544BD
0B6A9A12
11BFEF67
181544BC
1E6A9A11
24BFEF66
2B1544BB
316A9A10
37BFEF65
3E1544BA
446A9A0F
4ABFEF64
511544B9
576A9A0E
5DBFEF63
641544B8
6A6A9A0D
70BFEF62
771544B7
7D6A9A0C
83BFEF61
8A1544B6
906A9A0B
96BFEF60
9D1544B5
A36A9A0A
A9BFEF5F
B01544B4
B66A9A09
BCBFEF5E
C31544B3
C96A9A08
CFBFEF5D
D61544B2
DC6A9A07
E2BFEF5C
E91544B1
EF6A9A06
F5BFEF5B
FC1544B0
026A9A05
08BFEF5A
0F1544AF
156A9A04
1BBFEF59
221544AE
286A9A03
2EBFEF58
351544AD
3B6A9A02
41BFEF57
481544AC
4E6A9A01
54BFEF56
5B1544AB
616A9A00
67BFEF55
6E1544AA
746A99FF
7ABFEF54
811544A9
876A99FE
8DBFEF53
941544A8
9A6A99FD
A0BFEF52
A71544A7
AD6A99FC
B3BFEF51
BA1544A6
C06A99FB
C6BFEF50
CD1544A5
D36A99FA
D9BFEF4F
E01544A4
E66A99F9
ECBFEF4E
F31544A3
F96A99F8
FFBFEF4D
061544A2
0C6A99F7
12BFEF4C
191544A1
1F6A99F6
25BFEF4B
2C1544A0
326A99F5
38BFEF4A
3F15449F
456A99F4
4BBFEF49
5215449E
586A99F3
5EBFEF48
6515449D
6B6A99F2
71BFEF47
7815449C
7E6A99F1
84BFEF46
8B15449B
916A99F0
97BFEF45
9E15449A
A46A99EF
AABFEF44
B1154499
B76A99EE
BDBFEF43
C4154498
CA6A99ED
D0BFEF42
D7154497
DD6A99EC
E3BFEF41
EA154496
F06A99EB
F6BFEF40
FD154495
036A99EA
09BFEF3F
10154494
166A99E9
1CBFEF3E
23154493
296A99E8
2FBFEF3D
36154492
3C6A99E7
42BFEF3C
49154491
4F6A99E6
55BFEF3B
5C154490
626A99E5
68BFEF3A
6F15448F
756A99E4
7BBFEF39
8215448E
886A99E3
8EBFEF38
9515448D
9B6A99E2
A1BFEF37
A815448C
AE6A99E1
B4BFEF36
BB15448B
C16A99E0
C7BFEF35
CE15448A
D46A99DF
DABFEF34
E1154489
E76A99DE
EDBFEF33
F4154488
FA6A99DD
00BFEF32
07154487
0D6A99DC
13BFEF31
1A154486
206A99DB
26BFEF30
2D154485
336A99DA
39BFEF2F
40154484
466A99D9
4CBFEF2E
53154483
596A99D8
5FBFEF2D
66154482
6C6A99D7
72BFEF2C
79154481
7F6A99D6
85BFEF2B
8C154480
926A99D5
98BFEF2A
9F15447F
A56A99D4
ABBFEF29
B215447E
B86A99D3
BEBFEF28
C515447D
CB6A99D2
D1BFEF27
D815447C
DE6A99D1
E4BFEF26
EB15447B
F16A99D0
F7BFEF25
FE15447A
046A99CF
0ABFEF24
11154479
176A99CE
1DBFEF23
24154478
2A6A99CD
30BFEF22
37154477
3D6A99CC
43BFEF21
4A154476
506A99CB
56BFEF20
5D154475
636A99CA
69BFEF1F
70154474
766A99C9
7CBFEF1E
83154473
896A99C8
8FBFEF1D
96154472
9C6A99C7
A2BFEF1C
A9154471
AF6A99C6
B5BFEF1B
BC154470
C26A99C5
C8BFEF1A
CF15446F
D56A99C4
DBBFEF19
E215446E
E86A99C3
EEBFEF18
F515446D
FB6A99C2
01BFEF17
0815446C
0E6A99C1
14BFEF16
1B15446B
216A99C0
27BFEF15
2E15446A
346A99BF
3ABFEF14
41154469
476A99BE
4DBFEF13
54154468
5A6A99BD
60BFEF12
67154467
6D6A99BC
73BFEF11
7A154466
806A99BB
86BFEF10
8D154465
936A99BA
99BFEF0F
A0154464
A66A99B9
ACBFEF0E
B3154463
B96A99B8
BFBFEF0D
C6154462
CC6A99B7
D2BFEF0C
D9154461
DF6A99B6
E5BFEF0B
EC154460
F26A99B5
F8BFEF0A
FF15445F
056A99B4
0BBFEF09
1215445E
186A99B3
1EBFEF08
2515445D
2B6A99B2
31BFEF07
3815445C
3E6A99B1
44BFEF06
4B15445B
516A99B0
57BFEF05
5E15445A
646A99AF
6ABFEF04
71154459
776A99AE
7DBFEF03
84154458
8A6A99AD
90BFEF02
97154457
9D6A99AC
A3BFEF01
AA154456
B06A99AB
B6BFEF00
BD154455
C36A99AA
C9BFEEFF
D0154454
D66A99A9
DCBFEEFE
E3154453
E96A99A8
EFBFEEFD
F6154452
FC6A99A7
02BFEEFC
09154451
0F6A99A6
15BFEEFB
1C154450
226A99A5
28BFEEFA
2F15444F
356A99A4
3BBFEEF9
4215444E
486A99A3
4EBFEEF8
5515444D
5B6A99A2
61BFEEF7
6815444C
6E6A99A1
74BFEEF6
7B15444B
816A99A0
87BFEEF5
8E15444A
946A999F
9ABFEEF4
A1154449
A76A999E
ADBFEEF3
B4154448
BA6A999D
C0BFEEF2
C7154447
CD6A999C
D3BFEEF1
DA154446
E06A999B
E6BFEEF0
ED154445
F36A999A
F9BFEEEF
00154444
066A9999
0CBFEEEE
13154443
196A9998
1FBFEEED
26154442
2C6A9997
32BFEEEC
39154441
3F6A9996
45BFEEEB
4C154440
526A9995
58BFEEEA
5F15443F
656A9994
6BBFEEE9
7215443E
786A9993
7EBFEEE8
8515443D
8B6A9992
91BFEEE7
9815443C
9E6A9991
A4BFEEE6
AB15443B
B16A9990
B7BFEEE5
BE15443A
C46A998F
CABFEEE4
D1154439
D76A998E
DDBFEEE3
E4154438
EA6A998D
F0BFEEE2
F7154437
FD6A998C
03BFEEE1
0A154436
106A998B
16BFEEE0
1D154435
236A998A
29BFEEDF
30154434
366A9989
3CBFEEDE
43154433
496A9988
4FBFEEDD
56154432
5C6A9987
62BFEEDC
69154431
6F6A9986
75BFEEDB
7C154430
826A9985
88BFEEDA
8F15442F
956A9984
9BBFEED9
A215442E
A86A9983
AEBFEED8
B515442D
BB6A9982
C1BFEED7
C815442C
CE6A9981
D4BFEED6
DB15442B
E16A9980
E7BFEED5
EE15442A
F46A997F
FABFEED4
01154429
076A997E
0DBFEED3
14154428
1A6A997D
20BFEED2
27154427
2D6A997C
33BFEED1
3A154426
406A997B
46BFEED0
4D154425
536A997A
59BFEECF
60154424
666A9979
6CBFEECE
73154423
796A9978
7FBFEECD
86154422
8C6A9977
92BFEECC
99154421
9F6A9976
A5BFEECB
AC154420
B26A9975
B8BFEECA
BF15441F
C56A9974
CBBFEEC9
D215441E
D86A9973
DEBFEEC8
E515441D
EB6A9972
F1BFEEC7
F815441C
FE6A9971
04BFEEC6
0B15441B
116A9970
17BFEEC5
1E15441A
246A996F
2ABFEEC4
31154419
376A996E
3DBFEEC3
44154418
4A6A996D
50BFEEC2
57154417
5D6A996C
63BFEEC1
6A154416
706A996B
76BFEEC0
7D154415
836A996A
89BFEEBF
90154414
966A9969
9CBFEEBE
A3154413
A96A9968
AFBFEEBD
B6154412
BC6A9967
C2BFEEBC
C9154411
CF6A9966
D5BFEEBB
DC154410
E26A9965
E8BFEEBA
EF15440F
F56A9964
FBBFEEB9
0215440E
086A9963
0EBFEEB8
1515440D
1B6A9962
21BFEEB7
2815440C
2E6A9961
34BFEEB6
3B15440B
416A9960
47BFEEB5
4E15440A
546A995F
5ABFEEB4
61154409
676A995E
6DBFEEB3
74154408
7A6A995D
80BFEEB2
87154407
8D6A995C
93BFEEB1
9A154406
A06A995B
A6BFEEB0
AD154405
B36A995A
B9BFEEAF
C0154404
C66A9959
CCBFEEAE
D3154403
D96A9958
DFBFEEAD
E6154402
EC6A9957
F2BFEEAC
F9154401
FF6A9956
05BFEEAB
0C154400
126A9955
18BFEEAA
1F1543FF
256A9954
2BBFEEA9
321543FE
386A9953
3EBFEEA8
451543FD
4B6A9952
51BFEEA7
581543FC
5E6A9951
64BFEEA6
6B1543FB
716A9950
77BFEEA5
7E1543FA
846A994F
8ABFEEA4
911543F9
976A994E
9DBFEEA3
A41543F8
AA6A994D
B0BFEEA2
B71543F7
BD6A994C
C3BFEEA1
CA1543F6
D06A994B
D6BFEEA0
DD1543F5
E36A994A
E9BFEE9F
F01543F4
F66A9949
FCBFEE9E
031543F3
096A9948
0FBFEE9D
161543F2
1C6A9947
22BFEE9C
291543F1
2F6A9946
35BFEE9B
3C1543F0
426A9945
48BFEE9A
4F1543EF
556A9944
5BBFEE99
621543EE
686A9943
6EBFEE98
751543ED
7B6A9942
81BFEE97
881543EC
8E6A9941
94BFEE96
9B1543EB
A16A9940
A7BFEE95
AE1543EA
B46A993F
BABFEE94
C11543E9
C76A993E
CDBFEE93
D41543E8
DA6A993D
E0BFEE92
E71543E7
ED6A993C
F3BFEE91
FA1543E6
006A993B
06BFEE90
0D1543E5
136A993A
19BFEE8F
201543E4
266A9939
2CBFEE8E
331543E3
396A9938
3FBFEE8D
461543E2
4C6A9937
52BFEE8C
591543E1
5F6A9936
65BFEE8B
6C1543E0
726A9935
78BFEE8A
7F1543DF
856A9934
8BBFEE89
921543DE
986A9933
9EBFEE88
A51543DD
AB6A9932
B1BFEE87
B81543DC
BE6A9931
C4BFEE86
CB1543DB
D16A9930
D7BFEE85
DE1543DA
E46A992F
EABFEE84
F11543D9
F76A992E
FDBFEE83
041543D8
0A6A992D
10BFEE82
171543D7
1D6A992C
23BFEE81
2A1543D6
306A992B
36BFEE80
3D1543D5
436A992A
49BFEE7F
501543D4
566A9929
5CBFEE7E
631543D3
696A9928
6FBFEE7D
761543D2
7C6A9927
82BFEE7C
891543D1
8F6A9926
95BFEE7B
9C1543D0
A26A9925
A8BFEE7A
AF1543CF
B56A9924
BBBFEE79
C21543CE
C86A9923
CEBFEE78
D51543CD
DB6A9922
E1BFEE77
E81543CC
EE6A9921
F4BFEE76
FB1543CB
016A9920
07BFEE75
0E1543CA
146A991F
1ABFEE74
211543C9
276A991E
2DBFEE73
341543C8
3A6A991D
40BFEE72
471543C7
4D6A991C
53BFEE71
5A1543C6
606A991B
66BFEE70
6D1543C5
736A991A
79BFEE6F
801543C4
866A9919
8CBFEE6E
931543C3
996A9918
9FBFEE6D
A61543C2
AC6A9917
B2BFEE6C
B91543C1
BF6A9916
C5BFEE6B
CC1543C0
D26A9915
D8BFEE6A
DF1543BF
E56A9914
EBBFEE69
F21543BE
F86A9913
FEBFEE68
051543BD
0B6A9912
11BFEE67
181543BC
1E6A9911
24BFEE66
2B1543BB
316A9910
37BFEE65
3E1543BA
446A990F
4ABFEE64
511543B9
576A990E
5DBFEE63
641543B8
6A6A990D
70BFEE62
771543B7
7D6A990C
83BFEE61
8A1543B6
906A990B
96BFEE60
9D1543B5
A36A990A
A9BFEE5F
B01543B4
B66A9909
BCBFEE5E
C31543B3
C96A9908
CFBFEE5D
D61543B2
DC6A9907
E2BFEE5C
E91543B1
EF6A9906
F5BFEE5B
FC1543B0
026A9905
08BFEE5A
0F1543AF
156A9904
1BBFEE59
221543AE
286A9903
2EBFEE58
351543AD
3B6A9902
41BFEE57
481543AC
4E6A9901
54BFEE56
5B1543AB
616A9900
67BFEE55
6E1543AA
746A98FF
7ABFEE54
811543A9
876A98FE
8DBFEE53
941543A8
9A6A98FD
A0BFEE52
A71543A7
AD6A98FC
B3BFEE51
BA1543A6
C06A98FB
C6BFEE50
CD1543A5
D36A98FA
D9BFEE4F
E01543A4
E66A98F9
ECBFEE4E
F31543A3
F96A98F8
FFBFEE4D
061543A2
0C6A98F7
12BFEE4C
191543A1
1F6A98F6
25BFEE4B
2C1543A0
326A98F5
38BFEE4A
3F15439F
456A98F4
4BBFEE49
5215439E
586A98F3
5EBFEE48
6515439D
6B6A98F2
71BFEE47
7815439C
7E6A98F1
84BFEE46
8B15439B
916A98F0
97BFEE45
9E15439A
A46A98EF
AABFEE44
B1154399
B76A98EE
BDBFEE43
C4154398
CA6A98ED
D0BFEE42
D7154397
DD6A98EC
E3BFEE41
EA154396
F06A98EB
F6BFEE40
FD154395
036A98EA
09BFEE3F
10154394
166A98E9
1CBFEE3E
23154393
296A98E8
2FBFEE3D
36154392
3C6A98E7
42BFEE3C
49154391
4F6A98E6
55BFEE3B
5C154390
626A98E5
68BFEE3A
6F15438F
756A98E4
7BBFEE39
8215438E
886A98E3
8EBFEE38
9515438D
9B6A98E2
A1BFEE37
A815438C
AE6A98E1
B4BFEE36
BB15438B
C16A98E0
C7BFEE35
CE15438A
D46A98DF
DABFEE34
E1154389
E76A98DE
EDBFEE33
F4154388
FA6A98DD
00BFEE32
07154387
0D6A98DC
13BFEE31
1A154386
206A98DB
26BFEE30
2D154385
336A98DA
39BFEE2F
40154384
466A98D9
4CBFEE2E
53154383
596A98D8
5FBFEE2D
66154382
6C6A98D7
72BFEE2C
79154381
7F6A98D6
85BFEE2B
8C154380
926A98D5
98BFEE2A
9F15437F
A56A98D4
ABBFEE29
B215437E
B86A98D3
BEBFEE28
C515437D
CB6A98D2
D1BFEE27
D815437C
DE6A98D1
E4BFEE26
EB15437B
F16A98D0
F7BFEE25
FE15437A
046A98CF
0ABFEE24
11154379
176A98CE
1DBFEE23
24154378
2A6A98CD
30BFEE22
37154377
3D6A98CC
43BFEE21
4A154376
506A98CB
56BFEE20
5D154375
636A98CA
69BFEE1F
70154374
766A98C9
7CBFEE1E
83154373
896A98C8
8FBFEE1D
96154372
9C6A98C7
A2BFEE1C
A9154371
AF6A98C6
B5BFEE1B
BC154370
C26A98C5
C8BFEE1A
CF15436F
D56A98C4
DBBFEE19
E215436E
E86A98C3
EEBFEE18
F515436D
FB6A98C2
01BFEE17
0815436C
0E6A98C1
14BFEE16
1B15436B
216A98C0
27BFEE15
2E15436A
346A98BF
3ABFEE14
41154369
476A98BE
4DBFEE13
54154368
5A6A98BD
60BFEE12
67154367
6D6A98BC
73BFEE11
7A154366
806A98BB
86BFEE10
8D154365
936A98BA
99BFEE0F
A0154364
A66A98B9
ACBFEE0E
B3154363
B96A98B8
BFBFEE0D
C6154362
CC6A98B7
D2BFEE0C
D9154361
DF6A98B6
E5BFEE0B
EC154360
F26A98B5
F8BFEE0A
FF15435F
056A98B4
0BBFEE09
1215435E
186A98B3
1EBFEE08
2515435D
2B6A98B2
31BFEE07
3815435C
3E6A98B1
44BFEE06
4B15435B
516A98B0
57BFEE05
5E15435A
646A98AF
6ABFEE04
71154359
776A98AE
7DBFEE03
84154358
8A6A98AD
90BFEE02
97154357
9D6A98AC
A3BFEE01
AA154356
B06A98AB
B6BFEE00
BD154355
C36A98AA
C9BFEDFF
D0154354
D66A98A9
DCBFEDFE
E3154353
E96A98A8
EFBFEDFD
F6154352
FC6A98A7
02BFEDFC
09154351
0F6A98A6
15BFEDFB
1C154350
226A98A5
28BFEDFA
2F15434F
356A98A4
3BBFEDF9
4215434E
486A98A3
4EBFEDF8
5515434D
5B6A98A2
61BFEDF7
6815434C
6E6A98A1
74BFEDF6
7B15434B
816A98A0
87BFEDF5
8E15434A
946A989F
9ABFEDF4
A1154349
A76A989E
ADBFEDF3
B4154348
BA6A989D
C0BFEDF2
C7154347
CD6A989C
D3BFEDF1
DA154346
E06A989B
E6BFEDF0
ED154345
F36A989A
F9BFEDEF
00154344
066A9899
0CBFEDEE
13154343
196A9898
1FBFEDED
26154342
2C6A9897
32BFEDEC
39154341
3F6A9896
45BFEDEB
4C154340
526A9895
58BFEDEA
5F15433F
656A9894
6BBFEDE9
7215433E
786A9893
7EBFEDE8
8515433D
8B6A9892
91BFEDE7
9815433C
9E6A9891
A4BFEDE6
AB15433B
B16A9890
B7BFEDE5
BE15433A
C46A988F
CABFEDE4
D1154339
D76A988E
DDBFEDE3
E4154338
EA6A988D
F0BFEDE2
F7154337
FD6A988C
03BFEDE1
0A154336
106A988B
16BFEDE0
1D154335
236A988A
29BFEDDF
30154334
366A9889
3CBFEDDE
43154333
496A9888
4FBFEDDD
56154332
5C6A9887
62BFEDDC
69154331
6F6A9886
75BFEDDB
7C154330
826A9885
88BFEDDA
8F15432F
956A9884
9BBFEDD9
A215432E
A86A9883
AEBFEDD8
B515432D
BB6A9882
C1BFEDD7
C815432C
CE6A9881
D4BFEDD6
DB15432B
E16A9880
E7BFEDD5
EE15432A
F46A987F
FABFEDD4
01154329
076A987E
0DBFEDD3
14154328
1A6A987D
20BFEDD2
27154327
2D6A987C
33BFEDD1
3A154326
406A987B
46BFEDD0
4D154325
536A987A
59BFEDCF
60154324
666A9879
6CBFEDCE
73154323
796A9878
7FBFEDCD
86154322
8C6A9877
92BFEDCC
99154321
9F6A9876
A5BFEDCB
AC154320
B26A9875
B8BFEDCA
BF15431F
C56A9874
CBBFEDC9
D215431E
D86A9873
DEBFEDC8
E515431D
EB6A9872
F1BFEDC7
F815431C
FE6A9871
04BFEDC6
0B15431B
116A9870
17BFEDC5
1E15431A
246A986F
2ABFEDC4
31154319
376A986E
3DBFEDC3
44154318
4A6A986D
50BFEDC2
57154317
5D6A986C
63BFEDC1
6A154316
706A986B
76BFEDC0
7D154315
836A986A
89BFEDBF
90154314
966A9869
9CBFEDBE
A3154313
A96A9868
AFBFEDBD
B6154312
BC6A9867
C2BFEDBC
C9154311
CF6A9866
D5BFEDBB
DC154310
E26A9865
E8BFEDBA
EF15430F
F56A9864
FBBFEDB9
0215430E
086A9863
0EBFEDB8
1515430D
1B6A9862
21BFEDB7
2815430C
2E6A9861
34BFEDB6
3B15430B
416A9860
47BFEDB5
4E15430A
546A985F
5ABFEDB4
61154309
676A985E
6DBFEDB3
74154308
7A6A985D
80BFEDB2
87154307
8D6A985C
93BFEDB1
9A154306
A06A985B
A6BFEDB0
AD154305
B36A985A
B9BFEDAF
C0154304
C66A9859
CCBFEDAE
D3154303
D96A9858
DFBFEDAD
E6154302
EC6A9857
F2BFEDAC
F9154301
FF6A9856
05BFEDAB
0C154300
126A9855
18BFEDAA
1F1542FF
256A9854
2BBFEDA9
321542FE
386A9853
3EBFEDA8
451542FD
4B6A9852
51BFEDA7
581542FC
5E6A9851
64BFEDA6
6B1542FB
716A9850
77BFEDA5
7E1542FA
846A984F
8ABFEDA4
911542F9
976A984E
9DBFEDA3
A41542F8
AA6A984D
B0BFEDA2
B71542F7
BD6A984C
C3BFEDA1
CA1542F6
D06A984B
D6BFEDA0
DD1542F5
E36A984A
E9BFED9F
F01542F4
F66A9849
FCBFED9E
031542F3
096A9848
0FBFED9D
161542F2
1C6A9847
22BFED9C
291542F1
2F6A9846
35BFED9B
3C1542F0
426A9845
48BFED9A
4F1542EF
556A9844
5BBFED99
621542EE
686A9843
6EBFED98
751542ED
7B6A9842
81BFED97
881542EC
8E6A9841
94BFED96
9B1542EB
A16A9840
A7BFED95
AE1542EA
B46A983F
BABFED94
C11542E9
C76A983E
CDBFED93
D41542E8
DA6A983D
E0BFED92
E71542E7
ED6A983C
F3BFED91
FA1542E6
006A983B
06BFED90
0D1542E5
136A983A
19BFED8F
201542E4
266A9839
2CBFED8E
331542E3
396A9838
3FBFED8D
461542E2
4C6A9837
52BFED8C
591542E1
5F6A9836
65BFED8B
6C1542E0
726A9835
78BFED8A
7F1542DF
856A9834
8BBFED89
921542DE
986A9833
9EBFED88
A51542DD
AB6A9832
B1BFED87
B81542DC
BE6A9831
C4BFED86
CB1542DB
D16A9830
D7BFED85
DE1542DA
E46A982F
EABFED84
F11542D9
F76A982E
FDBFED83
041542D8
0A6A982D
10BFED82
171542D7
1D6A982C
23BFED81
2A1542D6
306A982B
36BFED80
3D1542D5
436A982A
49BFED7F
501542D4
566A9829
5CBFED7E
631542D3
696A9828
6FBFED7D
761542D2
7C6A9827
82BFED7C
891542D1
8F6A9826
95BFED7B
9C1542D0
A26A9825
A8BFED7A
AF1542CF
B56A9824
BBBFED79
C21542CE
C86A9823
CEBFED78
D51542CD
DB6A9822
E1BFED77
E81542CC
EE6A9821
F4BFED76
FB1542CB
016A9820
07BFED75
0E1542CA
146A981F
1ABFED74
211542C9
276A981E
2DBFED73
341542C8
3A6A981D
40BFED72
471542C7
4D6A981C
53BFED71
5A1542C6
606A981B
66BFED70
6D1542C5
736A981A
79BFED6F
801542C4
866A9819
8CBFED6E
931542C3
996A9818
9FBFED6D
A61542C2
AC6A9817
B2BFED6C
B91542C1
BF6A9816
C5BFED6B
CC1542C0
D26A9815
D8BFED6A
DF1542BF
E56A9814
EBBFED69
F21542BE
F86A9813
FEBFED68
051542BD
0B6A9812
11BFED67
181542BC
1E6A9811
24BFED66
2B1542BB
316A9810
37BFED65
3E1542BA
446A980F
4ABFED64
511542B9
576A980E
5DBFED63
641542B8
6A6A980D
70BFED62
771542B7
7D6A980C
83BFED61
8A1542B6
906A980B
96BFED60
9D1542B5
A36A980A
A9BFED5F
B01542B4
B66A9809
BCBFED5E
C31542B3
C96A9808
CFBFED5D
D61542B2
DC6A9807
E2BFED5C
E91542B1
EF6A9806
F5BFED5B
FC1542B0
026A9805
08BFED5A
0F1542AF
156A9804
1BBFED59
221542AE
286A9803
2EBFED58
351542AD
3B6A9802
41BFED57
481542AC
4E6A9801
54BFED56
5B1542AB
616A9800
67BFED55
6E1542AA
746A97FF
7ABFED54
811542A9
876A97FE
8DBFED53
941542A8
9A6A97FD
A0BFED52
A71542A7
AD6A97FC
B3BFED51
BA1542A6
C06A97FB
C6BFED50
CD1542A5
D36A97FA
D9BFED4F
E01542A4
E66A97F9
ECBFED4E
F31542A3
F96A97F8
FFBFED4D
061542A2
0C6A97F7
12BFED4C
191542A1
1F6A97F6
25BFED4B
2C1542A0
326A97F5
38BFED4A
3F15429F
456A97F4
4BBFED49
5215429E
586A97F3
5EBFED48
6515429D
6B6A97F2
71BFED47
7815429C
7E6A97F1
84BFED46
8B15429B
916A97F0
97BFED45
9E15429A
A46A97EF
AABFED44
B1154299
B76A97EE
BDBFED43
C4154298
CA6A97ED
D0BFED42
D7154297
DD6A97EC
E3BFED41
EA154296
F06A97EB
F6BFED40
FD154295
036A97EA
09BFED3F
10154294
166A97E9
1CBFED3E
23154293
296A97E8
2FBFED3D
36154292
3C6A97E7
42BFED3C
49154291
4F6A97E6
55BFED3B
5C154290
626A97E5
68BFED3A
6F15428F
756A97E4
7BBFED39
8215428E
886A97E3
8EBFED38
9515428D
9B6A97E2
A1BFED37
A815428C
AE6A97E1
B4BFED36
BB15428B
C16A97E0
C7BFED35
CE15428A
D46A97DF
DABFED34
E1154289
E76A97DE
EDBFED33
F4154288
FA6A97DD
00BFED32
07154287
0D6A97DC
13BFED31
1A154286
206A97DB
26BFED30
2D154285
336A97DA
39BFED2F
40154284
466A97D9
4CBFED2E
53154283
596A97D8
5FBFED2D
66154282
6C6A97D7
72BFED2C
79154281
7F6A97D6
85BFED2B
8C154280
926A97D5
98BFED2A
9F15427F
A56A97D4
ABBFED29
B215427E
B86A97D3
BEBFED28
C515427D
CB6A97D2
D1BFED27
D815427C
DE6A97D1
E4BFED26
EB15427B
F16A97D0
F7BFED25
FE15427A
046A97CF
0ABFED24
11154279
176A97CE
1DBFED23
24154278
2A6A97CD
30BFED22
37154277
3D6A97CC
43BFED21
4A154276
506A97CB
56BFED20
5D154275
636A97CA
69BFED1F
70154274
766A97C9
7CBFED1E
83154273
896A97C8
8FBFED1D
96154272
9C6A97C7
A2BFED1C
A9154271
AF6A97C6
B5BFED1B
BC154270
C26A97C5
C8BFED1A
CF15426F
D56A97C4
DBBFED19
E215426E
E86A97C3
EEBFED18
F515426D
FB6A97C2
01BFED17
0815426C
0E6A97C1
14BFED16
1B15426B
216A97C0
27BFED15
2E15426A
346A97BF
3ABFED14
41154269
476A97BE
4DBFED13
54154268
5A6A97BD
60BFED12
67154267
6D6A97BC
73BFED11
7A154266
806A97BB
86BFED10
8D154265
936A97BA
99BFED0F
A0154264
A66A97B9
ACBFED0E
B3154263
B96A97B8
BFBFED0D
C6154262
CC6A97B7
D2BFED0C
D9154261
DF6A97B6
E5BFED0B
EC154260
F26A97B5
F8BFED0A
FF15425F
056A97B4
0BBFED09
1215425E
186A97B3
1EBFED08
2515425D
2B6A97B2
31BFED07
3815425C
3E6A97B1
44BFED06
4B15425B
516A97B0
57BFED05
5E15425A
646A97AF
6ABFED04
71154259
776A97AE
7DBFED03
84154258
8A6A97AD
90BFED02
97154257
9D6A97AC
A3BFED01
AA154256
B06A97AB
B6BFED00
BD154255
C36A97AA
C9BFECFF
D0154254
D66A97A9
DCBFECFE
E3154253
E96A97A8
EFBFECFD
F6154252
FC6A97A7
02BFECFC
09154251
0F6A97A6
15BFECFB
1C154250
226A97A5
28BFECFA
2F15424F
356A97A4
3BBFECF9
4215424E
486A97A3
4EBFECF8
5515424D
5B6A97A2
61BFECF7
6815424C
6E6A97A1
74BFECF6
7B15424B
816A97A0
87BFECF5
8E15424A
946A979F
9ABFECF4
A1154249
A76A979E
ADBFECF3
B4154248
BA6A979D
C0BFECF2
C7154247
CD6A979C
D3BFECF1
DA154246
E06A979B
E6BFECF0
ED154245
F36A979A
F9BFECEF
00154244
066A9799
0CBFECEE
13154243
196A9798
1FBFECED
26154242
2C6A9797
32BFECEC
39154241
3F6A9796
45BFECEB
4C154240
526A9795
58BFECEA
5F15423F
656A9794
6BBFECE9
7215423E
786A9793
7EBFECE8
8515423D
8B6A9792
91BFECE7
9815423C
9E6A9791
A4BFECE6
AB15423B
B16A9790
B7BFECE5
BE15423A
C46A978F
CABFECE4
D1154239
D76A978E
DDBFECE3
E4154238
EA6A978D
F0BFECE2
F7154237
FD6A978C
03BFECE1
0A154236
106A978B
16BFECE0
1D154235
236A978A
29BFECDF
30154234
366A9789
3CBFECDE
43154233
496A9788
4FBFECDD
56154232
5C6A9787
62BFECDC
69154231
6F6A9786
75BFECDB
7C154230
826A9785
88BFECDA
8F15422F
956A9784
9BBFECD9
A215422E
A86A9783
AEBFECD8
B515422D
BB6A9782
C1BFECD7
C815422C
CE6A9781
D4BFECD6
DB15422B
E16A9780
E7BFECD5
EE15422A
F46A977F
FABFECD4
01154229
076A977E
0DBFECD3
14154228
1A6A977D
20BFECD2
27154227
2D6A977C
33BFECD1
3A154226
406A977B
46BFECD0
4D154225
536A977A
59BFECCF
60154224
666A9779
6CBFECCE
73154223
796A9778
7FBFECCD
86154222
8C6A9777
92BFECCC
99154221
9F6A9776
A5BFECCB
AC154220
B26A9775
B8BFECCA
BF15421F
C56A9774
CBBFECC9
D215421E
D86A9773
DEBFECC8
E515421D
EB6A9772
F1BFECC7
F815421C
FE6A9771
04BFECC6
0B15421B
116A9770
17BFECC5
1E15421A
246A976F
2ABFECC4
31154219
376A976E
3DBFECC3
44154218
4A6A976D
50BFECC2
57154217
5D6A976C
63BFECC1
6A154216
706A976B
76BFECC0
7D154215
836A976A
89BFECBF
90154214
966A9769
9CBFECBE
A3154213
A96A9768
AFBFECBD
B6154212
BC6A9767
C2BFECBC
C9154211
CF6A9766
D5BFECBB
DC154210
E26A9765
E8BFECBA
EF15420F
F56A9764
FBBFECB9
0215420E
086A9763
0EBFECB8
1515420D
1B6A9762
21BFECB7
2815420C
2E6A9761
34BFECB6
3B15420B
416A9760
47BFECB5
4E15420A
546A975F
5ABFECB4
61154209
676A975E
6DBFECB3
74154208
7A6A975D
80BFECB2
87154207
8D6A975C
93BFECB1
9A154206
A06A975B
A6BFECB0
AD154205
B36A975A
B9BFECAF
C0154204
C66A9759
CCBFECAE
D3154203
D96A9758
DFBFECAD
E6154202
EC6A9757
F2BFECAC
F9154201
FF6A9756
05BFECAB
0C154200
126A9755
18BFECAA
1F1541FF
256A9754
2BBFECA9
321541FE
386A9753
3EBFECA8
451541FD
4B6A9752
51BFECA7
581541FC
5E6A9751
64BFECA6
6B1541FB
716A9750
77BFECA5
7E1541FA
846A974F
8ABFECA4
911541F9
976A974E
9DBFECA3
A41541F8
AA6A974D
B0BFECA2
B71541F7
BD6A974C
C3BFECA1
CA1541F6
D06A974B
D6BFECA0
DD1541F5
E36A974A
E9BFEC9F
F01541F4
F66A9749
FCBFEC9E
031541F3
096A9748
0FBFEC9D
161541F2
1C6A9747
22BFEC9C
291541F1
2F6A9746
35BFEC9B
3C1541F0
426A9745
48BFEC9A
4F1541EF
556A9744
5BBFEC99
621541EE
686A9743
6EBFEC98
751541ED
7B6A9742
81BFEC97
881541EC
8E6A9741
94BFEC96
9B1541EB
A16A9740
A7BFEC95
AE1541EA
B46A973F
BABFEC94
C11541E9
C76A973E
CDBFEC93
D41541E8
DA6A973D
E0BFEC92
E71541E7
ED6A973C
F3BFEC91
FA1541E6
006A973B
06BFEC90
0D1541E5
136A973A
19BFEC8F
201541E4
266A9739
2CBFEC8E
331541E3
396A9738
3FBFEC8D
461541E2
4C6A9737
52BFEC8C
591541E1
5F6A9736
65BFEC8B
6C1541E0
726A9735
78BFEC8A
7F1541DF
856A9734
8BBFEC89
921541DE
986A9733
9EBFEC88
A51541DD
AB6A9732
B1BFEC87
B81541DC
BE6A9731
C4BFEC86
CB1541DB
D16A9730
D7BFEC85
DE1541DA
E46A972F
EABFEC84
F11541D9
F76A972E
FDBFEC83
041541D8
0A6A972D
10BFEC82
171541D7
1D6A972C
23BFEC81
2A1541D6
306A972B
36BFEC80
3D1541D5
436A972A
49BFEC7F
501541D4
566A9729
5CBFEC7E
631541D3
696A9728
6FBFEC7D
761541D2
7C6A9727
82BFEC7C
891541D1
8F6A9726
95BFEC7B
9C1541D0
A26A9725
A8BFEC7A
AF1541CF
B56A9724
BBBFEC79
C21541CE
C86A9723
CEBFEC78
D51541CD
DB6A9722
E1BFEC77
E81541CC
EE6A9721
F4BFEC76
FB1541CB
016A9720
07BFEC75
0E1541CA
146A971F
1ABFEC74
211541C9
276A971E
2DBFEC73
341541C8
3A6A971D
40BFEC72
471541C7
4D6A971C
53BFEC71
5A1541C6
606A971B
66BFEC70
6D1541C5
736A971A
79BFEC6F
801541C4
866A9719
8CBFEC6E
931541C3
996A9718
9FBFEC6D
A61541C2
AC6A9717
B2BFEC6C
B91541C1
BF6A9716
C5BFEC6B
CC1541C0
D26A9715
D8BFEC6A
DF1541BF
E56A9714
EBBFEC69
F21541BE
F86A9713
FEBFEC68
051541BD
0B6A9712
11BFEC67
181541BC
1E6A9711
24BFEC66
2B1541BB
316A9710
37BFEC65
3E1541BA
446A970F
4ABFEC64
511541B9
576A970E
5DBFEC63
641541B8
6A6A970D
70BFEC62
771541B7
7D6A970C
83BFEC61
8A1541B6
906A970B
96BFEC60
9D1541B5
A36A970A
A9BFEC5F
B01541B4
B66A9709
BCBFEC5E
C31541B3
C96A9708
CFBFEC5D
D61541B2
DC6A9707
E2BFEC5C
E91541B1
EF6A9706
F5BFEC5B
FC1541B0
026A9705
08BFEC5A
0F1541AF
156A9704
1BBFEC59
221541AE
286A9703
2EBFEC58
351541AD
3B6A9702
41BFEC57
481541AC
4E6A9701
54BFEC56
5B1541AB
616A9700
67BFEC55
6E1541AA
746A96FF
7ABFEC54
811541A9
876A96FE
8DBFEC53
941541A8
9A6A96FD
A0BFEC52
A71541A7
AD6A96FC
B3BFEC51
BA1541A6
C06A96FB
C6BFEC50
CD1541A5
D36A96FA
D9BFEC4F
E01541A4
E66A96F9
ECBFEC4E
F31541A3
F96A96F8
FFBFEC4D
061541A2
0C6A96F7
12BFEC4C
191541A1
1F6A96F6
25BFEC4B
2C1541A0
326A96F5
38BFEC4A
3F15419F
456A96F4
4BBFEC49
5215419E
586A96F3
5EBFEC48
6515419D
6B6A96F2
71BFEC47
7815419C
7E6A96F1
84BFEC46
8B15419B
916A96F0
97BFEC45
9E15419A
A46A96EF
AABFEC44
B1154199
B76A96EE
BDBFEC43
C4154198
CA6A96ED
D0BFEC42
D7154197
DD6A96EC
E3BFEC41
EA154196
F06A96EB
F6BFEC40
FD154195
036A96EA
09BFEC3F
10154194
166A96E9
1CBFEC3E
23154193
296A96E8
2FBFEC3D
36154192
3C6A96E7
42BFEC3C
49154191
4F6A96E6
55BFEC3B
5C154190
626A96E5
68BFEC3A
6F15418F
756A96E4
7BBFEC39
8215418E
886A96E3
8EBFEC38
9515418D
9B6A96E2
A1BFEC37
A815418C
AE6A96E1
B4BFEC36
BB15418B
C16A96E0
C7BFEC35
CE15418A
D46A96DF
DABFEC34
E1154189
E76A96DE
EDBFEC33
F4154188
FA6A96DD
00BFEC32
07154187
0D6A96DC
13BFEC31
1A154186
206A96DB
26BFEC30
2D154185
336A96DA
39BFEC2F
40154184
466A96D9
4CBFEC2E
53154183
596A96D8
5FBFEC2D
66154182
6C6A96D7
72BFEC2C
79154181
7F6A96D6
85BFEC2B
8C154180
926A96D5
98BFEC2A
9F15417F
A56A96D4
ABBFEC29
B215417E
B86A96D3
BEBFEC28
C515417D
CB6A96D2
D1BFEC27
D815417C
DE6A96D1
E4BFEC26
EB15417B
F16A96D0
F7BFEC25
FE15417A
046A96CF
0ABFEC24
11154179
176A96CE
1DBFEC23
24154178
2A6A96CD
30BFEC22
37154177
3D6A96CC
43BFEC21
4A154176
506A96CB
56BFEC20
5D154175
636A96CA
69BFEC1F
70154174
766A96C9
7CBFEC1E
83154173
896A96C8
8FBFEC1D
96154172
9C6A96C7
A2BFEC1C
A9154171
AF6A96C6
B5BFEC1B
BC154170
C26A96C5
C8BFEC1A
CF15416F
D56A96C4
DBBFEC19
E215416E
E86A96C3
EEBFEC18
F515416D
FB6A96C2
01BFEC17
0815416C
0E6A96C1
14BFEC16
1B15416B
216A96C0
27BFEC15
2E15416A
346A96BF
3ABFEC14
41154169
476A96BE
4DBFEC13
54154168
5A6A96BD
60BFEC12
67154167
6D6A96BC
73BFEC11
7A154166
806A96BB
86BFEC10
8D154165
936A96BA
99BFEC0F
A0154164
A66A96B9
ACBFEC0E
B3154163
B96A96B8
BFBFEC0D
C6154162
CC6A96B7
D2BFEC0C
D9154161
DF6A96B6
E5BFEC0B
EC154160
F26A96B5
F8BFEC0A
FF15415F
056A96B4
0BBFEC09
1215415E
186A96B3
1EBFEC08
2515415D
2B6A96B2
31BFEC07
3815415C
3E6A96B1
44BFEC06
4B15415B
516A96B0
57BFEC05
5E15415A
646A96AF
6ABFEC04
71154159
776A96AE
7DBFEC03
84154158
8A6A96AD
90BFEC02
97154157
9D6A96AC
A3BFEC01
AA154156
B06A96AB
B6BFEC00
BD154155
C36A96AA
C9BFEBFF
D0154154
D66A96A9
DCBFEBFE
E3154153
E96A96A8
EFBFEBFD
F6154152
FC6A96A7
02BFEBFC
09154151
0F6A96A6
15BFEBFB
1C154150
226A96A5
28BFEBFA
2F15414F
356A96A4
3BBFEBF9
4215414E
486A96A3
4EBFEBF8
5515414D
5B6A96A2
61BFEBF7
6815414C
6E6A96A1
74BFEBF6
7B15414B
816A96A0
87BFEBF5
8E15414A
946A969F
9ABFEBF4
A1154149
A76A969E
ADBFEBF3
B4154148
BA6A969D
C0BFEBF2
C7154147
CD6A969C
D3BFEBF1
DA154146
E06A969B
E6BFEBF0
ED154145
F36A969A
F9BFEBEF
00154144
066A9699
0CBFEBEE
13154143
196A9698
1FBFEBED
26154142
2C6A9697
32BFEBEC
39154141
3F6A9696
45BFEBEB
4C154140
526A9695
58BFEBEA
5F15413F
656A9694
6BBFEBE9
7215413E
786A9693
7EBFEBE8
8515413D
8B6A9692
91BFEBE7
9815413C
9E6A9691
A4BFEBE6
AB15413B
B16A9690
B7BFEBE5
BE15413A
C46A968F
CABFEBE4
D1154139
D76A968E
DDBFEBE3
E4154138
EA6A968D
F0BFEBE2
F7154137
FD6A968C
03BFEBE1
0A154136
106A968B
16BFEBE0
1D154135
236A968A
29BFEBDF
30154134
366A9689
3CBFEBDE
43154133
496A9688
4FBFEBDD
56154132
5C6A9687
62BFEBDC
69154131
6F6A9686
75BFEBDB
7C154130
826A9685
88BFEBDA
8F15412F
956A9684
9BBFEBD9
A215412E
A86A9683
AEBFEBD8
B515412D
BB6A9682
C1BFEBD7
C815412C
CE6A9681
D4BFEBD6
DB15412B
E16A9680
E7BFEBD5
EE15412A
F46A967F
FABFEBD4
01154129
076A967E
0DBFEBD3
14154128
1A6A967D
20BFEBD2
27154127
2D6A967C
33BFEBD1
3A154126
406A967B
46BFEBD0
4D154125
536A967A
59BFEBCF
60154124
666A9679
6CBFEBCE
73154123
796A9678
7FBFEBCD
86154122
8C6A9677
92BFEBCC
99154121
9F6A9676
A5BFEBCB
AC154120
B26A9675
B8BFEBCA
BF15411F
C56A9674
CBBFEBC9
D215411E
D86A9673
DEBFEBC8
E515411D
EB6A9672
F1BFEBC7
F815411C
FE6A9671
04BFEBC6
0B15411B
116A9670
17BFEBC5
1E15411A
246A966F
2ABFEBC4
31154119
376A966E
3DBFEBC3
44154118
4A6A966D
50BFEBC2
57154117
5D6A966C
63BFEBC1
6A154116
706A966B
76BFEBC0
7D154115
836A966A
89BFEBBF
90154114
966A9669
9CBFEBBE
A3154113
A96A9668
AFBFEBBD
B6154112
BC6A9667
C2BFEBBC
C9154111
CF6A9666
D5BFEBBB
DC154110
E26A9665
E8BFEBBA
EF15410F
F56A9664
FBBFEBB9
0215410E
086A9663
0EBFEBB8
1515410D
1B6A9662
21BFEBB7
2815410C
2E6A9661
34BFEBB6
3B15410B
416A9660
47BFEBB5
4E15410A
546A965F
5ABFEBB4
61154109
676A965E
6DBFEBB3
74154108
7A6A965D
80BFEBB2
87154107
8D6A965C
93BFEBB1
9A154106
A06A965B
A6BFEBB0
AD154105
B36A965A
B9BFEBAF
C0154104
C66A9659
CCBFEBAE
D3154103
D96A9658
DFBFEBAD
E6154102
EC6A9657
F2BFEBAC
F9154101
FF6A9656
05BFEBAB
0C154100
126A9655
18BFEBAA
1F1540FF
256A9654
2BBFEBA9
321540FE
386A9653
3EBFEBA8
451540FD
4B6A9652
51BFEBA7
581540FC
5E6A9651
64BFEBA6
6B1540FB
716A9650
77BFEBA5
7E1540FA
846A964F
8ABFEBA4
911540F9
976A964E
9DBFEBA3
A41540F8
AA6A964D
B0BFEBA2
B71540F7
BD6A964C
C3BFEBA1
CA1540F6
D06A964B
D6BFEBA0
DD1540F5
E36A964A
E9BFEB9F
F01540F4
F66A9649
FCBFEB9E
031540F3
096A9648
0FBFEB9D
161540F2
1C6A9647
22BFEB9C
291540F1
2F6A9646
35BFEB9B
3C1540F0
426A9645
48BFEB9A
4F1540EF
556A9644
5BBFEB99
621540EE
686A9643
6EBFEB98
751540ED
7B6A9642
81BFEB97
881540EC
8E6A9641
94BFEB96
9B1540EB
A16A9640
A7BFEB95
AE1540EA
B46A963F
BABFEB94
C11540E9
C76A963E
CDBFEB93
D41540E8
DA6A963D
E0BFEB92
E71540E7
ED6A963C
F3BFEB91
FA1540E6
006A963B
06BFEB90
0D1540E5
136A963A
19BFEB8F
201540E4
266A9639
2CBFEB8E
331540E3
396A9638
3FBFEB8D
461540E2
4C6A9637
52BFEB8C
591540E1
5F6A9636
65BFEB8B
6C1540E0
726A9635
78BFEB8A
7F1540DF
856A9634
8BBFEB89
921540DE
986A9633
9EBFEB88
A51540DD
AB6A9632
B1BFEB87
B81540DC
BE6A9631
C4BFEB86
CB1540DB
D16A9630
D7BFEB85
DE1540DA
E46A962F
EABFEB84
F11540D9
F76A962E
FDBFEB83
041540D8
0A6A962D
10BFEB82
171540D7
1D6A962C
23BFEB81
2A1540D6
306A962B
36BFEB80
3D1540D5
436A962A
49BFEB7F
501540D4
566A9629
5CBFEB7E
631540D3
696A9628
6FBFEB7D
761540D2
7C6A9627
82BFEB7C
891540D1
8F6A9626
95BFEB7B
9C1540D0
A26A9625
A8BFEB7A
AF1540CF
B56A9624
BBBFEB79
C21540CE
C86A9623
CEBFEB78
D51540CD
DB6A9622
E1BFEB77
E81540CC
EE6A9621
F4BFEB76
FB1540CB
016A9620
07BFEB75
0E1540CA
146A961F
1ABFEB74
211540C9
276A961E
2DBFEB73
341540C8
3A6A961D
40BFEB72
471540C7
4D6A961C
53BFEB71
5A1540C6
606A961B
66BFEB70
6D1540C5
736A961A
79BFEB6F
801540C4
866A9619
8CBFEB6E
931540C3
996A9618
9FBFEB6D
A61540C2
AC6A9617
B2BFEB6C
B91540C1
BF6A9616
C5BFEB6B
CC1540C0
D26A9615
D8BFEB6A
DF1540BF
E56A9614
EBBFEB69
F21540BE
F86A9613
FEBFEB68
051540BD
0B6A9612
11BFEB67
181540BC
1E6A9611
24BFEB66
2B1540BB
316A9610
37BFEB65
3E1540BA
446A960F
4ABFEB64
511540B9
576A960E
5DBFEB63
641540B8
6A6A960D
70BFEB62
771540B7
7D6A960C
83BFEB61
8A1540B6
906A960B
96BFEB60
9D1540B5
A36A960A
A9BFEB5F
B01540B4
B66A9609
BCBFEB5E
C31540B3
C96A9608
CFBFEB5D
D61540B2
DC6A9607
E2BFEB5C
E91540B1
EF6A9606
F5BFEB5B
FC1540B0
026A9605
08BFEB5A
0F1540AF
156A9604
1BBFEB59
221540AE
286A9603
2EBFEB58
351540AD
3B6A9602
41BFEB57
481540AC
4E6A9601
54BFEB56
5B1540AB
616A9600
67BFEB55
6E1540AA
746A95FF
7ABFEB54
811540A9
876A95FE
8DBFEB53
941540A8
9A6A95FD
A0BFEB52
A71540A7
AD6A95FC
B3BFEB51
BA1540A6
C06A95FB
C6BFEB50
CD1540A5
D36A95FA
D9BFEB4F
E01540A4
E66A95F9
ECBFEB4E
F31540A3
F96A95F8
FFBFEB4D
061540A2
0C6A95F7
12BFEB4C
191540A1
1F6A95F6
25BFEB4B
2C1540A0
326A95F5
38BFEB4A
3F15409F
456A95F4
4BBFEB49
5215409E
586A95F3
5EBFEB48
6515409D
6B6A95F2
71BFEB47
7815409C
7E6A95F1
84BFEB46
8B15409B
916A95F0
97BFEB45
9E15409A
A46A95EF
AABFEB44
B1154099
B76A95EE
BDBFEB43
C4154098
CA6A95ED
D0BFEB42
D7154097
DD6A95EC
E3BFEB41
EA154096
F06A95EB
F6BFEB40
FD154095
036A95EA
09BFEB3F
10154094
166A95E9
1CBFEB3E
23154093
296A95E8
2FBFEB3D
36154092
3C6A95E7
42BFEB3C
49154091
4F6A95E6
55BFEB3B
5C154090
626A95E5
68BFEB3A
6F15408F
756A95E4
7BBFEB39
8215408E
886A95E3
8EBFEB38
9515408D
9B6A95E2
A1BFEB37
A815408C
AE6A95E1
B4BFEB36
BB15408B
C16A95E0
C7BFEB35
CE15408A
D46A95DF
DABFEB34
E1154089
E76A95DE
EDBFEB33
F4154088
FA6A95DD
00BFEB32
07154087
0D6A95DC
13BFEB31
1A154086
206A95DB
26BFEB30
2D154085
336A95DA
39BFEB2F
40154084
466A95D9
4CBFEB2E
53154083
596A95D8
5FBFEB2D
66154082
6C6A95D7
72BFEB2C
79154081
7F6A95D6
85BFEB2B
8C154080
926A95D5
98BFEB2A
9F15407F
A56A95D4
ABBFEB29
B215407E
B86A95D3
BEBFEB28
C515407D
CB6A95D2
D1BFEB27
D815407C
DE6A95D1
E4BFEB26
EB15407B
F16A95D0
F7BFEB25
FE15407A
046A95CF
0ABFEB24
11154079
176A95CE
1DBFEB23
24154078
2A6A95CD
30BFEB22
37154077
3D6A95CC
43BFEB21
4A154076
506A95CB
56BFEB20
5D154075
636A95CA
69BFEB1F
70154074
766A95C9
7CBFEB1E
83154073
896A95C8
8FBFEB1D
96154072
9C6A95C7
A2BFEB1C
A9154071
AF6A95C6
B5BFEB1B
BC154070
C26A95C5
C8BFEB1A
CF15406F
D56A95C4
DBBFEB19
E215406E
E86A95C3
EEBFEB18
F515406D
FB6A95C2
01BFEB17
0815406C
0E6A95C1
14BFEB16
1B15406B
216A95C0
27BFEB15
2E15406A
346A95BF
3ABFEB14
41154069
476A95BE
4DBFEB13
54154068
5A6A95BD
60BFEB12
67154067
6D6A95BC
73BFEB11
7A154066
806A95BB
86BFEB10
8D154065
936A95BA
99BFEB0F
A0154064
A66A95B9
ACBFEB0E
B3154063
B96A95B8
BFBFEB0D
C6154062
CC6A95B7
D2BFEB0C
D9154061
DF6A95B6
E5BFEB0B
EC154060
F26A95B5
F8BFEB0A
FF15405F
056A95B4
0BBFEB09
1215405E
186A95B3
1EBFEB08
2515405D
2B6A95B2
31BFEB07
3815405C
3E6A95B1
44BFEB06
4B15405B
516A95B0
57BFEB05
5E15405A
646A95AF
6ABFEB04
71154059
776A95AE
7DBFEB03
84154058
8A6A95AD
90BFEB02
97154057
9D6A95AC
A3BFEB01
AA154056
B06A95AB
B6BFEB00
BD154055
C36A95AA
C9BFEAFF
D0154054
D66A95A9
DCBFEAFE
E3154053
E96A95A8
EFBFEAFD
F6154052
FC6A95A7
02BFEAFC
09154051
0F6A95A6
15BFEAFB
1C154050
226A95A5
28BFEAFA
2F15404F
356A95A4
3BBFEAF9
4215404E
486A95A3
4EBFEAF8
5515404D
5B6A95A2
61BFEAF7
6815404C
6E6A95A1
74BFEAF6
7B15404B
816A95A0
87BFEAF5
8E15404A
946A959F
9ABFEAF4
A1154049
A76A959E
ADBFEAF3
B4154048
BA6A959D
C0BFEAF2
C7154047
CD6A959C
D3BFEAF1
DA154046
E06A959B
E6BFEAF0
ED154045
F36A959A
F9BFEAEF
00154044
066A9599
0CBFEAEE
13154043
196A9598
1FBFEAED
26154042
2C6A9597
32BFEAEC
39154041
3F6A9596
45BFEAEB
4C154040
526A9595
58BFEAEA
5F15403F
656A9594
6BBFEAE9
7215403E
786A9593
7EBFEAE8
8515403D
8B6A9592
91BFEAE7
9815403C
9E6A9591
A4BFEAE6
AB15403B
B16A9590
B7BFEAE5
BE15403A
C46A958F
CABFEAE4
D1154039
D76A958E
DDBFEAE3
E4154038
EA6A958D
F0BFEAE2
F7154037
FD6A958C
03BFEAE1
0A154036
106A958B
16BFEAE0
1D154035
236A958A
29BFEADF
30154034
366A9589
3CBFEADE
43154033
496A9588
4FBFEADD
56154032
5C6A9587
62BFEADC
69154031
6F6A9586
75BFEADB
7C154030
826A9585
88BFEADA
8F15402F
956A9584
9BBFEAD9
A215402E
A86A9583
AEBFEAD8
B515402D
BB6A9582
C1BFEAD7
C815402C
CE6A9581
D4BFEAD6
DB15402B
E16A9580
E7BFEAD5
EE15402A
F46A957F
FABFEAD4
01154029
076A957E
0DBFEAD3
14154028
1A6A957D
20BFEAD2
27154027
2D6A957C
33BFEAD1
3A154026
406A957B
46BFEAD0
4D154025
536A957A
59BFEACF
60154024
666A9579
6CBFEACE
73154023
796A9578
7FBFEACD
86154022
8C6A9577
92BFEACC
99154021
9F6A9576
A5BFEACB
AC154020
B26A9575
B8BFEACA
BF15401F
C56A9574
CBBFEAC9
D215401E
D86A9573
DEBFEAC8
E515401D
EB6A9572
F1BFEAC7
F815401C
FE6A9571
04BFEAC6
0B15401B
116A9570
17BFEAC5
1E15401A
246A956F
2ABFEAC4
31154019
376A956E
3DBFEAC3
44154018
4A6A956D
50BFEAC2
57154017
5D6A956C
63BFEAC1
6A154016
706A956B
76BFEAC0
7D154015
836A956A
89BFEABF
90154014
966A9569
9CBFEABE
A3154013
A96A9568
AFBFEABD
B6154012
BC6A9567
C2BFEABC
C9154011
CF6A9566
D5BFEABB
DC154010
E26A9565
E8BFEABA
EF15400F
F56A9564
FBBFEAB9
0215400E
086A9563
0EBFEAB8
1515400D
1B6A9562
21BFEAB7
2815400C
2E6A9561
34BFEAB6
3B15400B
416A9560
47BFEAB5
4E15400A
546A955F
5ABFEAB4
61154009
676A955E
6DBFEAB3
74154008
7A6A955D
80BFEAB2
87154007
8D6A955C
93BFEAB1
9A154006
A06A955B
A6BFEAB0
AD154005
B36A955A
B9BFEAAF
C0154004
C66A9559
CCBFEAAE
D3154003
D96A9558
DFBFEAAD
E6154002
EC6A9557
F2BFEAAC
F9154001
FF6A9556
05BFEAAB
0C154000
126A9555
18BFEAAA
1F153FFF
256A9554
2BBFEAA9
32153FFE
386A9553
3EBFEAA8
45153FFD
4B6A9552
51BFEAA7
58153FFC
5E6A9551
64BFEAA6
6B153FFB
716A9550
77BFEAA5
7E153FFA
846A954F
8ABFEAA4
91153FF9
976A954E
9DBFEAA3
A4153FF8
AA6A954D
B0BFEAA2
B7153FF7
BD6A954C
C3BFEAA1
CA153FF6
D06A954B
D6BFEAA0
DD153FF5
E36A954A
E9BFEA9F
F0153FF4
F66A9549
FCBFEA9E
03153FF3
096A9548
0FBFEA9D
16153FF2
1C6A9547
22BFEA9C
29153FF1
2F6A9546
35BFEA9B
3C153FF0
426A9545
48BFEA9A
4F153FEF
556A9544
5BBFEA99
62153FEE
686A9543
6EBFEA98
75153FED
7B6A9542
81BFEA97
88153FEC
8E6A9541
94BFEA96
9B153FEB
A16A9540
A7BFEA95
AE153FEA
B46A953F
BABFEA94
C1153FE9
C76A953E
CDBFEA93
D4153FE8
DA6A953D
E0BFEA92
E7153FE7
ED6A953C
F3BFEA91
FA153FE6
006A953B
06BFEA90
0D153FE5
136A953A
19BFEA8F
20153FE4
266A9539
2CBFEA8E
33153FE3
396A9538
3FBFEA8D
46153FE2
4C6A9537
52BFEA8C
59153FE1
5F6A9536
65BFEA8B
6C153FE0
726A9535
78BFEA8A
7F153FDF
856A9534
8BBFEA89
92153FDE
986A9533
9EBFEA88
A5153FDD
AB6A9532
B1BFEA87
B8153FDC
BE6A9531
C4BFEA86
CB153FDB
D16A9530
D7BFEA85
DE153FDA
E46A952F
EABFEA84
F1153FD9
F76A952E
FDBFEA83
04153FD8
0A6A952D
10BFEA82
17153FD7
1D6A952C
23BFEA81
2A153FD6
306A952B
36BFEA80
3D153FD5
436A952A
49BFEA7F
50153FD4
566A9529
5CBFEA7E
63153FD3
696A9528
6FBFEA7D
76153FD2
7C6A9527
82BFEA7C
89153FD1
8F6A9526
95BFEA7B
9C153FD0
A26A9525
A8BFEA7A
AF153FCF
B56A9524
BBBFEA79
C2153FCE
C86A9523
CEBFEA78
D5153FCD
DB6A9522
E1BFEA77
E8153FCC
EE6A9521
F4BFEA76
FB153FCB
016A9520
07BFEA75
0E153FCA
146A951F
1ABFEA74
21153FC9
276A951E
2DBFEA73
34153FC8
3A6A951D
40BFEA72
47153FC7
4D6A951C
53BFEA71
5A153FC6
606A951B
66BFEA70
6D153FC5
736A951A
79BFEA6F
80153FC4
866A9519
8CBFEA6E
93153FC3
996A9518
9FBFEA6D
A6153FC2
AC6A9517
B2BFEA6C
B9153FC1
BF6A9516
C5BFEA6B
CC153FC0
D26A9515
D8BFEA6A
DF153FBF
E56A9514
EBBFEA69
F2153FBE
F86A9513
FEBFEA68
05153FBD
0B6A9512
11BFEA67
18153FBC
1E6A9511
24BFEA66
2B153FBB
316A9510
37BFEA65
3E153FBA
446A950F
4ABFEA64
51153FB9
576A950E
5DBFEA63
64153FB8
6A6A950D
70BFEA62
77153FB7
7D6A950C
83BFEA61
8A153FB6
906A950B
96BFEA60
9D153FB5
A36A950A
A9BFEA5F
B0153FB4
B66A9509
BCBFEA5E
C3153FB3
C96A9508
CFBFEA5D
D6153FB2
DC6A9507
E2BFEA5C
E9153FB1
EF6A9506
F5BFEA5B
FC153FB0
026A9505
08BFEA5A
0F153FAF
156A9504
1BBFEA59
22153FAE
286A9503
2EBFEA58
35153FAD
3B6A9502
41BFEA57
48153FAC
4E6A9501
54BFEA56
5B153FAB
616A9500
67BFEA55
6E153FAA
746A94FF
7ABFEA54
81153FA9
876A94FE
8DBFEA53
94153FA8
9A6A94FD
A0BFEA52
A7153FA7
AD6A94FC
B3BFEA51
BA153FA6
C06A94FB
C6BFEA50
CD153FA5
D36A94FA
D9BFEA4F
E0153FA4
E66A94F9
ECBFEA4E
F3153FA3
F96A94F8
FFBFEA4D
06153FA2
0C6A94F7
12BFEA4C
19153FA1
1F6A94F6
25BFEA4B
2C153FA0
326A94F5
38BFEA4A
3F153F9F
456A94F4
4BBFEA49
52153F9E
586A94F3
5EBFEA48
65153F9D
6B6A94F2
71BFEA47
78153F9C
7E6A94F1
84BFEA46
8B153F9B
916A94F0
97BFEA45
9E153F9A
A46A94EF
AABFEA44
B1153F99
B76A94EE
BDBFEA43
C4153F98
CA6A94ED
D0BFEA42
D7153F97
DD6A94EC
E3BFEA41
EA153F96
F06A94EB
F6BFEA40
FD153F95
036A94EA
09BFEA3F
10153F94
166A94E9
1CBFEA3E
23153F93
296A94E8
2FBFEA3D
36153F92
3C6A94E7
42BFEA3C
49153F91
4F6A94E6
55BFEA3B
5C153F90
626A94E5
68BFEA3A
6F153F8F
756A94E4
7BBFEA39
82153F8E
886A94E3
8EBFEA38
95153F8D
9B6A94E2
A1BFEA37
A8153F8C
AE6A94E1
B4BFEA36
BB153F8B
C16A94E0
C7BFEA35
CE153F8A
D46A94DF
DABFEA34
E1153F89
E76A94DE
EDBFEA33
F4153F88
FA6A94DD
00BFEA32
07153F87
0D6A94DC
13BFEA31
1A153F86
206A94DB
26BFEA30
2D153F85
336A94DA
39BFEA2F
40153F84
466A94D9
4CBFEA2E
53153F83
596A94D8
5FBFEA2D
66153F82
6C6A94D7
72BFEA2C
79153F81
7F6A94D6
85BFEA2B
8C153F80
926A94D5
98BFEA2A
9F153F7F
A56A94D4
ABBFEA29
B2153F7E
B86A94D3
BEBFEA28
C5153F7D
CB6A94D2
D1BFEA27
D8153F7C
DE6A94D1
E4BFEA26
EB153F7B
F16A94D0
F7BFEA25
FE153F7A
046A94CF
0ABFEA24
11153F79
176A94CE
1DBFEA23
24153F78
2A6A94CD
30BFEA22
37153F77
3D6A94CC
43BFEA21
4A153F76
506A94CB
56BFEA20
5D153F75
636A94CA
69BFEA1F
70153F74
766A94C9
7CBFEA1E
83153F73
896A94C8
8FBFEA1D
96153F72
9C6A94C7
A2BFEA1C
A9153F71
AF6A94C6
B5BFEA1B
BC153F70
C26A94C5
C8BFEA1A
CF153F6F
D56A94C4
DBBFEA19
E2153F6E
E86A94C3
EEBFEA18
F5153F6D
FB6A94C2
01BFEA17
08153F6C
0E6A94C1
14BFEA16
1B153F6B
216A94C0
27BFEA15
2E153F6A
346A94BF
3ABFEA14
41153F69
476A94BE
4DBFEA13
54153F68
5A6A94BD
60BFEA12
67153F67
6D6A94BC
73BFEA11
7A153F66
806A94BB
86BFEA10
8D153F65
936A94BA
99BFEA0F
A0153F64
A66A94B9
ACBFEA0E
B3153F63
B96A94B8
BFBFEA0D
C6153F62
CC6A94B7
D2BFEA0C
D9153F61
DF6A94B6
E5BFEA0B
EC153F60
F26A94B5
F8BFEA0A
FF153F5F
056A94B4
0BBFEA09
12153F5E
186A94B3
1EBFEA08
25153F5D
2B6A94B2
31BFEA07
38153F5C
3E6A94B1
44BFEA06
4B153F5B
516A94B0
57BFEA05
5E153F5A
646A94AF
6ABFEA04
71153F59
776A94AE
7DBFEA03
84153F58
8A6A94AD
90BFEA02
97153F57
9D6A94AC
A3BFEA01
AA153F56
B06A94AB
B6BFEA00
BD153F55
C36A94AA
C9BFE9FF
D0153F54
D66A94A9
DCBFE9FE
E3153F53
E96A94A8
EFBFE9FD
F6153F52
FC6A94A7
02BFE9FC
09153F51
0F6A94A6
15BFE9FB
1C153F50
226A94A5
28BFE9FA
2F153F4F
356A94A4
3BBFE9F9
42153F4E
486A94A3
4EBFE9F8
55153F4D
5B6A94A2
61BFE9F7
68153F4C
6E6A94A1
74BFE9F6
7B153F4B
816A94A0
87BFE9F5
8E153F4A
946A949F
9ABFE9F4
A1153F49
A76A949E
ADBFE9F3
B4153F48
BA6A949D
C0BFE9F2
C7153F47
CD6A949C
D3BFE9F1
DA153F46
E06A949B
E6BFE9F0
ED153F45
F36A949A
F9BFE9EF
00153F44
066A9499
0CBFE9EE
13153F43
196A9498
1FBFE9ED
26153F42
2C6A9497
32BFE9EC
39153F41
3F6A9496
45BFE9EB
4C153F40
526A9495
58BFE9EA
5F153F3F
656A9494
6BBFE9E9
72153F3E
786A9493
7EBFE9E8
85153F3D
8B6A9492
91BFE9E7
98153F3C
9E6A9491
A4BFE9E6
AB153F3B
B16A9490
B7BFE9E5
BE153F3A
C46A948F
CABFE9E4
D1153F39
D76A948E
DDBFE9E3
E4153F38
EA6A948D
F0BFE9E2
F7153F37
FD6A948C
03BFE9E1
0A153F36
106A948B
16BFE9E0
1D153F35
236A948A
29BFE9DF
30153F34
366A9489
3CBFE9DE
43153F33
496A9488
4FBFE9DD
56153F32
5C6A9487
62BFE9DC
69153F31
6F6A9486
75BFE9DB
7C153F30
826A9485
88BFE9DA
8F153F2F
956A9484
9BBFE9D9
A2153F2E
A86A9483
AEBFE9D8
B5153F2D
BB6A9482
C1BFE9D7
C8153F2C
CE6A9481
D4BFE9D6
DB153F2B
E16A9480
E7BFE9D5
EE153F2A
F46A947F
FABFE9D4
01153F29
076A947E
0DBFE9D3
14153F28
1A6A947D
20BFE9D2
27153F27
2D6A947C
33BFE9D1
3A153F26
406A947B
46BFE9D0
4D153F25
536A947A
59BFE9CF
60153F24
666A9479
6CBFE9CE
73153F23
796A9478
7FBFE9CD
86153F22
8C6A9477
92BFE9CC
99153F21
9F6A9476
A5BFE9CB
AC153F20
B26A9475
B8BFE9CA
BF153F1F
C56A9474
CBBFE9C9
D2153F1E
D86A9473
DEBFE9C8
E5153F1D
EB6A9472
F1BFE9C7
F8153F1C
FE6A9471
04BFE9C6
0B153F1B
116A9470
17BFE9C5
1E153F1A
246A946F
2ABFE9C4
31153F19
376A946E
3DBFE9C3
44153F18
4A6A946D
50BFE9C2
57153F17
5D6A946C
63BFE9C1
6A153F16
706A946B
76BFE9C0
7D153F15
836A946A
89BFE9BF
90153F14
966A9469
9CBFE9BE
A3153F13
A96A9468
AFBFE9BD
B6153F12
BC6A9467
C2BFE9BC
C9153F11
CF6A9466
D5BFE9BB
DC153F10
E26A9465
E8BFE9BA
EF153F0F
F56A9464
FBBFE9B9
02153F0E
086A9463
0EBFE9B8
15153F0D
1B6A9462
21BFE9B7
28153F0C
2E6A9461
34BFE9B6
3B153F0B
416A9460
47BFE9B5
4E153F0A
546A945F
5ABFE9B4
61153F09
676A945E
6DBFE9B3
74153F08
7A6A945D
80BFE9B2
87153F07
8D6A945C
93BFE9B1
9A153F06
A06A945B
A6BFE9B0
AD153F05
B36A945A
B9BFE9AF
C0153F04
C66A9459
CCBFE9AE
D3153F03
D96A9458
DFBFE9AD
E6153F02
EC6A9457
F2BFE9AC
F9153F01
FF6A9456
05BFE9AB
0C153F00
126A9455
18BFE9AA
1F153EFF
256A9454
2BBFE9A9
32153EFE
386A9453
3EBFE9A8
45153EFD
4B6A9452
51BFE9A7
58153EFC
5E6A9451
64BFE9A6
6B153EFB
716A9450
77BFE9A5
7E153EFA
846A944F
8ABFE9A4
91153EF9
976A944E
9DBFE9A3
A4153EF8
AA6A944D
B0BFE9A2
B7153EF7
BD6A944C
C3BFE9A1
CA153EF6
D06A944B
D6BFE9A0
DD153EF5
E36A944A
E9BFE99F
F0153EF4
F66A9449
FCBFE99E
03153EF3
096A9448
0FBFE99D
16153EF2
1C6A9447
22BFE99C
29153EF1
2F6A9446
35BFE99B
3C153EF0
426A9445
48BFE99A
4F153EEF
556A9444
5BBFE999
62153EEE
686A9443
6EBFE998
75153EED
7B6A9442
81BFE997
88153EEC
8E6A9441
94BFE996
9B153EEB
A16A9440
A7BFE995
AE153EEA
B46A943F
BABFE994
C1153EE9
C76A943E
CDBFE993
D4153EE8
DA6A943D
E0BFE992
E7153EE7
ED6A943C
F3BFE991
FA153EE6
006A943B
06BFE990
0D153EE5
136A943A
19BFE98F
20153EE4
266A9439
2CBFE98E
33153EE3
396A9438
3FBFE98D
46153EE2
4C6A9437
52BFE98C
59153EE1
5F6A9436
65BFE98B
6C153EE0
726A9435
78BFE98A
7F153EDF
856A9434
8BBFE989
92153EDE
986A9433
9EBFE988
A5153EDD
AB6A9432
B1BFE987
B8153EDC
BE6A9431
C4BFE986
CB153EDB
D16A9430
D7BFE985
DE153EDA
E46A942F
EABFE984
F1153ED9
F76A942E
FDBFE983
04153ED8
0A6A942D
10BFE982
17153ED7
1D6A942C
23BFE981
2A153ED6
306A942B
36BFE980
3D153ED5
436A942A
49BFE97F
50153ED4
566A9429
5CBFE97E
63153ED3
696A9428
6FBFE97D
76153ED2
7C6A9427
82BFE97C
89153ED1
8F6A9426
95BFE97B
9C153ED0
A26A9425
A8BFE97A
AF153ECF
B56A9424
BBBFE979
C2153ECE
C86A9423
CEBFE978
D5153ECD
DB6A9422
E1BFE977
E8153ECC
EE6A9421
F4BFE976
FB153ECB
016A9420
07BFE975
0E153ECA
146A941F
1ABFE974
21153EC9
276A941E
2DBFE973
34153EC8
3A6A941D
40BFE972
47153EC7
4D6A941C
53BFE971
5A153EC6
606A941B
66BFE970
6D153EC5
736A941A
79BFE96F
80153EC4
866A9419
8CBFE96E
93153EC3
996A9418
9FBFE96D
A6153EC2
AC6A9417
B2BFE96C
B9153EC1
BF6A9416
C5BFE96B
CC153EC0
D26A9415
D8BFE96A
DF153EBF
E56A9414
EBBFE969
F2153EBE
F86A9413
FEBFE968
05153EBD
0B6A9412
11BFE967
18153EBC
1E6A9411
24BFE966
2B153EBB
316A9410
37BFE965
3E153EBA
446A940F
4ABFE964
51153EB9
576A940E
5DBFE963
64153EB8
6A6A940D
70BFE962
77153EB7
7D6A940C
83BFE961
8A153EB6
906A940B
96BFE960
9D153EB5
A36A940A
A9BFE95F
B0153EB4
B66A9409
BCBFE95E
C3153EB3
C96A9408
CFBFE95D
D6153EB2
DC6A9407
E2BFE95C
E9153EB1
EF6A9406
F5BFE95B
FC153EB0
026A9405
08BFE95A
0F153EAF
156A9404
1BBFE959
22153EAE
286A9403
2EBFE958
35153EAD
3B6A9402
41BFE957
48153EAC
4E6A9401
54BFE956
5B153EAB
616A9400
67BFE955
6E153EAA
746A93FF
7ABFE954
81153EA9
876A93FE
8DBFE953
94153EA8
9A6A93FD
A0BFE952
A7153EA7
AD6A93FC
B3BFE951
BA153EA6
C06A93FB
C6BFE950
CD153EA5
D36A93FA
D9BFE94F
E0153EA4
E66A93F9
ECBFE94E
F3153EA3
F96A93F8
FFBFE94D
06153EA2
0C6A93F7
12BFE94C
19153EA1
1F6A93F6
25BFE94B
2C153EA0
326A93F5
38BFE94A
3F153E9F
456A93F4
4BBFE949
52153E9E
586A93F3
5EBFE948
65153E9D
6B6A93F2
71BFE947
78153E9C
7E6A93F1
84BFE946
8B153E9B
916A93F0
97BFE945
9E153E9A
A46A93EF
AABFE944
B1153E99
B76A93EE
BDBFE943
C4153E98
CA6A93ED
D0BFE942
D7153E97
DD6A93EC
E3BFE941
EA153E96
F06A93EB
F6BFE940
FD153E95
036A93EA
09BFE93F
10153E94
166A93E9
1CBFE93E
23153E93
296A93E8
2FBFE93D
36153E92
3C6A93E7
42BFE93C
49153E91
4F6A93E6
55BFE93B
5C153E90
626A93E5
68BFE93A
6F153E8F
756A93E4
7BBFE939
82153E8E
886A93E3
8EBFE938
95153E8D
9B6A93E2
A1BFE937
A8153E8C
AE6A93E1
B4BFE936
BB153E8B
C16A93E0
C7BFE935
CE153E8A
D46A93DF
DABFE934
E1153E89
E76A93DE
EDBFE933
F4153E88
FA6A93DD
00BFE932
07153E87
0D6A93DC
13BFE931
1A153E86
206A93DB
26BFE930
2D153E85
336A93DA
39BFE92F
40153E84
466A93D9
4CBFE92E
53153E83
596A93D8
5FBFE92D
66153E82
6C6A93D7
72BFE92C
79153E81
7F6A93D6
85BFE92B
8C153E80
926A93D5
98BFE92A
9F153E7F
A56A93D4
ABBFE929
B2153E7E
B86A93D3
BEBFE928
C5153E7D
CB6A93D2
D1BFE927
D8153E7C
DE6A93D1
E4BFE926
EB153E7B
F16A93D0
F7BFE925
FE153E7A
046A93CF
0ABFE924
11153E79
176A93CE
1DBFE923
24153E78
2A6A93CD
30BFE922
37153E77
3D6A93CC
43BFE921
4A153E76
506A93CB
56BFE920
5D153E75
636A93CA
69BFE91F
70153E74
766A93C9
7CBFE91E
83153E73
896A93C8
8FBFE91D
96153E72
9C6A93C7
A2BFE91C
A9153E71
AF6A93C6
B5BFE91B
BC153E70
C26A93C5
C8BFE91A
CF153E6F
D56A93C4
DBBFE919
E2153E6E
E86A93C3
EEBFE918
F5153E6D
FB6A93C2
01BFE917
08153E6C
0E6A93C1
14BFE916
1B153E6B
216A93C0
27BFE915
2E153E6A
346A93BF
3ABFE914
41153E69
476A93BE
4DBFE913
54153E68
5A6A93BD
60BFE912
67153E67
6D6A93BC
73BFE911
7A153E66
806A93BB
86BFE910
8D153E65
936A93BA
99BFE90F
A0153E64
A66A93B9
ACBFE90E
B3153E63
B96A93B8
BFBFE90D
C6153E62
CC6A93B7
D2BFE90C
D9153E61
DF6A93B6
E5BFE90B
EC153E60
F26A93B5
F8BFE90A
FF153E5F
056A93B4
0BBFE909
12153E5E
186A93B3
1EBFE908
25153E5D
2B6A93B2
31BFE907
38153E5C
3E6A93B1
44BFE906
4B153E5B
516A93B0
57BFE905
5E153E5A
646A93AF
6ABFE904
71153E59
776A93AE
7DBFE903
84153E58
8A6A93AD
90BFE902
97153E57
9D6A93AC
A3BFE901
AA153E56
B06A93AB
B6BFE900
BD153E55
C36A93AA
C9BFE8FF
D0153E54
D66A93A9
DCBFE8FE
E3153E53
E96A93A8
EFBFE8FD
F6153E52
FC6A93A7
02BFE8FC
09153E51
0F6A93A6
15BFE8FB
1C153E50
226A93A5
28BFE8FA
2F153E4F
356A93A4
3BBFE8F9
42153E4E
486A93A3
4EBFE8F8
55153E4D
5B6A93A2
61BFE8F7
68153E4C
6E6A93A1
74BFE8F6
7B153E4B
816A93A0
87BFE8F5
8E153E4A
946A939F
9ABFE8F4
A1153E49
A76A939E
ADBFE8F3
B4153E48
BA6A939D
C0BFE8F2
C7153E47
CD6A939C
D3BFE8F1
DA153E46
E06A939B
E6BFE8F0
ED153E45
F36A939A
F9BFE8EF
00153E44
066A9399
0CBFE8EE
13153E43
196A9398
1FBFE8ED
26153E42
2C6A9397
32BFE8EC
39153E41
3F6A9396
45BFE8EB
4C153E40
526A9395
58BFE8EA
5F153E3F
656A9394
6BBFE8E9
72153E3E
786A9393
7EBFE8E8
85153E3D
8B6A9392
91BFE8E7
98153E3C
9E6A9391
A4BFE8E6
AB153E3B
B16A9390
B7BFE8E5
BE153E3A
C46A938F
CABFE8E4
D1153E39
D76A938E
DDBFE8E3
E4153E38
EA6A938D
F0BFE8E2
F7153E37
FD6A938C
03BFE8E1
0A153E36
106A938B
16BFE8E0
1D153E35
236A938A
29BFE8DF
30153E34
366A9389
3CBFE8DE
43153E33
496A9388
4FBFE8DD
56153E32
5C6A9387
62BFE8DC
69153E31
6F6A9386
75BFE8DB
7C153E30
826A9385
88BFE8DA
8F153E2F
956A9384
9BBFE8D9
A2153E2E
A86A9383
AEBFE8D8
B5153E2D
BB6A9382
C1BFE8D7
C8153E2C
CE6A9381
D4BFE8D6
DB153E2B
E16A9380
E7BFE8D5
EE153E2A
F46A937F
FABFE8D4
01153E29
076A937E
0DBFE8D3
14153E28
1A6A937D
20BFE8D2
27153E27
2D6A937C
33BFE8D1
3A153E26
406A937B
46BFE8D0
4D153E25
536A937A
59BFE8CF
60153E24
666A9379
6CBFE8CE
73153E23
796A9378
7FBFE8CD
86153E22
8C6A9377
92BFE8CC
99153E21
9F6A9376
A5BFE8CB
AC153E20
B26A9375
B8BFE8CA
BF153E1F
C56A9374
CBBFE8C9
D2153E1E
D86A9373
DEBFE8C8
E5153E1D
EB6A9372
F1BFE8C7
F8153E1C
FE6A9371
04BFE8C6
0B153E1B
116A9370
17BFE8C5
1E153E1A
246A936F
2ABFE8C4
31153E19
376A936E
3DBFE8C3
44153E18
4A6A936D
50BFE8C2
57153E17
5D6A936C
63BFE8C1
6A153E16
706A936B
76BFE8C0
7D153E15
836A936A
89BFE8BF
90153E14
966A9369
9CBFE8BE
A3153E13
A96A9368
AFBFE8BD
B6153E12
BC6A9367
C2BFE8BC
C9153E11
CF6A9366
D5BFE8BB
DC153E10
E26A9365
E8BFE8BA
EF153E0F
F56A9364
FBBFE8B9
02153E0E
086A9363
0EBFE8B8
15153E0D
1B6A9362
21BFE8B7
28153E0C
2E6A9361
34BFE8B6
3B153E0B
416A9360
47BFE8B5
4E153E0A
546A935F
5ABFE8B4
61153E09
676A935E
6DBFE8B3
74153E08
7A6A935D
80BFE8B2
87153E07
8D6A935C
93BFE8B1
9A153E06
A06A935B
A6BFE8B0
AD153E05
B36A935A
B9BFE8AF
C0153E04
C66A9359
CCBFE8AE
D3153E03
D96A9358
DFBFE8AD
E6153E02
EC6A9357
F2BFE8AC
F9153E01
FF6A9356
05BFE8AB
0C153E00
126A9355
18BFE8AA
1F153DFF
256A9354
2BBFE8A9
32153DFE
386A9353
3EBFE8A8
45153DFD
4B6A9352
51BFE8A7
58153DFC
5E6A9351
64BFE8A6
6B153DFB
716A9350
77BFE8A5
7E153DFA
846A934F
8ABFE8A4
91153DF9
976A934E
9DBFE8A3
A4153DF8
AA6A934D
B0BFE8A2
B7153DF7
BD6A934C
C3BFE8A1
CA153DF6
D06A934B
D6BFE8A0
DD153DF5
E36A934A
E9BFE89F
F0153DF4
F66A9349
FCBFE89E
03153DF3
096A9348
0FBFE89D
16153DF2
1C6A9347
22BFE89C
29153DF1
2F6A9346
35BFE89B
3C153DF0
426A9345
48BFE89A
4F153DEF
556A9344
5BBFE899
62153DEE
686A9343
6EBFE898
75153DED
7B6A9342
81BFE897
88153DEC
8E6A9341
94BFE896
9B153DEB
A16A9340
A7BFE895
AE153DEA
B46A933F
BABFE894
C1153DE9
C76A933E
CDBFE893
D4153DE8
DA6A933D
E0BFE892
E7153DE7
ED6A933C
F3BFE891
FA153DE6
006A933B
06BFE890
0D153DE5
136A933A
19BFE88F
20153DE4
266A9339
2CBFE88E
33153DE3
396A9338
3FBFE88D
46153DE2
4C6A9337
52BFE88C
59153DE1
5F6A9336
65BFE88B
6C153DE0
726A9335
78BFE88A
7F153DDF
856A9334
8BBFE889
92153DDE
986A9333
9EBFE888
A5153DDD
AB6A9332
B1BFE887
B8153DDC
BE6A9331
C4BFE886
CB153DDB
D16A9330
D7BFE885
DE153DDA
E46A932F
EABFE884
F1153DD9
F76A932E
FDBFE883
04153DD8
0A6A932D
10BFE882
17153DD7
1D6A932C
23BFE881
2A153DD6
306A932B
36BFE880
3D153DD5
436A932A
49BFE87F
50153DD4
566A9329
5CBFE87E
63153DD3
696A9328
6FBFE87D
76153DD2
7C6A9327
82BFE87C
89153DD1
8F6A9326
95BFE87B
9C153DD0
A26A9325
A8BFE87A
AF153DCF
B56A9324
BBBFE879
C2153DCE
C86A9323
CEBFE878
D5153DCD
DB6A9322
E1BFE877
E8153DCC
EE6A9321
F4BFE876
FB153DCB
016A9320
07BFE875
0E153DCA
146A931F
1ABFE874
21153DC9
276A931E
2DBFE873
34153DC8
3A6A931D
40BFE872
47153DC7
4D6A931C
53BFE871
5A153DC6
606A931B
66BFE870
6D153DC5
736A931A
79BFE86F
80153DC4
866A9319
8CBFE86E
93153DC3
996A9318
9FBFE86D
A6153DC2
AC6A9317
B2BFE86C
B9153DC1
BF6A9316
C5BFE86B
CC153DC0
D26A9315
D8BFE86A
DF153DBF
E56A9314
EBBFE869
F2153DBE
F86A9313
FEBFE868
05153DBD
0B6A9312
11BFE867
18153DBC
1E6A9311
24BFE866
2B153DBB
316A9310
37BFE865
3E153DBA
446A930F
4ABFE864
51153DB9
576A930E
5DBFE863
64153DB8
6A6A930D
70BFE862
77153DB7
7D6A930C
83BFE861
8A153DB6
906A930B
96BFE860
9D153DB5
A36A930A
A9BFE85F
B0153DB4
B66A9309
BCBFE85E
C3153DB3
C96A9308
CFBFE85D
D6153DB2
DC6A9307
E2BFE85C
E9153DB1
EF6A9306
F5BFE85B
FC153DB0
026A9305
08BFE85A
0F153DAF
156A9304
1BBFE859
22153DAE
286A9303
2EBFE858
35153DAD
3B6A9302
41BFE857
48153DAC
4E6A9301
54BFE856
5B153DAB
616A9300
67BFE855
6E153DAA
746A92FF
7ABFE854
81153DA9
876A92FE
8DBFE853
94153DA8
9A6A92FD
A0BFE852
A7153DA7
AD6A92FC
B3BFE851
BA153DA6
C06A92FB
C6BFE850
CD153DA5
D36A92FA
D9BFE84F
E0153DA4
E66A92F9
ECBFE84E
F3153DA3
F96A92F8
FFBFE84D
06153DA2
0C6A92F7
12BFE84C
19153DA1
1F6A92F6
25BFE84B
2C153DA0
326A92F5
38BFE84A
3F153D9F
456A92F4
4BBFE849
52153D9E
586A92F3
5EBFE848
65153D9D
6B6A92F2
71BFE847
78153D9C
7E6A92F1
84BFE846
8B153D9B
916A92F0
97BFE845
9E153D9A
A46A92EF
AABFE844
B1153D99
B76A92EE
BDBFE843
C4153D98
CA6A92ED
D0BFE842
D7153D97
DD6A92EC
E3BFE841
EA153D96
F06A92EB
F6BFE840
FD153D95
036A92EA
09BFE83F
10153D94
166A92E9
1CBFE83E
23153D93
296A92E8
2FBFE83D
36153D92
3C6A92E7
42BFE83C
49153D91
4F6A92E6
55BFE83B
5C153D90
626A92E5
68BFE83A
6F153D8F
756A92E4
7BBFE839
82153D8E
886A92E3
8EBFE838
95153D8D
9B6A92E2
A1BFE837
A8153D8C
AE6A92E1
B4BFE836
BB153D8B
C16A92E0
C7BFE835
CE153D8A
D46A92DF
DABFE834
E1153D89
E76A92DE
EDBFE833
F4153D88
FA6A92DD
00BFE832
07153D87
0D6A92DC
13BFE831
1A153D86
206A92DB
26BFE830
2D153D85
336A92DA
39BFE82F
40153D84
466A92D9
4CBFE82E
53153D83
596A92D8
5FBFE82D
66153D82
6C6A92D7
72BFE82C
79153D81
7F6A92D6
85BFE82B
8C153D80
926A92D5
98BFE82A
9F153D7F
A56A92D4
ABBFE829
B2153D7E
B86A92D3
BEBFE828
C5153D7D
CB6A92D2
D1BFE827
D8153D7C
DE6A92D1
E4BFE826
EB153D7B
F16A92D0
F7BFE825
FE153D7A
046A92CF
0ABFE824
11153D79
176A92CE
1DBFE823
24153D78
2A6A92CD
30BFE822
37153D77
3D6A92CC
43BFE821
4A153D76
506A92CB
56BFE820
5D153D75
636A92CA
69BFE81F
70153D74
766A92C9
7CBFE81E
83153D73
896A92C8
8FBFE81D
96153D72
9C6A92C7
A2BFE81C
A9153D71
AF6A92C6
B5BFE81B
BC153D70
C26A92C5
C8BFE81A
CF153D6F
D56A92C4
DBBFE819
E2153D6E
E86A92C3
EEBFE818
F5153D6D
FB6A92C2
01BFE817
08153D6C
0E6A92C1
14BFE816
1B153D6B
216A92C0
27BFE815
2E153D6A
346A92BF
3ABFE814
41153D69
476A92BE
4DBFE813
54153D68
5A6A92BD
60BFE812
67153D67
6D6A92BC
73BFE811
7A153D66
806A92BB
86BFE810
8D153D65
936A92BA
99BFE80F
A0153D64
A66A92B9
ACBFE80E
B3153D63
B96A92B8
BFBFE80D
C6153D62
CC6A92B7
D2BFE80C
D9153D61
DF6A92B6
E5BFE80B
EC153D60
F26A92B5
F8BFE80A
FF153D5F
056A92B4
0BBFE809
12153D5E
186A92B3
1EBFE808
25153D5D
2B6A92B2
31BFE807
38153D5C
3E6A92B1
44BFE806
4B153D5B
516A92B0
57BFE805
5E153D5A
646A92AF
6ABFE804
71153D59
776A92AE
7DBFE803
84153D58
8A6A92AD
90BFE802
97153D57
9D6A92AC
A3BFE801
AA153D56
B06A92AB
B6BFE800
BD153D55
C36A92AA
C9BFE7FF
D0153D54
D66A92A9
DCBFE7FE
E3153D53
E96A92A8
EFBFE7FD
F6153D52
FC6A92A7
02BFE7FC
09153D51
0F6A92A6
15BFE7FB
1C153D50
226A92A5
28BFE7FA
2F153D4F
356A92A4
3BBFE7F9
42153D4E
486A92A3
4EBFE7F8
55153D4D
5B6A92A2
61BFE7F7
68153D4C
6E6A92A1
74BFE7F6
7B153D4B
816A92A0
87BFE7F5
8E153D4A
946A929F
9ABFE7F4
A1153D49
A76A929E
ADBFE7F3
B4153D48
BA6A929D
C0BFE7F2
C7153D47
CD6A929C
D3BFE7F1
DA153D46
E06A929B
E6BFE7F0
ED153D45
F36A929A
F9BFE7EF
00153D44
066A9299
0CBFE7EE
13153D43
196A9298
1FBFE7ED
26153D42
2C6A9297
32BFE7EC
39153D41
3F6A9296
45BFE7EB
4C153D40
526A9295
58BFE7EA
5F153D3F
656A9294
6BBFE7E9
72153D3E
786A9293
7EBFE7E8
85153D3D
8B6A9292
91BFE7E7
98153D3C
9E6A9291
A4BFE7E6
AB153D3B
B16A9290
B7BFE7E5
BE153D3A
C46A928F
CABFE7E4
D1153D39
D76A928E
DDBFE7E3
E4153D38
EA6A928D
F0BFE7E2
F7153D37
FD6A928C
03BFE7E1
0A153D36
106A928B
16BFE7E0
1D153D35
236A928A
29BFE7DF
30153D34
366A9289
3CBFE7DE
43153D33
496A9288
4FBFE7DD
56153D32
5C6A9287
62BFE7DC
69153D31
6F6A9286
75BFE7DB
7C153D30
826A9285
88BFE7DA
8F153D2F
956A9284
9BBFE7D9
A2153D2E
A86A9283
AEBFE7D8
B5153D2D
BB6A9282
C1BFE7D7
C8153D2C
CE6A9281
D4BFE7D6
DB153D2B
E16A9280
E7BFE7D5
EE153D2A
F46A927F
FABFE7D4
01153D29
076A927E
0DBFE7D3
14153D28
1A6A927D
20BFE7D2
27153D27
2D6A927C
33BFE7D1
3A153D26
406A927B
46BFE7D0
4D153D25
536A927A
59BFE7CF
60153D24
666A9279
6CBFE7CE
73153D23
796A9278
7FBFE7CD
86153D22
8C6A9277
92BFE7CC
99153D21
9F6A9276
A5BFE7CB
AC153D20
B26A9275
B8BFE7CA
BF153D1F
C56A9274
CBBFE7C9
D2153D1E
D86A9273
DEBFE7C8
E5153D1D
EB6A9272
F1BFE7C7
F8153D1C
FE6A9271
04BFE7C6
0B153D1B
116A9270
17BFE7C5
1E153D1A
246A926F
2ABFE7C4
31153D19
376A926E
3DBFE7C3
44153D18
4A6A926D
50BFE7C2
57153D17
5D6A926C
63BFE7C1
6A153D16
706A926B
76BFE7C0
7D153D15
836A926A
89BFE7BF
90153D14
966A9269
9CBFE7BE
A3153D13
A96A9268
AFBFE7BD
B6153D12
BC6A9267
C2BFE7BC
C9153D11
CF6A9266
D5BFE7BB
DC153D10
E26A9265
E8BFE7BA
EF153D0F
F56A9264
FBBFE7B9
02153D0E
086A9263
0EBFE7B8
15153D0D
1B6A9262
21BFE7B7
28153D0C
2E6A9261
34BFE7B6
3B153D0B
416A9260
47BFE7B5
4E153D0A
546A925F
5ABFE7B4
61153D09
676A925E
6DBFE7B3
74153D08
7A6A925D
80BFE7B2
87153D07
8D6A925C
93BFE7B1
9A153D06
A06A925B
A6BFE7B0
AD153D05
B36A925A
B9BFE7AF
C0153D04
C66A9259
CCBFE7AE
D3153D03
D96A9258
DFBFE7AD
E6153D02
EC6A9257
F2BFE7AC
F9153D01
FF6A9256
05BFE7AB
0C153D00
126A9255
18BFE7AA
1F153CFF
256A9254
2BBFE7A9
32153CFE
386A9253
3EBFE7A8
45153CFD
4B6A9252
51BFE7A7
58153CFC
5E6A9251
64BFE7A6
6B153CFB
716A9250
77BFE7A5
7E153CFA
846A924F
8ABFE7A4
91153CF9
976A924E
9DBFE7A3
A4153CF8
AA6A924D
B0BFE7A2
B7153CF7
BD6A924C
C3BFE7A1
CA153CF6
D06A924B
D6BFE7A0
DD153CF5
E36A924A
E9BFE79F
F0153CF4
F66A9249
FCBFE79E
03153CF3
096A9248
0FBFE79D
16153CF2
1C6A9247
22BFE79C
29153CF1
2F6A9246
35BFE79B
3C153CF0
426A9245
48BFE79A
4F153CEF
556A9244
5BBFE799
62153CEE
686A9243
6EBFE798
75153CED
7B6A9242
81BFE797
88153CEC
8E6A9241
94BFE796
9B153CEB
A16A9240
A7BFE795
AE153CEA
B46A923F
BABFE794
C1153CE9
C76A923E
CDBFE793
D4153CE8
DA6A923D
E0BFE792
E7153CE7
ED6A923C
F3BFE791
FA153CE6
006A923B
06BFE790
0D153CE5
136A923A
19BFE78F
20153CE4
266A9239
2CBFE78E
33153CE3
396A9238
3FBFE78D
46153CE2
4C6A9237
52BFE78C
59153CE1
5F6A9236
65BFE78B
6C153CE0
726A9235
78BFE78A
7F153CDF
856A9234
8BBFE789
92153CDE
986A9233
9EBFE788
A5153CDD
AB6A9232
B1BFE787
B8153CDC
BE6A9231
C4BFE786
CB153CDB
D16A9230
D7BFE785
DE153CDA
E46A922F
EABFE784
F1153CD9
F76A922E
FDBFE783
04153CD8
0A6A922D
10BFE782
17153CD7
1D6A922C
23BFE781
2A153CD6
306A922B
36BFE780
3D153CD5
436A922A
49BFE77F
50153CD4
566A9229
5CBFE77E
63153CD3
696A9228
6FBFE77D
76153CD2
7C6A9227
82BFE77C
89153CD1
8F6A9226
95BFE77B
9C153CD0
A26A9225
A8BFE77A
AF153CCF
B56A9224
BBBFE779
C2153CCE
C86A9223
CEBFE778
D5153CCD
DB6A9222
E1BFE777
E8153CCC
EE6A9221
F4BFE776
FB153CCB
016A9220
07BFE775
0E153CCA
146A921F
1ABFE774
21153CC9
276A921E
2DBFE773
34153CC8
3A6A921D
40BFE772
47153CC7
4D6A921C
53BFE771
5A153CC6
606A921B
66BFE770
6D153CC5
736A921A
79BFE76F
80153CC4
866A9219
8CBFE76E
93153CC3
996A9218
9FBFE76D
A6153CC2
AC6A9217
B2BFE76C
B9153CC1
BF6A9216
C5BFE76B
CC153CC0
D26A9215
D8BFE76A
DF153CBF
E56A9214
EBBFE769
F2153CBE
F86A9213
FEBFE768
05153CBD
0B6A9212
11BFE767
18153CBC
1E6A9211
24BFE766
2B153CBB
316A9210
37BFE765
3E153CBA
446A920F
4ABFE764
51153CB9
576A920E
5DBFE763
64153CB8
6A6A920D
70BFE762
77153CB7
7D6A920C
83BFE761
8A153CB6
906A920B
96BFE760
9D153CB5
A36A920A
A9BFE75F
B0153CB4
B66A9209
BCBFE75E
C3153CB3
C96A9208
CFBFE75D
D6153CB2
DC6A9207
E2BFE75C
E9153CB1
EF6A9206
F5BFE75B
FC153CB0
026A9205
08BFE75A
0F153CAF
156A9204
1BBFE759
22153CAE
286A9203
2EBFE758
35153CAD
3B6A9202
41BFE757
48153CAC
4E6A9201
54BFE756
5B153CAB
616A9200
67BFE755
6E153CAA
746A91FF
7ABFE754
81153CA9
876A91FE
8DBFE753
94153CA8
9A6A91FD
A0BFE752
A7153CA7
AD6A91FC
B3BFE751
BA153CA6
C06A91FB
C6BFE750
CD153CA5
D36A91FA
D9BFE74F
E0153CA4
E66A91F9
ECBFE74E
F3153CA3
F96A91F8
FFBFE74D
06153CA2
0C6A91F7
12BFE74C
19153CA1
1F6A91F6
25BFE74B
2C153CA0
326A91F5
38BFE74A
3F153C9F
456A91F4
4BBFE749
52153C9E
586A91F3
5EBFE748
65153C9D
6B6A91F2
71BFE747
78153C9C
7E6A91F1
84BFE746
8B153C9B
916A91F0
97BFE745
9E153C9A
A46A91EF
AABFE744
B1153C99
B76A91EE
BDBFE743
C4153C98
CA6A91ED
D0BFE742
D7153C97
DD6A91EC
E3BFE741
EA153C96
F06A91EB
F6BFE740
FD153C95
036A91EA
09BFE73F
10153C94
166A91E9
1CBFE73E
23153C93
296A91E8
2FBFE73D
36153C92
3C6A91E7
42BFE73C
49153C91
4F6A91E6
55BFE73B
5C153C90
626A91E5
68BFE73A
6F153C8F
756A91E4
7BBFE739
82153C8E
886A91E3
8EBFE738
95153C8D
9B6A91E2
A1BFE737
A8153C8C
AE6A91E1
B4BFE736
BB153C8B
C16A91E0
C7BFE735
CE153C8A
D46A91DF
DABFE734
E1153C89
E76A91DE
EDBFE733
F4153C88
FA6A91DD
00BFE732
07153C87
0D6A91DC
13BFE731
1A153C86
206A91DB
26BFE730
2D153C85
336A91DA
39BFE72F
40153C84
466A91D9
4CBFE72E
53153C83
596A91D8
5FBFE72D
66153C82
6C6A91D7
72BFE72C
79153C81
7F6A91D6
85BFE72B
8C153C80
926A91D5
98BFE72A
9F153C7F
A56A91D4
ABBFE729
B2153C7E
B86A91D3
BEBFE728
C5153C7D
CB6A91D2
D1BFE727
D8153C7C
DE6A91D1
E4BFE726
EB153C7B
F16A91D0
F7BFE725
FE153C7A
046A91CF
0ABFE724
11153C79
176A91CE
1DBFE723
24153C78
2A6A91CD
30BFE722
37153C77
3D6A91CC
43BFE721
4A153C76
506A91CB
56BFE720
5D153C75
636A91CA
69BFE71F
70153C74
766A91C9
7CBFE71E
83153C73
896A91C8
8FBFE71D
96153C72
9C6A91C7
A2BFE71C
A9153C71
AF6A91C6
B5BFE71B
BC153C70
C26A91C5
C8BFE71A
CF153C6F
D56A91C4
DBBFE719
E2153C6E
E86A91C3
EEBFE718
F5153C6D
FB6A91C2
01BFE717
08153C6C
0E6A91C1
14BFE716
1B153C6B
216A91C0
27BFE715
2E153C6A
346A91BF
3ABFE714
41153C69
476A91BE
4DBFE713
54153C68
5A6A91BD
60BFE712
67153C67
6D6A91BC
73BFE711
7A153C66
806A91BB
86BFE710
8D153C65
936A91BA
99BFE70F
A0153C64
A66A91B9
ACBFE70E
B3153C63
B96A91B8
BFBFE70D
C6153C62
CC6A91B7
D2BFE70C
D9153C61
DF6A91B6
E5BFE70B
EC153C60
F26A91B5
F8BFE70A
FF153C5F
056A91B4
0BBFE709
12153C5E
186A91B3
1EBFE708
25153C5D
2B6A91B2
31BFE707
38153C5C
3E6A91B1
44BFE706
4B153C5B
516A91B0
57BFE705
5E153C5A
646A91AF
6ABFE704
71153C59
776A91AE
7DBFE703
84153C58
8A6A91AD
90BFE702
97153C57
9D6A91AC
A3BFE701
AA153C56
B06A91AB
B6BFE700
BD153C55
C36A91AA
C9BFE6FF
D0153C54
D66A91A9
DCBFE6FE
E3153C53
E96A91A8
EFBFE6FD
F6153C52
FC6A91A7
02BFE6FC
09153C51
0F6A91A6
15BFE6FB
1C153C50
226A91A5
28BFE6FA
2F153C4F
356A91A4
3BBFE6F9
42153C4E
486A91A3
4EBFE6F8
55153C4D
5B6A91A2
61BFE6F7
68153C4C
6E6A91A1
74BFE6F6
7B153C4B
816A91A0
87BFE6F5
8E153C4A
946A919F
9ABFE6F4
A1153C49
A76A919E
ADBFE6F3
B4153C48
BA6A919D
C0BFE6F2
C7153C47
CD6A919C
D3BFE6F1
DA153C46
E06A919B
E6BFE6F0
ED153C45
F36A919A
F9BFE6EF
00153C44
066A9199
0CBFE6EE
13153C43
196A9198
1FBFE6ED
26153C42
2C6A9197
32BFE6EC
39153C41
3F6A9196
45BFE6EB
4C153C40
526A9195
58BFE6EA
5F153C3F
656A9194
6BBFE6E9
72153C3E
786A9193
7EBFE6E8
85153C3D
8B6A9192
91BFE6E7
98153C3C
9E6A9191
A4BFE6E6
AB153C3B
B16A9190
B7BFE6E5
BE153C3A
C46A918F
CABFE6E4
D1153C39
D76A918E
DDBFE6E3
E4153C38
EA6A918D
F0BFE6E2
F7153C37
FD6A918C
03BFE6E1
0A153C36
106A918B
16BFE6E0
1D153C35
236A918A
29BFE6DF
30153C34
366A9189
3CBFE6DE
43153C33
496A9188
4FBFE6DD
56153C32
5C6A9187
62BFE6DC
69153C31
6F6A9186
75BFE6DB
7C153C30
826A9185
88BFE6DA
8F153C2F
956A9184
9BBFE6D9
A2153C2E
A86A9183
AEBFE6D8
B5153C2D
BB6A9182
C1BFE6D7
C8153C2C
CE6A9181
D4BFE6D6
DB153C2B
E16A9180
E7BFE6D5
EE153C2A
F46A917F
FABFE6D4
01153C29
076A917E
0DBFE6D3
14153C28
1A6A917D
20BFE6D2
27153C27
2D6A917C
33BFE6D1
3A153C26
406A917B
46BFE6D0
4D153C25
536A917A
59BFE6CF
60153C24
666A9179
6CBFE6CE
73153C23
796A9178
7FBFE6CD
86153C22
8C6A9177
92BFE6CC
99153C21
9F6A9176
A5BFE6CB
AC153C20
B26A9175
B8BFE6CA
BF153C1F
C56A9174
CBBFE6C9
D2153C1E
D86A9173
DEBFE6C8
E5153C1D
EB6A9172
F1BFE6C7
F8153C1C
FE6A9171
04BFE6C6
0B153C1B
116A9170
17BFE6C5
1E153C1A
246A916F
2ABFE6C4
31153C19
376A916E
3DBFE6C3
44153C18
4A6A916D
50BFE6C2
57153C17
5D6A916C
63BFE6C1
6A153C16
706A916B
76BFE6C0
7D153C15
836A916A
89BFE6BF
90153C14
966A9169
9CBFE6BE
A3153C13
A96A9168
AFBFE6BD
B6153C12
BC6A9167
C2BFE6BC
C9153C11
CF6A9166
D5BFE6BB
DC153C10
E26A9165
E8BFE6BA
EF153C0F
F56A9164
FBBFE6B9
02153C0E
086A9163
0EBFE6B8
15153C0D
1B6A9162
21BFE6B7
28153C0C
2E6A9161
34BFE6B6
3B153C0B
416A9160
47BFE6B5
4E153C0A
546A915F
5ABFE6B4
61153C09
676A915E
6DBFE6B3
74153C08
7A6A915D
80BFE6B2
87153C07
8D6A915C
93BFE6B1
9A153C06
A06A915B
A6BFE6B0
AD153C05
B36A915A
B9BFE6AF
C0153C04
C66A9159
CCBFE6AE
D3153C03
D96A9158
DFBFE6AD
E6153C02
EC6A9157
F2BFE6AC
F9153C01
FF6A9156
05BFE6AB
0C153C00
126A9155
18BFE6AA
1F153BFF
256A9154
2BBFE6A9
32153BFE
386A9153
3EBFE6A8
45153BFD
4B6A9152
51BFE6A7
58153BFC
5E6A9151
64BFE6A6
6B153BFB
716A9150
77BFE6A5
7E153BFA
846A914F
8ABFE6A4
91153BF9
976A914E
9DBFE6A3
A4153BF8
AA6A914D
B0BFE6A2
B7153BF7
BD6A914C
C3BFE6A1
CA153BF6
D06A914B
D6BFE6A0
DD153BF5
E36A914A
E9BFE69F
F0153BF4
F66A9149
FCBFE69E
03153BF3
096A9148
0FBFE69D
16153BF2
1C6A9147
22BFE69C
29153BF1
2F6A9146
35BFE69B
3C153BF0
426A9145
48BFE69A
4F153BEF
556A9144
5BBFE699
62153BEE
686A9143
6EBFE698
75153BED
7B6A9142
81BFE697
88153BEC
8E6A9141
94BFE696
9B153BEB
A16A9140
A7BFE695
AE153BEA
B46A913F
BABFE694
C1153BE9
C76A913E
CDBFE693
D4153BE8
DA6A913D
E0BFE692
E7153BE7
ED6A913C
F3BFE691
FA153BE6
006A913B
06BFE690
0D153BE5
136A913A
19BFE68F
20153BE4
266A9139
2CBFE68E
33153BE3
396A9138
3FBFE68D
46153BE2
4C6A9137
52BFE68C
59153BE1
5F6A9136
65BFE68B
6C153BE0
726A9135
78BFE68A
7F153BDF
856A9134
8BBFE689
92153BDE
986A9133
9EBFE688
A5153BDD
AB6A9132
B1BFE687
B8153BDC
BE6A9131
C4BFE686
CB153BDB
D16A9130
D7BFE685
DE153BDA
E46A912F
EABFE684
F1153BD9
F76A912E
FDBFE683
04153BD8
0A6A912D
10BFE682
17153BD7
1D6A912C
23BFE681
2A153BD6
306A912B
36BFE680
3D153BD5
436A912A
49BFE67F
50153BD4
566A9129
5CBFE67E
63153BD3
696A9128
6FBFE67D
76153BD2
7C6A9127
82BFE67C
89153BD1
8F6A9126
95BFE67B
9C153BD0
A26A9125
A8BFE67A
AF153BCF
B56A9124
BBBFE679
C2153BCE
C86A9123
CEBFE678
D5153BCD
DB6A9122
E1BFE677
E8153BCC
EE6A9121
F4BFE676
FB153BCB
016A9120
07BFE675
0E153BCA
146A911F
1ABFE674
21153BC9
276A911E
2DBFE673
34153BC8
3A6A911D
40BFE672
47153BC7
4D6A911C
53BFE671
5A153BC6
606A911B
66BFE670
6D153BC5
736A911A
79BFE66F
80153BC4
866A9119
8CBFE66E
93153BC3
996A9118
9FBFE66D
A6153BC2
AC6A9117
B2BFE66C
B9153BC1
BF6A9116
C5BFE66B
CC153BC0
D26A9115
D8BFE66A
DF153BBF
E56A9114
EBBFE669
F2153BBE
F86A9113
FEBFE668
05153BBD
0B6A9112
11BFE667
18153BBC
1E6A9111
24BFE666
2B153BBB
316A9110
37BFE665
3E153BBA
446A910F
4ABFE664
51153BB9
576A910E
5DBFE663
64153BB8
6A6A910D
70BFE662
77153BB7
7D6A910C
83BFE661
8A153BB6
906A910B
96BFE660
9D153BB5
A36A910A
A9BFE65F
B0153BB4
B66A9109
BCBFE65E
C3153BB3
C96A9108
CFBFE65D
D6153BB2
DC6A9107
E2BFE65C
E9153BB1
EF6A9106
F5BFE65B
FC153BB0
026A9105
08BFE65A
0F153BAF
156A9104
1BBFE659
22153BAE
286A9103
2EBFE658
35153BAD
3B6A9102
41BFE657
48153BAC
4E6A9101
54BFE656
5B153BAB
616A9100
67BFE655
6E153BAA
746A90FF
7ABFE654
81153BA9
876A90FE
8DBFE653
94153BA8
9A6A90FD
A0BFE652
A7153BA7
AD6A90FC
B3BFE651
BA153BA6
C06A90FB
C6BFE650
CD153BA5
D36A90FA
D9BFE64F
E0153BA4
E66A90F9
ECBFE64E
F3153BA3
F96A90F8
FFBFE64D
06153BA2
0C6A90F7
12BFE64C
19153BA1
1F6A90F6
25BFE64B
2C153BA0
326A90F5
38BFE64A
3F153B9F
456A90F4
4BBFE649
52153B9E
586A90F3
5EBFE648
65153B9D
6B6A90F2
71BFE647
78153B9C
7E6A90F1
84BFE646
8B153B9B
916A90F0
97BFE645
9E153B9A
A46A90EF
AABFE644
B1153B99
B76A90EE
BDBFE643
C4153B98
CA6A90ED
D0BFE642
D7153B97
DD6A90EC
E3BFE641
EA153B96
F06A90EB
F6BFE640
FD153B95
036A90EA
09BFE63F
10153B94
166A90E9
1CBFE63E
23153B93
296A90E8
2FBFE63D
36153B92
3C6A90E7
42BFE63C
49153B91
4F6A90E6
55BFE63B
5C153B90
626A90E5
68BFE63A
6F153B8F
756A90E4
7BBFE639
82153B8E
886A90E3
8EBFE638
95153B8D
9B6A90E2
A1BFE637
A8153B8C
AE6A90E1
B4BFE636
BB153B8B
C16A90E0
C7BFE635
CE153B8A
D46A90DF
DABFE634
E1153B89
E76A90DE
EDBFE633
F4153B88
FA6A90DD
00BFE632
07153B87
0D6A90DC
13BFE631
1A153B86
206A90DB
26BFE630
2D153B85
336A90DA
39BFE62F
40153B84
466A90D9
4CBFE62E
53153B83
596A90D8
5FBFE62D
66153B82
6C6A90D7
72BFE62C
79153B81
7F6A90D6
85BFE62B
8C153B80
926A90D5
98BFE62A
9F153B7F
A56A90D4
ABBFE629
B2153B7E
B86A90D3
BEBFE628
C5153B7D
CB6A90D2
D1BFE627
D8153B7C
DE6A90D1
E4BFE626
EB153B7B
F16A90D0
F7BFE625
FE153B7A
046A90CF
0ABFE624
11153B79
176A90CE
1DBFE623
24153B78
2A6A90CD
30BFE622
37153B77
3D6A90CC
43BFE621
4A153B76
506A90CB
56BFE620
5D153B75
636A90CA
69BFE61F
70153B74
766A90C9
7CBFE61E
83153B73
896A90C8
8FBFE61D
96153B72
9C6A90C7
A2BFE61C
A9153B71
AF6A90C6
B5BFE61B
BC153B70
C26A90C5
C8BFE61A
CF153B6F
D56A90C4
DBBFE619
E2153B6E
E86A90C3
EEBFE618
F5153B6D
FB6A90C2
01BFE617
08153B6C
0E6A90C1
14BFE616
1B153B6B
216A90C0
27BFE615
2E153B6A
346A90BF
3ABFE614
41153B69
476A90BE
4DBFE613
54153B68
5A6A90BD
60BFE612
67153B67
6D6A90BC
73BFE611
7A153B66
806A90BB
86BFE610
8D153B65
936A90BA
99BFE60F
A0153B64
A66A90B9
ACBFE60E
B3153B63
B96A90B8
BFBFE60D
C6153B62
CC6A90B7
D2BFE60C
D9153B61
DF6A90B6
E5BFE60B
EC153B60
F26A90B5
F8BFE60A
FF153B5F
056A90B4
0BBFE609
12153B5E
186A90B3
1EBFE608
25153B5D
2B6A90B2
31BFE607
38153B5C
3E6A90B1
44BFE606
4B153B5B
516A90B0
57BFE605
5E153B5A
646A90AF
6ABFE604
71153B59
776A90AE
7DBFE603
84153B58
8A6A90AD
90BFE602
97153B57
9D6A90AC
A3BFE601
AA153B56
B06A90AB
B6BFE600
BD153B55
C36A90AA
C9BFE5FF
D0153B54
D66A90A9
DCBFE5FE
E3153B53
E96A90A8
EFBFE5FD
F6153B52
FC6A90A7
02BFE5FC
09153B51
0F6A90A6
15BFE5FB
1C153B50
226A90A5
28BFE5FA
2F153B4F
356A90A4
3BBFE5F9
42153B4E
486A90A3
4EBFE5F8
55153B4D
5B6A90A2
61BFE5F7
68153B4C
6E6A90A1
74BFE5F6
7B153B4B
816A90A0
87BFE5F5
8E153B4A
946A909F
9ABFE5F4
A1153B49
A76A909E
ADBFE5F3
B4153B48
BA6A909D
C0BFE5F2
C7153B47
CD6A909C
D3BFE5F1
DA153B46
E06A909B
E6BFE5F0
ED153B45
F36A909A
F9BFE5EF
00153B44
066A9099
0CBFE5EE
13153B43
196A9098
1FBFE5ED
26153B42
2C6A9097
32BFE5EC
39153B41
3F6A9096
45BFE5EB
4C153B40
526A9095
58BFE5EA
5F153B3F
656A9094
6BBFE5E9
72153B3E
786A9093
7EBFE5E8
85153B3D
8B6A9092
91BFE5E7
98153B3C
9E6A9091
A4BFE5E6
AB153B3B
B16A9090
B7BFE5E5
BE153B3A
C46A908F
CABFE5E4
D1153B39
D76A908E
DDBFE5E3
E4153B38
EA6A908D
F0BFE5E2
F7153B37
FD6A908C
03BFE5E1
0A153B36
106A908B
16BFE5E0
1D153B35
236A908A
29BFE5DF
30153B34
366A9089
3CBFE5DE
43153B33
496A9088
4FBFE5DD
56153B32
5C6A9087
62BFE5DC
69153B31
6F6A9086
75BFE5DB
7C153B30
826A9085
88BFE5DA
8F153B2F
956A9084
9BBFE5D9
A2153B2E
A86A9083
AEBFE5D8
B5153B2D
BB6A9082
C1BFE5D7
C8153B2C
CE6A9081
D4BFE5D6
DB153B2B
E16A9080
E7BFE5D5
EE153B2A
F46A907F
FABFE5D4
01153B29
076A907E
0DBFE5D3
14153B28
1A6A907D
20BFE5D2
27153B27
2D6A907C
33BFE5D1
3A153B26
406A907B
46BFE5D0
4D153B25
536A907A
59BFE5CF
60153B24
666A9079
6CBFE5CE
73153B23
796A9078
7FBFE5CD
86153B22
8C6A9077
92BFE5CC
99153B21
9F6A9076
A5BFE5CB
AC153B20
B26A9075
B8BFE5CA
BF153B1F
C56A9074
CBBFE5C9
D2153B1E
D86A9073
DEBFE5C8
E5153B1D
EB6A9072
F1BFE5C7
F8153B1C
FE6A9071
04BFE5C6
0B153B1B
116A9070
17BFE5C5
1E153B1A
246A906F
2ABFE5C4
31153B19
376A906E
3DBFE5C3
44153B18
4A6A906D
50BFE5C2
57153B17
5D6A906C
63BFE5C1
6A153B16
706A906B
76BFE5C0
7D153B15
836A906A
89BFE5BF
90153B14
966A9069
9CBFE5BE
A3153B13
A96A9068
AFBFE5BD
B6153B12
BC6A9067
C2BFE5BC
C9153B11
CF6A9066
D5BFE5BB
DC153B10
E26A9065
E8BFE5BA
EF153B0F
F56A9064
FBBFE5B9
02153B0E
086A9063
0EBFE5B8
15153B0D
1B6A9062
21BFE5B7
28153B0C
2E6A9061
34BFE5B6
3B153B0B
416A9060
47BFE5B5
4E153B0A
546A905F
5ABFE5B4
61153B09
676A905E
6DBFE5B3
74153B08
7A6A905D
80BFE5B2
87153B07
8D6A905C
93BFE5B1
9A153B06
A06A905B
A6BFE5B0
AD153B05
B36A905A
B9BFE5AF
C0153B04
C66A9059
CCBFE5AE
D3153B03
D96A9058
DFBFE5AD
E6153B02
EC6A9057
F2BFE5AC
F9153B01
FF6A9056
05BFE5AB
0C153B00
126A9055
18BFE5AA
1F153AFF
256A9054
2BBFE5A9
32153AFE
386A9053
3EBFE5A8
45153AFD
4B6A9052
51BFE5A7
58153AFC
5E6A9051
64BFE5A6
6B153AFB
716A9050
77BFE5A5
7E153AFA
846A904F
8ABFE5A4
91153AF9
976A904E
9DBFE5A3
A4153AF8
AA6A904D
B0BFE5A2
B7153AF7
BD6A904C
C3BFE5A1
CA153AF6
D06A904B
D6BFE5A0
DD153AF5
E36A904A
E9BFE59F
F0153AF4
F66A9049
FCBFE59E
03153AF3
096A9048
0FBFE59D
16153AF2
1C6A9047
22BFE59C
29153AF1
2F6A9046
35BFE59B
3C153AF0
426A9045
48BFE59A
4F153AEF
556A9044
5BBFE599
62153AEE
686A9043
6EBFE598
75153AED
7B6A9042
81BFE597
88153AEC
8E6A9041
94BFE596
9B153AEB
A16A9040
A7BFE595
AE153AEA
B46A903F
BABFE594
C1153AE9
C76A903E
CDBFE593
D4153AE8
DA6A903D
E0BFE592
E7153AE7
ED6A903C
F3BFE591
FA153AE6
006A903B
06BFE590
0D153AE5
136A903A
19BFE58F
20153AE4
266A9039
2CBFE58E
33153AE3
396A9038
3FBFE58D
46153AE2
4C6A9037
52BFE58C
59153AE1
5F6A9036
65BFE58B
6C153AE0
726A9035
78BFE58A
7F153ADF
856A9034
8BBFE589
92153ADE
986A9033
9EBFE588
A5153ADD
AB6A9032
B1BFE587
B8153ADC
BE6A9031
C4BFE586
CB153ADB
D16A9030
D7BFE585
DE153ADA
E46A902F
EABFE584
F1153AD9
F76A902E
FDBFE583
04153AD8
0A6A902D
10BFE582
17153AD7
1D6A902C
23BFE581
2A153AD6
306A902B
36BFE580
3D153AD5
436A902A
49BFE57F
50153AD4
566A9029
5CBFE57E
63153AD3
696A9028
6FBFE57D
76153AD2
7C6A9027
82BFE57C
89153AD1
8F6A9026
95BFE57B
9C153AD0
A26A9025
A8BFE57A
AF153ACF
B56A9024
BBBFE579
C2153ACE
C86A9023
CEBFE578
D5153ACD
DB6A9022
E1BFE577
E8153ACC
EE6A9021
F4BFE576
FB153ACB
016A9020
07BFE575
0E153ACA
146A901F
1ABFE574
21153AC9
276A901E
2DBFE573
34153AC8
3A6A901D
40BFE572
47153AC7
4D6A901C
53BFE571
5A153AC6
606A901B
66BFE570
6D153AC5
736A901A
79BFE56F
80153AC4
866A9019
8CBFE56E
93153AC3
996A9018
9FBFE56D
A6153AC2
AC6A9017
B2BFE56C
B9153AC1
BF6A9016
C5BFE56B
CC153AC0
D26A9015
D8BFE56A
DF153ABF
E56A9014
EBBFE569
F2153ABE
F86A9013
FEBFE568
05153ABD
0B6A9012
11BFE567
18153ABC
1E6A9011
24BFE566
2B153ABB
316A9010
37BFE565
3E153ABA
446A900F
4ABFE564
51153AB9
576A900E
5DBFE563
64153AB8
6A6A900D
70BFE562
77153AB7
7D6A900C
83BFE561
8A153AB6
906A900B
96BFE560
9D153AB5
A36A900A
A9BFE55F
B0153AB4
B66A9009
BCBFE55E
C3153AB3
C96A9008
CFBFE55D
D6153AB2
DC6A9007
E2BFE55C
E9153AB1
EF6A9006
F5BFE55B
FC153AB0
026A9005
08BFE55A
0F153AAF
156A9004
1BBFE559
22153AAE
286A9003
2EBFE558
35153AAD
3B6A9002
41BFE557
48153AAC
4E6A9001
54BFE556
5B153AAB
616A9000
67BFE555
6E153AAA
746A8FFF
7ABFE554
81153AA9
876A8FFE
8DBFE553
94153AA8
9A6A8FFD
A0BFE552
A7153AA7
AD6A8FFC
B3BFE551
BA153AA6
C06A8FFB
C6BFE550
CD153AA5
D36A8FFA
D9BFE54F
E0153AA4
E66A8FF9
ECBFE54E
F3153AA3
F96A8FF8
FFBFE54D
06153AA2
0C6A8FF7
12BFE54C
19153AA1
1F6A8FF6
25BFE54B
2C153AA0
326A8FF5
38BFE54A
3F153A9F
456A8FF4
4BBFE549
52153A9E
586A8FF3
5EBFE548
65153A9D
6B6A8FF2
71BFE547
78153A9C
7E6A8FF1
84BFE546
8B153A9B
916A8FF0
97BFE545
9E153A9A
A46A8FEF
AABFE544
B1153A99
B76A8FEE
BDBFE543
C4153A98
CA6A8FED
D0BFE542
D7153A97
DD6A8FEC
E3BFE541
EA153A96
F06A8FEB
F6BFE540
FD153A95
036A8FEA
09BFE53F
10153A94
166A8FE9
1CBFE53E
23153A93
296A8FE8
2FBFE53D
36153A92
3C6A8FE7
42BFE53C
49153A91
4F6A8FE6
55BFE53B
5C153A90
626A8FE5
68BFE53A
6F153A8F
756A8FE4
7BBFE539
82153A8E
886A8FE3
8EBFE538
95153A8D
9B6A8FE2
A1BFE537
A8153A8C
AE6A8FE1
B4BFE536
BB153A8B
C16A8FE0
C7BFE535
CE153A8A
D46A8FDF
DABFE534
E1153A89
E76A8FDE
EDBFE533
F4153A88
FA6A8FDD
00BFE532
07153A87
0D6A8FDC
13BFE531
1A153A86
206A8FDB
26BFE530
2D153A85
336A8FDA
39BFE52F
40153A84
466A8FD9
4CBFE52E
53153A83
596A8FD8
5FBFE52D
66153A82
6C6A8FD7
72BFE52C
79153A81
7F6A8FD6
85BFE52B
8C153A80
926A8FD5
98BFE52A
9F153A7F
A56A8FD4
ABBFE529
B2153A7E
B86A8FD3
BEBFE528
C5153A7D
CB6A8FD2
D1BFE527
D8153A7C
DE6A8FD1
E4BFE526
EB153A7B
F16A8FD0
F7BFE525
FE153A7A
046A8FCF
0ABFE524
11153A79
176A8FCE
1DBFE523
24153A78
2A6A8FCD
30BFE522
37153A77
3D6A8FCC
43BFE521
4A153A76
506A8FCB
56BFE520
5D153A75
636A8FCA
69BFE51F
70153A74
766A8FC9
7CBFE51E
83153A73
896A8FC8
8FBFE51D
96153A72
9C6A8FC7
A2BFE51C
A9153A71
AF6A8FC6
B5BFE51B
BC153A70
C26A8FC5
C8BFE51A
CF153A6F
D56A8FC4
DBBFE519
E2153A6E
E86A8FC3
EEBFE518
F5153A6D
FB6A8FC2
01BFE517
08153A6C
0E6A8FC1
14BFE516
1B153A6B
216A8FC0
27BFE515
2E153A6A
346A8FBF
3ABFE514
41153A69
476A8FBE
4DBFE513
54153A68
5A6A8FBD
60BFE512
67153A67
6D6A8FBC
73BFE511
7A153A66
806A8FBB
86BFE510
8D153A65
936A8FBA
99BFE50F
A0153A64
A66A8FB9
ACBFE50E
B3153A63
B96A8FB8
BFBFE50D
C6153A62
CC6A8FB7
D2BFE50C
D9153A61
DF6A8FB6
E5BFE50B
EC153A60
F26A8FB5
F8BFE50A
FF153A5F
056A8FB4
0BBFE509
12153A5E
186A8FB3
1EBFE508
25153A5D
2B6A8FB2
31BFE507
38153A5C
3E6A8FB1
44BFE506
4B153A5B
516A8FB0
57BFE505
5E153A5A
646A8FAF
6ABFE504
71153A59
776A8FAE
7DBFE503
84153A58
8A6A8FAD
90BFE502
97153A57
9D6A8FAC
A3BFE501
AA153A56
B06A8FAB
B6BFE500
BD153A55
C36A8FAA
C9BFE4FF
D0153A54
D66A8FA9
DCBFE4FE
E3153A53
E96A8FA8
EFBFE4FD
F6153A52
FC6A8FA7
02BFE4FC
09153A51
0F6A8FA6
15BFE4FB
1C153A50
226A8FA5
28BFE4FA
2F153A4F
356A8FA4
3BBFE4F9
42153A4E
486A8FA3
4EBFE4F8
55153A4D
5B6A8FA2
61BFE4F7
68153A4C
6E6A8FA1
74BFE4F6
7B153A4B
816A8FA0
87BFE4F5
8E153A4A
946A8F9F
9ABFE4F4
A1153A49
A76A8F9E
ADBFE4F3
B4153A48
BA6A8F9D
C0BFE4F2
C7153A47
CD6A8F9C
D3BFE4F1
DA153A46
E06A8F9B
E6BFE4F0
ED153A45
F36A8F9A
F9BFE4EF
00153A44
066A8F99
0CBFE4EE
13153A43
196A8F98
1FBFE4ED
26153A42
2C6A8F97
32BFE4EC
39153A41
3F6A8F96
45BFE4EB
4C153A40
526A8F95
58BFE4EA
5F153A3F
656A8F94
6BBFE4E9
72153A3E
786A8F93
7EBFE4E8
85153A3D
8B6A8F92
91BFE4E7
98153A3C
9E6A8F91
A4BFE4E6
AB153A3B
B16A8F90
B7BFE4E5
BE153A3A
C46A8F8F
CABFE4E4
D1153A39
D76A8F8E
DDBFE4E3
E4153A38
EA6A8F8D
F0BFE4E2
F7153A37
FD6A8F8C
03BFE4E1
0A153A36
106A8F8B
16BFE4E0
1D153A35
236A8F8A
29BFE4DF
30153A34
366A8F89
3CBFE4DE
43153A33
496A8F88
4FBFE4DD
56153A32
5C6A8F87
62BFE4DC
69153A31
6F6A8F86
75BFE4DB
7C153A30
826A8F85
88BFE4DA
8F153A2F
956A8F84
9BBFE4D9
A2153A2E
A86A8F83
AEBFE4D8
B5153A2D
BB6A8F82
C1BFE4D7
C8153A2C
CE6A8F81
D4BFE4D6
DB153A2B
E16A8F80
E7BFE4D5
EE153A2A
F46A8F7F
FABFE4D4
01153A29
076A8F7E
0DBFE4D3
14153A28
1A6A8F7D
20BFE4D2
27153A27
2D6A8F7C
33BFE4D1
3A153A26
406A8F7B
46BFE4D0
4D153A25
536A8F7A
59BFE4CF
60153A24
666A8F79
6CBFE4CE
73153A23
796A8F78
7FBFE4CD
86153A22
8C6A8F77
92BFE4CC
99153A21
9F6A8F76
A5BFE4CB
AC153A20
B26A8F75
B8BFE4CA
BF153A1F
C56A8F74
CBBFE4C9
D2153A1E
D86A8F73
DEBFE4C8
E5153A1D
EB6A8F72
F1BFE4C7
F8153A1C
FE6A8F71
04BFE4C6
0B153A1B
116A8F70
17BFE4C5
1E153A1A
246A8F6F
2ABFE4C4
31153A19
376A8F6E
3DBFE4C3
44153A18
4A6A8F6D
50BFE4C2
57153A17
5D6A8F6C
63BFE4C1
6A153A16
706A8F6B
76BFE4C0
7D153A15
836A8F6A
89BFE4BF
90153A14
966A8F69
9CBFE4BE
A3153A13
A96A8F68
AFBFE4BD
B6153A12
BC6A8F67
C2BFE4BC
C9153A11
CF6A8F66
D5BFE4BB
DC153A10
E26A8F65
E8BFE4BA
EF153A0F
F56A8F64
FBBFE4B9
02153A0E
086A8F63
0EBFE4B8
15153A0D
1B6A8F62
21BFE4B7
28153A0C
2E6A8F61
34BFE4B6
3B153A0B
416A8F60
47BFE4B5
4E153A0A
546A8F5F
5ABFE4B4
61153A09
676A8F5E
6DBFE4B3
74153A08
7A6A8F5D
80BFE4B2
87153A07
8D6A8F5C
93BFE4B1
9A153A06
A06A8F5B
A6BFE4B0
AD153A05
B36A8F5A
B9BFE4AF
C0153A04
C66A8F59
CCBFE4AE
D3153A03
D96A8F58
DFBFE4AD
E6153A02
EC6A8F57
F2BFE4AC
F9153A01
FF6A8F56
05BFE4AB
0C153A00
126A8F55
18BFE4AA
1F1539FF
256A8F54
2BBFE4A9
321539FE
386A8F53
3EBFE4A8
451539FD
4B6A8F52
51BFE4A7
581539FC
5E6A8F51
64BFE4A6
6B1539FB
716A8F50
77BFE4A5
7E1539FA
846A8F4F
8ABFE4A4
911539F9
976A8F4E
9DBFE4A3
A41539F8
AA6A8F4D
B0BFE4A2
B71539F7
BD6A8F4C
C3BFE4A1
CA1539F6
D06A8F4B
D6BFE4A0
DD1539F5
E36A8F4A
E9BFE49F
F01539F4
F66A8F49
FCBFE49E
031539F3
096A8F48
0FBFE49D
161539F2
1C6A8F47
22BFE49C
291539F1
2F6A8F46
35BFE49B
3C1539F0
426A8F45
48BFE49A
4F1539EF
556A8F44
5BBFE499
621539EE
686A8F43
6EBFE498
751539ED
7B6A8F42
81BFE497
881539EC
8E6A8F41
94BFE496
9B1539EB
A16A8F40
A7BFE495
AE1539EA
B46A8F3F
BABFE494
C11539E9
C76A8F3E
CDBFE493
D41539E8
DA6A8F3D
E0BFE492
E71539E7
ED6A8F3C
F3BFE491
FA1539E6
006A8F3B
06BFE490
0D1539E5
136A8F3A
19BFE48F
201539E4
266A8F39
2CBFE48E
331539E3
396A8F38
3FBFE48D
461539E2
4C6A8F37
52BFE48C
591539E1
5F6A8F36
65BFE48B
6C1539E0
726A8F35
78BFE48A
7F1539DF
856A8F34
8BBFE489
921539DE
986A8F33
9EBFE488
A51539DD
AB6A8F32
B1BFE487
B81539DC
BE6A8F31
C4BFE486
CB1539DB
D16A8F30
D7BFE485
DE1539DA
E46A8F2F
EABFE484
F11539D9
F76A8F2E
FDBFE483
041539D8
0A6A8F2D
10BFE482
171539D7
1D6A8F2C
23BFE481
2A1539D6
306A8F2B
36BFE480
3D1539D5
436A8F2A
49BFE47F
501539D4
566A8F29
5CBFE47E
631539D3
696A8F28
6FBFE47D
761539D2
7C6A8F27
82BFE47C
891539D1
8F6A8F26
95BFE47B
9C1539D0
A26A8F25
A8BFE47A
AF1539CF
B56A8F24
BBBFE479
C21539CE
C86A8F23
CEBFE478
D51539CD
DB6A8F22
E1BFE477
E81539CC
EE6A8F21
F4BFE476
FB1539CB
016A8F20
07BFE475
0E1539CA
146A8F1F
1ABFE474
211539C9
276A8F1E
2DBFE473
341539C8
3A6A8F1D
40BFE472
471539C7
4D6A8F1C
53BFE471
5A1539C6
606A8F1B
66BFE470
6D1539C5
736A8F1A
79BFE46F
801539C4
866A8F19
8CBFE46E
931539C3
996A8F18
9FBFE46D
A61539C2
AC6A8F17
B2BFE46C
B91539C1
BF6A8F16
C5BFE46B
CC1539C0
D26A8F15
D8BFE46A
DF1539BF
E56A8F14
EBBFE469
F21539BE
F86A8F13
FEBFE468
051539BD
0B6A8F12
11BFE467
181539BC
1E6A8F11
24BFE466
2B1539BB
316A8F10
37BFE465
3E1539BA
446A8F0F
4ABFE464
511539B9
576A8F0E
5DBFE463
641539B8
6A6A8F0D
70BFE462
771539B7
7D6A8F0C
83BFE461
8A1539B6
906A8F0B
96BFE460
9D1539B5
A36A8F0A
A9BFE45F
B01539B4
B66A8F09
BCBFE45E
C31539B3
C96A8F08
CFBFE45D
D61539B2
DC6A8F07
E2BFE45C
E91539B1
EF6A8F06
F5BFE45B
FC1539B0
026A8F05
08BFE45A
0F1539AF
156A8F04
1BBFE459
221539AE
286A8F03
2EBFE458
351539AD
3B6A8F02
41BFE457
481539AC
4E6A8F01
54BFE456
5B1539AB
616A8F00
67BFE455
6E1539AA
746A8EFF
7ABFE454
811539A9
876A8EFE
8DBFE453
941539A8
9A6A8EFD
A0BFE452
A71539A7
AD6A8EFC
B3BFE451
BA1539A6
C06A8EFB
C6BFE450
CD1539A5
D36A8EFA
D9BFE44F
E01539A4
E66A8EF9
ECBFE44E
F31539A3
F96A8EF8
FFBFE44D
061539A2
0C6A8EF7
12BFE44C
191539A1
1F6A8EF6
25BFE44B
2C1539A0
326A8EF5
38BFE44A
3F15399F
456A8EF4
4BBFE449
5215399E
586A8EF3
5EBFE448
6515399D
6B6A8EF2
71BFE447
7815399C
7E6A8EF1
84BFE446
8B15399B
916A8EF0
97BFE445
9E15399A
A46A8EEF
AABFE444
B1153999
B76A8EEE
BDBFE443
C4153998
CA6A8EED
D0BFE442
D7153997
DD6A8EEC
E3BFE441
EA153996
F06A8EEB
F6BFE440
FD153995
036A8EEA
09BFE43F
10153994
166A8EE9
1CBFE43E
23153993
296A8EE8
2FBFE43D
36153992
3C6A8EE7
42BFE43C
49153991
4F6A8EE6
55BFE43B
5C153990
626A8EE5
68BFE43A
6F15398F
756A8EE4
7BBFE439
8215398E
886A8EE3
8EBFE438
9515398D
9B6A8EE2
A1BFE437
A815398C
AE6A8EE1
B4BFE436
BB15398B
C16A8EE0
C7BFE435
CE15398A
D46A8EDF
DABFE434
E1153989
E76A8EDE
EDBFE433
F4153988
FA6A8EDD
00BFE432
07153987
0D6A8EDC
13BFE431
1A153986
206A8EDB
26BFE430
2D153985
336A8EDA
39BFE42F
40153984
466A8ED9
4CBFE42E
53153983
596A8ED8
5FBFE42D
66153982
6C6A8ED7
72BFE42C
79153981
7F6A8ED6
85BFE42B
8C153980
926A8ED5
98BFE42A
9F15397F
A56A8ED4
ABBFE429
B215397E
B86A8ED3
BEBFE428
C515397D
CB6A8ED2
D1BFE427
D815397C
DE6A8ED1
E4BFE426
EB15397B
F16A8ED0
F7BFE425
FE15397A
046A8ECF
0ABFE424
11153979
176A8ECE
1DBFE423
24153978
2A6A8ECD
30BFE422
37153977
3D6A8ECC
43BFE421
4A153976
506A8ECB
56BFE420
5D153975
636A8ECA
69BFE41F
70153974
766A8EC9
7CBFE41E
83153973
896A8EC8
8FBFE41D
96153972
9C6A8EC7
A2BFE41C
A9153971
AF6A8EC6
B5BFE41B
BC153970
C26A8EC5
C8BFE41A
CF15396F
D56A8EC4
DBBFE419
E215396E
E86A8EC3
EEBFE418
F515396D
FB6A8EC2
01BFE417
0815396C
0E6A8EC1
14BFE416
1B15396B
216A8EC0
27BFE415
2E15396A
346A8EBF
3ABFE414
41153969
476A8EBE
4DBFE413
54153968
5A6A8EBD
60BFE412
67153967
6D6A8EBC
73BFE411
7A153966
806A8EBB
86BFE410
8D153965
936A8EBA
99BFE40F
A0153964
A66A8EB9
ACBFE40E
B3153963
B96A8EB8
BFBFE40D
C6153962
CC6A8EB7
D2BFE40C
D9153961
DF6A8EB6
E5BFE40B
EC153960
F26A8EB5
F8BFE40A
FF15395F
056A8EB4
0BBFE409
1215395E
186A8EB3
1EBFE408
2515395D
2B6A8EB2
31BFE407
3815395C
3E6A8EB1
44BFE406
4B15395B
516A8EB0
57BFE405
5E15395A
646A8EAF
6ABFE404
71153959
776A8EAE
7DBFE403
84153958
8A6A8EAD
90BFE402
97153957
9D6A8EAC
A3BFE401
AA153956
B06A8EAB
B6BFE400
BD153955
C36A8EAA
C9BFE3FF
D0153954
D66A8EA9
DCBFE3FE
E3153953
E96A8EA8
EFBFE3FD
F6153952
FC6A8EA7
02BFE3FC
09153951
0F6A8EA6
15BFE3FB
1C153950
226A8EA5
28BFE3FA
2F15394F
356A8EA4
3BBFE3F9
4215394E
486A8EA3
4EBFE3F8
5515394D
5B6A8EA2
61BFE3F7
6815394C
6E6A8EA1
74BFE3F6
7B15394B
816A8EA0
87BFE3F5
8E15394A
946A8E9F
9ABFE3F4
A1153949
A76A8E9E
ADBFE3F3
B4153948
BA6A8E9D
C0BFE3F2
C7153947
CD6A8E9C
D3BFE3F1
DA153946
E06A8E9B
E6BFE3F0
ED153945
F36A8E9A
F9BFE3EF
00153944
066A8E99
0CBFE3EE
13153943
196A8E98
1FBFE3ED
26153942
2C6A8E97
32BFE3EC
39153941
3F6A8E96
45BFE3EB
4C153940
526A8E95
58BFE3EA
5F15393F
656A8E94
6BBFE3E9
7215393E
786A8E93
7EBFE3E8
8515393D
8B6A8E92
91BFE3E7
9815393C
9E6A8E91
A4BFE3E6
AB15393B
B16A8E90
B7BFE3E5
BE15393A
C46A8E8F
CABFE3E4
D1153939
D76A8E8E
DDBFE3E3
E4153938
EA6A8E8D
F0BFE3E2
F7153937
FD6A8E8C
03BFE3E1
0A153936
106A8E8B
16BFE3E0
1D153935
236A8E8A
29BFE3DF
30153934
366A8E89
3CBFE3DE
43153933
496A8E88
4FBFE3DD
56153932
5C6A8E87
62BFE3DC
69153931
6F6A8E86
75BFE3DB
7C153930
826A8E85
88BFE3DA
8F15392F
956A8E84
9BBFE3D9
A215392E
A86A8E83
AEBFE3D8
B515392D
BB6A8E82
C1BFE3D7
C815392C
CE6A8E81
D4BFE3D6
DB15392B
E16A8E80
E7BFE3D5
EE15392A
F46A8E7F
FABFE3D4
01153929
076A8E7E
0DBFE3D3
14153928
1A6A8E7D
20BFE3D2
27153927
2D6A8E7C
33BFE3D1
3A153926
406A8E7B
46BFE3D0
4D153925
536A8E7A
59BFE3CF
60153924
666A8E79
6CBFE3CE
73153923
796A8E78
7FBFE3CD
86153922
8C6A8E77
92BFE3CC
99153921
9F6A8E76
A5BFE3CB
AC153920
B26A8E75
B8BFE3CA
BF15391F
C56A8E74
CBBFE3C9
D215391E
D86A8E73
DEBFE3C8
E515391D
EB6A8E72
F1BFE3C7
F815391C
FE6A8E71
04BFE3C6
0B15391B
116A8E70
17BFE3C5
1E15391A
246A8E6F
2ABFE3C4
31153919
376A8E6E
3DBFE3C3
44153918
4A6A8E6D
50BFE3C2
57153917
5D6A8E6C
63BFE3C1
6A153916
706A8E6B
76BFE3C0
7D153915
836A8E6A
89BFE3BF
90153914
966A8E69
9CBFE3BE
A3153913
A96A8E68
AFBFE3BD
B6153912
BC6A8E67
C2BFE3BC
C9153911
CF6A8E66
D5BFE3BB
DC153910
E26A8E65
E8BFE3BA
EF15390F
F56A8E64
FBBFE3B9
0215390E
086A8E63
0EBFE3B8
1515390D
1B6A8E62
21BFE3B7
2815390C
2E6A8E61
34BFE3B6
3B15390B
416A8E60
47BFE3B5
4E15390A
546A8E5F
5ABFE3B4
61153909
676A8E5E
6DBFE3B3
74153908
7A6A8E5D
80BFE3B2
87153907
8D6A8E5C
93BFE3B1
9A153906
A06A8E5B
A6BFE3B0
AD153905
B36A8E5A
B9BFE3AF
C0153904
C66A8E59
CCBFE3AE
D3153903
D96A8E58
DFBFE3AD
E6153902
EC6A8E57
F2BFE3AC
F9153901
FF6A8E56
05BFE3AB
0C153900
126A8E55
18BFE3AA
1F1538FF
256A8E54
2BBFE3A9
321538FE
386A8E53
3EBFE3A8
451538FD
4B6A8E52
51BFE3A7
581538FC
5E6A8E51
64BFE3A6
6B1538FB
716A8E50
77BFE3A5
7E1538FA
846A8E4F
8ABFE3A4
911538F9
976A8E4E
9DBFE3A3
A41538F8
AA6A8E4D
B0BFE3A2
B71538F7
BD6A8E4C
C3BFE3A1
CA1538F6
D06A8E4B
D6BFE3A0
DD1538F5
E36A8E4A
E9BFE39F
F01538F4
F66A8E49
FCBFE39E
031538F3
096A8E48
0FBFE39D
161538F2
1C6A8E47
22BFE39C
291538F1
2F6A8E46
35BFE39B
3C1538F0
426A8E45
48BFE39A
4F1538EF
556A8E44
5BBFE399
621538EE
686A8E43
6EBFE398
751538ED
7B6A8E42
81BFE397
881538EC
8E6A8E41
94BFE396
9B1538EB
A16A8E40
A7BFE395
AE1538EA
B46A8E3F
BABFE394
C11538E9
C76A8E3E
CDBFE393
D41538E8
DA6A8E3D
E0BFE392
E71538E7
ED6A8E3C
F3BFE391
FA1538E6
006A8E3B
06BFE390
0D1538E5
136A8E3A
19BFE38F
201538E4
266A8E39
2CBFE38E
331538E3
396A8E38
3FBFE38D
461538E2
4C6A8E37
52BFE38C
591538E1
5F6A8E36
65BFE38B
6C1538E0
726A8E35
78BFE38A
7F1538DF
856A8E34
8BBFE389
921538DE
986A8E33
9EBFE388
A51538DD
AB6A8E32
B1BFE387
B81538DC
BE6A8E31
C4BFE386
CB1538DB
D16A8E30
D7BFE385
DE1538DA
E46A8E2F
EABFE384
F11538D9
F76A8E2E
FDBFE383
041538D8
0A6A8E2D
10BFE382
171538D7
1D6A8E2C
23BFE381
2A1538D6
306A8E2B
36BFE380
3D1538D5
436A8E2A
49BFE37F
501538D4
566A8E29
5CBFE37E
631538D3
696A8E28
6FBFE37D
761538D2
7C6A8E27
82BFE37C
891538D1
8F6A8E26
95BFE37B
9C1538D0
A26A8E25
A8BFE37A
AF1538CF
B56A8E24
BBBFE379
C21538CE
C86A8E23
CEBFE378
D51538CD
DB6A8E22
E1BFE377
E81538CC
EE6A8E21
F4BFE376
FB1538CB
016A8E20
07BFE375
0E1538CA
146A8E1F
1ABFE374
211538C9
276A8E1E
2DBFE373
341538C8
3A6A8E1D
40BFE372
471538C7
4D6A8E1C
53BFE371
5A1538C6
606A8E1B
66BFE370
6D1538C5
736A8E1A
79BFE36F
801538C4
866A8E19
8CBFE36E
931538C3
996A8E18
9FBFE36D
A61538C2
AC6A8E17
B2BFE36C
B91538C1
BF6A8E16
C5BFE36B
CC1538C0
D26A8E15
D8BFE36A
DF1538BF
E56A8E14
EBBFE369
F21538BE
F86A8E13
FEBFE368
051538BD
0B6A8E12
11BFE367
181538BC
1E6A8E11
24BFE366
2B1538BB
316A8E10
37BFE365
3E1538BA
446A8E0F
4ABFE364
511538B9
576A8E0E
5DBFE363
641538B8
6A6A8E0D
70BFE362
771538B7
7D6A8E0C
83BFE361
8A1538B6
906A8E0B
96BFE360
9D1538B5
A36A8E0A
A9BFE35F
B01538B4
B66A8E09
BCBFE35E
C31538B3
C96A8E08
CFBFE35D
D61538B2
DC6A8E07
E2BFE35C
E91538B1
EF6A8E06
F5BFE35B
FC1538B0
026A8E05
08BFE35A
0F1538AF
156A8E04
1BBFE359
221538AE
286A8E03
2EBFE358
351538AD
3B6A8E02
41BFE357
481538AC
4E6A8E01
54BFE356
5B1538AB
616A8E00
67BFE355
6E1538AA
746A8DFF
7ABFE354
811538A9
876A8DFE
8DBFE353
941538A8
9A6A8DFD
A0BFE352
A71538A7
AD6A8DFC
B3BFE351
BA1538A6
C06A8DFB
C6BFE350
CD1538A5
D36A8DFA
D9BFE34F
E01538A4
E66A8DF9
ECBFE34E
F31538A3
F96A8DF8
FFBFE34D
061538A2
0C6A8DF7
12BFE34C
191538A1
1F6A8DF6
25BFE34B
2C1538A0
326A8DF5
38BFE34A
3F15389F
456A8DF4
4BBFE349
5215389E
586A8DF3
5EBFE348
6515389D
6B6A8DF2
71BFE347
7815389C
7E6A8DF1
84BFE346
8B15389B
916A8DF0
97BFE345
9E15389A
A46A8DEF
AABFE344
B1153899
B76A8DEE
BDBFE343
C4153898
CA6A8DED
D0BFE342
D7153897
DD6A8DEC
E3BFE341
EA153896
F06A8DEB
F6BFE340
FD153895
036A8DEA
09BFE33F
10153894
166A8DE9
1CBFE33E
23153893
296A8DE8
2FBFE33D
36153892
3C6A8DE7
42BFE33C
49153891
4F6A8DE6
55BFE33B
5C153890
626A8DE5
68BFE33A
6F15388F
756A8DE4
7BBFE339
8215388E
886A8DE3
8EBFE338
9515388D
9B6A8DE2
A1BFE337
A815388C
AE6A8DE1
B4BFE336
BB15388B
C16A8DE0
C7BFE335
CE15388A
D46A8DDF
DABFE334
E1153889
E76A8DDE
EDBFE333
F4153888
FA6A8DDD
00BFE332
07153887
0D6A8DDC
13BFE331
1A153886
206A8DDB
26BFE330
2D153885
336A8DDA
39BFE32F
40153884
466A8DD9
4CBFE32E
53153883
596A8DD8
5FBFE32D
66153882
6C6A8DD7
72BFE32C
79153881
7F6A8DD6
85BFE32B
8C153880
926A8DD5
98BFE32A
9F15387F
A56A8DD4
ABBFE329
B215387E
B86A8DD3
BEBFE328
C515387D
CB6A8DD2
D1BFE327
D815387C
DE6A8DD1
E4BFE326
EB15387B
F16A8DD0
F7BFE325
FE15387A
046A8DCF
0ABFE324
11153879
176A8DCE
1DBFE323
24153878
2A6A8DCD
30BFE322
37153877
3D6A8DCC
43BFE321
4A153876
506A8DCB
56BFE320
5D153875
636A8DCA
69BFE31F
70153874
766A8DC9
7CBFE31E
83153873
896A8DC8
8FBFE31D
96153872
9C6A8DC7
A2BFE31C
A9153871
AF6A8DC6
B5BFE31B
BC153870
C26A8DC5
C8BFE31A
CF15386F
D56A8DC4
DBBFE319
E215386E
E86A8DC3
EEBFE318
F515386D
FB6A8DC2
01BFE317
0815386C
0E6A8DC1
14BFE316
1B15386B
216A8DC0
27BFE315
2E15386A
346A8DBF
3ABFE314
41153869
476A8DBE
4DBFE313
54153868
5A6A8DBD
60BFE312
67153867
6D6A8DBC
73BFE311
7A153866
806A8DBB
86BFE310
8D153865
936A8DBA
99BFE30F
A0153864
A66A8DB9
ACBFE30E
B3153863
B96A8DB8
BFBFE30D
C6153862
CC6A8DB7
D2BFE30C
D9153861
DF6A8DB6
E5BFE30B
EC153860
F26A8DB5
F8BFE30A
FF15385F
056A8DB4
0BBFE309
1215385E
186A8DB3
1EBFE308
2515385D
2B6A8DB2
31BFE307
3815385C
3E6A8DB1
44BFE306
4B15385B
516A8DB0
57BFE305
5E15385A
646A8DAF
6ABFE304
71153859
776A8DAE
7DBFE303
84153858
8A6A8DAD
90BFE302
97153857
9D6A8DAC
A3BFE301
AA153856
B06A8DAB
B6BFE300
BD153855
C36A8DAA
C9BFE2FF
D0153854
D66A8DA9
DCBFE2FE
E3153853
E96A8DA8
EFBFE2FD
F6153852
FC6A8DA7
02BFE2FC
09153851
0F6A8DA6
15BFE2FB
1C153850
226A8DA5
28BFE2FA
2F15384F
356A8DA4
3BBFE2F9
4215384E
486A8DA3
4EBFE2F8
5515384D
5B6A8DA2
61BFE2F7
6815384C
6E6A8DA1
74BFE2F6
7B15384B
816A8DA0
87BFE2F5
8E15384A
946A8D9F
9ABFE2F4
A1153849
A76A8D9E
ADBFE2F3
B4153848
BA6A8D9D
C0BFE2F2
C7153847
CD6A8D9C
D3BFE2F1
DA153846
E06A8D9B
E6BFE2F0
ED153845
F36A8D9A
F9BFE2EF
00153844
066A8D99
0CBFE2EE
13153843
196A8D98
1FBFE2ED
26153842
2C6A8D97
32BFE2EC
39153841
3F6A8D96
45BFE2EB
4C153840
526A8D95
58BFE2EA
5F15383F
656A8D94
6BBFE2E9
7215383E
786A8D93
7EBFE2E8
8515383D
8B6A8D92
91BFE2E7
9815383C
9E6A8D91
A4BFE2E6
AB15383B
B16A8D90
B7BFE2E5
BE15383A
C46A8D8F
CABFE2E4
D1153839
D76A8D8E
DDBFE2E3
E4153838
EA6A8D8D
F0BFE2E2
F7153837
FD6A8D8C
03BFE2E1
0A153836
106A8D8B
16BFE2E0
1D153835
236A8D8A
29BFE2DF
30153834
366A8D89
3CBFE2DE
43153833
496A8D88
4FBFE2DD
56153832
5C6A8D87
62BFE2DC
69153831
6F6A8D86
75BFE2DB
7C153830
826A8D85
88BFE2DA
8F15382F
956A8D84
9BBFE2D9
A215382E
A86A8D83
AEBFE2D8
B515382D
BB6A8D82
C1BFE2D7
C815382C
CE6A8D81
D4BFE2D6
DB15382B
E16A8D80
E7BFE2D5
EE15382A
F46A8D7F
FABFE2D4
01153829
076A8D7E
0DBFE2D3
14153828
1A6A8D7D
20BFE2D2
27153827
2D6A8D7C
33BFE2D1
3A153826
406A8D7B
46BFE2D0
4D153825
536A8D7A
59BFE2CF
60153824
666A8D79
6CBFE2CE
73153823
796A8D78
7FBFE2CD
86153822
8C6A8D77
92BFE2CC
99153821
9F6A8D76
A5BFE2CB
AC153820
B26A8D75
B8BFE2CA
BF15381F
C56A8D74
CBBFE2C9
D215381E
D86A8D73
DEBFE2C8
E515381D
EB6A8D72
F1BFE2C7
F815381C
FE6A8D71
04BFE2C6
0B15381B
116A8D70
17BFE2C5
1E15381A
246A8D6F
2ABFE2C4
31153819
376A8D6E
3DBFE2C3
44153818
4A6A8D6D
50BFE2C2
57153817
5D6A8D6C
63BFE2C1
6A153816
706A8D6B
76BFE2C0
7D153815
836A8D6A
89BFE2BF
90153814
966A8D69
9CBFE2BE
A3153813
A96A8D68
AFBFE2BD
B6153812
BC6A8D67
C2BFE2BC
C9153811
CF6A8D66
D5BFE2BB
DC153810
E26A8D65
E8BFE2BA
EF15380F
F56A8D64
FBBFE2B9
0215380E
086A8D63
0EBFE2B8
1515380D
1B6A8D62
21BFE2B7
2815380C
2E6A8D61
34BFE2B6
3B15380B
416A8D60
47BFE2B5
4E15380A
546A8D5F
5ABFE2B4
61153809
676A8D5E
6DBFE2B3
74153808
7A6A8D5D
80BFE2B2
87153807
8D6A8D5C
93BFE2B1
9A153806
A06A8D5B
A6BFE2B0
AD153805
B36A8D5A
B9BFE2AF
C0153804
C66A8D59
CCBFE2AE
D3153803
D96A8D58
DFBFE2AD
E6153802
EC6A8D57
F2BFE2AC
F9153801
FF6A8D56
05BFE2AB
0C153800
126A8D55
18BFE2AA
1F1537FF
256A8D54
2BBFE2A9
321537FE
386A8D53
3EBFE2A8
451537FD
4B6A8D52
51BFE2A7
581537FC
5E6A8D51
64BFE2A6
6B1537FB
716A8D50
77BFE2A5
7E1537FA
846A8D4F
8ABFE2A4
911537F9
976A8D4E
9DBFE2A3
A41537F8
AA6A8D4D
B0BFE2A2
B71537F7
BD6A8D4C
C3BFE2A1
CA1537F6
D06A8D4B
D6BFE2A0
DD1537F5
E36A8D4A
E9BFE29F
F01537F4
F66A8D49
FCBFE29E
031537F3
096A8D48
0FBFE29D
161537F2
1C6A8D47
22BFE29C
291537F1
2F6A8D46
35BFE29B
3C1537F0
426A8D45
48BFE29A
4F1537EF
556A8D44
5BBFE299
621537EE
686A8D43
6EBFE298
751537ED
7B6A8D42
81BFE297
881537EC
8E6A8D41
94BFE296
9B1537EB
A16A8D40
A7BFE295
AE1537EA
B46A8D3F
BABFE294
C11537E9
C76A8D3E
CDBFE293
D41537E8
DA6A8D3D
E0BFE292
E71537E7
ED6A8D3C
F3BFE291
FA1537E6
006A8D3B
06BFE290
0D1537E5
136A8D3A
19BFE28F
201537E4
266A8D39
2CBFE28E
331537E3
396A8D38
3FBFE28D
461537E2
4C6A8D37
52BFE28C
591537E1
5F6A8D36
65BFE28B
6C1537E0
726A8D35
78BFE28A
7F1537DF
856A8D34
8BBFE289
921537DE
986A8D33
9EBFE288
A51537DD
AB6A8D32
B1BFE287
B81537DC
BE6A8D31
C4BFE286
CB1537DB
D16A8D30
D7BFE285
DE1537DA
E46A8D2F
EABFE284
F11537D9
F76A8D2E
FDBFE283
041537D8
0A6A8D2D
10BFE282
171537D7
1D6A8D2C
23BFE281
2A1537D6
306A8D2B
36BFE280
3D1537D5
436A8D2A
49BFE27F
501537D4
566A8D29
5CBFE27E
631537D3
696A8D28
6FBFE27D
761537D2
7C6A8D27
82BFE27C
891537D1
8F6A8D26
95BFE27B
9C1537D0
A26A8D25
A8BFE27A
AF1537CF
B56A8D24
BBBFE279
C21537CE
C86A8D23
CEBFE278
D51537CD
DB6A8D22
E1BFE277
E81537CC
EE6A8D21
F4BFE276
FB1537CB
016A8D20
07BFE275
0E1537CA
146A8D1F
1ABFE274
211537C9
276A8D1E
2DBFE273
341537C8
3A6A8D1D
40BFE272
471537C7
4D6A8D1C
53BFE271
5A1537C6
606A8D1B
66BFE270
6D1537C5
736A8D1A
79BFE26F
801537C4
866A8D19
8CBFE26E
931537C3
996A8D18
9FBFE26D
A61537C2
AC6A8D17
B2BFE26C
B91537C1
BF6A8D16
C5BFE26B
CC1537C0
D26A8D15
D8BFE26A
DF1537BF
E56A8D14
EBBFE269
F21537BE
F86A8D13
FEBFE268
051537BD
0B6A8D12
11BFE267
181537BC
1E6A8D11
24BFE266
2B1537BB
316A8D10
37BFE265
3E1537BA
446A8D0F
4ABFE264
511537B9
576A8D0E
5DBFE263
641537B8
6A6A8D0D
70BFE262
771537B7
7D6A8D0C
83BFE261
8A1537B6
906A8D0B
96BFE260
9D1537B5
A36A8D0A
A9BFE25F
B01537B4
B66A8D09
BCBFE25E
C31537B3
C96A8D08
CFBFE25D
D61537B2
DC6A8D07
E2BFE25C
E91537B1
EF6A8D06
F5BFE25B
FC1537B0
026A8D05
08BFE25A
0F1537AF
156A8D04
1BBFE259
221537AE
286A8D03
2EBFE258
351537AD
3B6A8D02
41BFE257
481537AC
4E6A8D01
54BFE256
5B1537AB
616A8D00
67BFE255
6E1537AA
746A8CFF
7ABFE254
811537A9
876A8CFE
8DBFE253
941537A8
9A6A8CFD
A0BFE252
A71537A7
AD6A8CFC
B3BFE251
BA1537A6
C06A8CFB
C6BFE250
CD1537A5
D36A8CFA
D9BFE24F
E01537A4
E66A8CF9
ECBFE24E
F31537A3
F96A8CF8
FFBFE24D
061537A2
0C6A8CF7
12BFE24C
191537A1
1F6A8CF6
25BFE24B
2C1537A0
326A8CF5
38BFE24A
3F15379F
456A8CF4
4BBFE249
5215379E
586A8CF3
5EBFE248
6515379D
6B6A8CF2
71BFE247
7815379C
7E6A8CF1
84BFE246
8B15379B
916A8CF0
97BFE245
9E15379A
A46A8CEF
AABFE244
B1153799
B76A8CEE
BDBFE243
C4153798
CA6A8CED
D0BFE242
D7153797
DD6A8CEC
E3BFE241
EA153796
F06A8CEB
F6BFE240
FD153795
036A8CEA
09BFE23F
10153794
166A8CE9
1CBFE23E
23153793
296A8CE8
2FBFE23D
36153792
3C6A8CE7
42BFE23C
49153791
4F6A8CE6
55BFE23B
5C153790
626A8CE5
68BFE23A
6F15378F
756A8CE4
7BBFE239
8215378E
886A8CE3
8EBFE238
9515378D
9B6A8CE2
A1BFE237
A815378C
AE6A8CE1
B4BFE236
BB15378B
C16A8CE0
C7BFE235
CE15378A
D46A8CDF
DABFE234
E1153789
E76A8CDE
EDBFE233
F4153788
FA6A8CDD
00BFE232
07153787
0D6A8CDC
13BFE231
1A153786
206A8CDB
26BFE230
2D153785
336A8CDA
39BFE22F
40153784
466A8CD9
4CBFE22E
53153783
596A8CD8
5FBFE22D
66153782
6C6A8CD7
72BFE22C
79153781
7F6A8CD6
85BFE22B
8C153780
926A8CD5
98BFE22A
9F15377F
A56A8CD4
ABBFE229
B215377E
B86A8CD3
BEBFE228
C515377D
CB6A8CD2
D1BFE227
D815377C
DE6A8CD1
E4BFE226
EB15377B
F16A8CD0
F7BFE225
FE15377A
046A8CCF
0ABFE224
11153779
176A8CCE
1DBFE223
24153778
2A6A8CCD
30BFE222
37153777
3D6A8CCC
43BFE221
4A153776
506A8CCB
56BFE220
5D153775
636A8CCA
69BFE21F
70153774
766A8CC9
7CBFE21E
83153773
896A8CC8
8FBFE21D
96153772
9C6A8CC7
A2BFE21C
A9153771
AF6A8CC6
B5BFE21B
BC153770
C26A8CC5
C8BFE21A
CF15376F
D56A8CC4
DBBFE219
E215376E
E86A8CC3
EEBFE218
F515376D
FB6A8CC2
01BFE217
0815376C
0E6A8CC1
14BFE216
1B15376B
216A8CC0
27BFE215
2E15376A
346A8CBF
3ABFE214
41153769
476A8CBE
4DBFE213
54153768
5A6A8CBD
60BFE212
67153767
6D6A8CBC
73BFE211
7A153766
806A8CBB
86BFE210
8D153765
936A8CBA
99BFE20F
A0153764
A66A8CB9
ACBFE20E
B3153763
B96A8CB8
BFBFE20D
C6153762
CC6A8CB7
D2BFE20C
D9153761
DF6A8CB6
E5BFE20B
EC153760
F26A8CB5
F8BFE20A
FF15375F
056A8CB4
0BBFE209
1215375E
186A8CB3
1EBFE208
2515375D
2B6A8CB2
31BFE207
3815375C
3E6A8CB1
44BFE206
4B15375B
516A8CB0
57BFE205
5E15375A
646A8CAF
6ABFE204
71153759
776A8CAE
7DBFE203
84153758
8A6A8CAD
90BFE202
97153757
9D6A8CAC
A3BFE201
AA153756
B06A8CAB
B6BFE200
BD153755
C36A8CAA
C9BFE1FF
D0153754
D66A8CA9
DCBFE1FE
E3153753
E96A8CA8
EFBFE1FD
F6153752
FC6A8CA7
02BFE1FC
09153751
0F6A8CA6
15BFE1FB
1C153750
226A8CA5
28BFE1FA
2F15374F
356A8CA4
3BBFE1F9
4215374E
486A8CA3
4EBFE1F8
5515374D
5B6A8CA2
61BFE1F7
6815374C
6E6A8CA1
74BFE1F6
7B15374B
816A8CA0
87BFE1F5
8E15374A
946A8C9F
9ABFE1F4
A1153749
A76A8C9E
ADBFE1F3
B4153748
BA6A8C9D
C0BFE1F2
C7153747
CD6A8C9C
D3BFE1F1
DA153746
E06A8C9B
E6BFE1F0
ED153745
F36A8C9A
F9BFE1EF
00153744
066A8C99
0CBFE1EE
13153743
196A8C98
1FBFE1ED
26153742
2C6A8C97
32BFE1EC
39153741
3F6A8C96
45BFE1EB
4C153740
526A8C95
58BFE1EA
5F15373F
656A8C94
6BBFE1E9
7215373E
786A8C93
7EBFE1E8
8515373D
8B6A8C92
91BFE1E7
9815373C
9E6A8C91
A4BFE1E6
AB15373B
B16A8C90
B7BFE1E5
BE15373A
C46A8C8F
CABFE1E4
D1153739
D76A8C8E
DDBFE1E3
E4153738
EA6A8C8D
F0BFE1E2
F7153737
FD6A8C8C
03BFE1E1
0A153736
106A8C8B
16BFE1E0
1D153735
236A8C8A
29BFE1DF
30153734
366A8C89
3CBFE1DE
43153733
496A8C88
4FBFE1DD
56153732
5C6A8C87
62BFE1DC
69153731
6F6A8C86
75BFE1DB
7C153730
826A8C85
88BFE1DA
8F15372F
956A8C84
9BBFE1D9
A215372E
A86A8C83
AEBFE1D8
B515372D
BB6A8C82
C1BFE1D7
C815372C
CE6A8C81
D4BFE1D6
DB15372B
E16A8C80
E7BFE1D5
EE15372A
F46A8C7F
FABFE1D4
01153729
076A8C7E
0DBFE1D3
14153728
1A6A8C7D
20BFE1D2
27153727
2D6A8C7C
33BFE1D1
3A153726
406A8C7B
46BFE1D0
4D153725
536A8C7A
59BFE1CF
60153724
666A8C79
6CBFE1CE
73153723
796A8C78
7FBFE1CD
86153722
8C6A8C77
92BFE1CC
99153721
9F6A8C76
A5BFE1CB
AC153720
B26A8C75
B8BFE1CA
BF15371F
C56A8C74
CBBFE1C9
D215371E
D86A8C73
DEBFE1C8
E515371D
EB6A8C72
F1BFE1C7
F815371C
FE6A8C71
04BFE1C6
0B15371B
116A8C70
17BFE1C5
1E15371A
246A8C6F
2ABFE1C4
31153719
376A8C6E
3DBFE1C3
44153718
4A6A8C6D
50BFE1C2
57153717
5D6A8C6C
63BFE1C1
6A153716
706A8C6B
76BFE1C0
7D153715
836A8C6A
89BFE1BF
90153714
966A8C69
9CBFE1BE
A3153713
A96A8C68
AFBFE1BD
B6153712
BC6A8C67
C2BFE1BC
C9153711
CF6A8C66
D5BFE1BB
DC153710
E26A8C65
E8BFE1BA
EF15370F
F56A8C64
FBBFE1B9
0215370E
086A8C63
0EBFE1B8
1515370D
1B6A8C62
21BFE1B7
2815370C
2E6A8C61
34BFE1B6
3B15370B
416A8C60
47BFE1B5
4E15370A
546A8C5F
5ABFE1B4
61153709
676A8C5E
6DBFE1B3
74153708
7A6A8C5D
80BFE1B2
87153707
8D6A8C5C
93BFE1B1
9A153706
A06A8C5B
A6BFE1B0
AD153705
B36A8C5A
B9BFE1AF
C0153704
C66A8C59
CCBFE1AE
D3153703
D96A8C58
DFBFE1AD
E6153702
EC6A8C57
F2BFE1AC
F9153701
FF6A8C56
05BFE1AB
0C153700
126A8C55
18BFE1AA
1F1536FF
256A8C54
2BBFE1A9
321536FE
386A8C53
3EBFE1A8
451536FD
4B6A8C52
51BFE1A7
581536FC
5E6A8C51
64BFE1A6
6B1536FB
716A8C50
77BFE1A5
7E1536FA
846A8C4F
8ABFE1A4
911536F9
976A8C4E
9DBFE1A3
A41536F8
AA6A8C4D
B0BFE1A2
B71536F7
BD6A8C4C
C3BFE1A1
CA1536F6
D06A8C4B
D6BFE1A0
DD1536F5
E36A8C4A
E9BFE19F
F01536F4
F66A8C49
FCBFE19E
031536F3
096A8C48
0FBFE19D
161536F2
1C6A8C47
22BFE19C
291536F1
2F6A8C46
35BFE19B
3C1536F0
426A8C45
48BFE19A
4F1536EF
556A8C44
5BBFE199
621536EE
686A8C43
6EBFE198
751536ED
7B6A8C42
81BFE197
881536EC
8E6A8C41
94BFE196
9B1536EB
A16A8C40
A7BFE195
AE1536EA
B46A8C3F
BABFE194
C11536E9
C76A8C3E
CDBFE193
D41536E8
DA6A8C3D
E0BFE192
E71536E7
ED6A8C3C
F3BFE191
FA1536E6
006A8C3B
06BFE190
0D1536E5
136A8C3A
19BFE18F
201536E4
266A8C39
2CBFE18E
331536E3
396A8C38
3FBFE18D
461536E2
4C6A8C37
52BFE18C
591536E1
5F6A8C36
65BFE18B
6C1536E0
726A8C35
78BFE18A
7F1536DF
856A8C34
8BBFE189
921536DE
986A8C33
9EBFE188
A51536DD
AB6A8C32
B1BFE187
B81536DC
BE6A8C31
C4BFE186
CB1536DB
D16A8C30
D7BFE185
DE1536DA
E46A8C2F
EABFE184
F11536D9
F76A8C2E
FDBFE183
041536D8
0A6A8C2D
10BFE182
171536D7
1D6A8C2C
23BFE181
2A1536D6
306A8C2B
36BFE180
3D1536D5
436A8C2A
49BFE17F
501536D4
566A8C29
5CBFE17E
631536D3
696A8C28
6FBFE17D
761536D2
7C6A8C27
82BFE17C
891536D1
8F6A8C26
95BFE17B
9C1536D0
A26A8C25
A8BFE17A
AF1536CF
B56A8C24
BBBFE179
C21536CE
C86A8C23
CEBFE178
D51536CD
DB6A8C22
E1BFE177
E81536CC
EE6A8C21
F4BFE176
FB1536CB
016A8C20
07BFE175
0E1536CA
146A8C1F
1ABFE174
211536C9
276A8C1E
2DBFE173
341536C8
3A6A8C1D
40BFE172
471536C7
4D6A8C1C
53BFE171
5A1536C6
606A8C1B
66BFE170
6D1536C5
736A8C1A
79BFE16F
801536C4
866A8C19
8CBFE16E
931536C3
996A8C18
9FBFE16D
A61536C2
AC6A8C17
B2BFE16C
B91536C1
BF6A8C16
C5BFE16B
CC1536C0
D26A8C15
D8BFE16A
DF1536BF
E56A8C14
EBBFE169
F21536BE
F86A8C13
FEBFE168
051536BD
0B6A8C12
11BFE167
181536BC
1E6A8C11
24BFE166
2B1536BB
316A8C10
37BFE165
3E1536BA
446A8C0F
4ABFE164
511536B9
576A8C0E
5DBFE163
641536B8
6A6A8C0D
70BFE162
771536B7
7D6A8C0C
83BFE161
8A1536B6
906A8C0B
96BFE160
9D1536B5
A36A8C0A
A9BFE15F
B01536B4
B66A8C09
BCBFE15E
C31536B3
C96A8C08
CFBFE15D
D61536B2
DC6A8C07
E2BFE15C
E91536B1
EF6A8C06
F5BFE15B
FC1536B0
026A8C05
08BFE15A
0F1536AF
156A8C04
1BBFE159
221536AE
286A8C03
2EBFE158
351536AD
3B6A8C02
41BFE157
481536AC
4E6A8C01
54BFE156
5B1536AB
616A8C00
67BFE155
6E1536AA
746A8BFF
7ABFE154
811536A9
876A8BFE
8DBFE153
941536A8
9A6A8BFD
A0BFE152
A71536A7
AD6A8BFC
B3BFE151
BA1536A6
C06A8BFB
C6BFE150
CD1536A5
D36A8BFA
D9BFE14F
E01536A4
E66A8BF9
ECBFE14E
F31536A3
F96A8BF8
FFBFE14D
061536A2
0C6A8BF7
12BFE14C
191536A1
1F6A8BF6
25BFE14B
2C1536A0
326A8BF5
38BFE14A
3F15369F
456A8BF4
4BBFE149
5215369E
586A8BF3
5EBFE148
6515369D
6B6A8BF2
71BFE147
7815369C
7E6A8BF1
84BFE146
8B15369B
916A8BF0
97BFE145
9E15369A
A46A8BEF
AABFE144
B1153699
B76A8BEE
BDBFE143
C4153698
CA6A8BED
D0BFE142
D7153697
DD6A8BEC
E3BFE141
EA153696
F06A8BEB
F6BFE140
FD153695
036A8BEA
09BFE13F
10153694
166A8BE9
1CBFE13E
23153693
296A8BE8
2FBFE13D
36153692
3C6A8BE7
42BFE13C
49153691
4F6A8BE6
55BFE13B
5C153690
626A8BE5
68BFE13A
6F15368F
756A8BE4
7BBFE139
8215368E
886A8BE3
8EBFE138
9515368D
9B6A8BE2
A1BFE137
A815368C
AE6A8BE1
B4BFE136
BB15368B
C16A8BE0
C7BFE135
CE15368A
D46A8BDF
DABFE134
E1153689
E76A8BDE
EDBFE133
F4153688
FA6A8BDD
00BFE132
07153687
0D6A8BDC
13BFE131
1A153686
206A8BDB
26BFE130
2D153685
336A8BDA
39BFE12F
40153684
466A8BD9
4CBFE12E
53153683
596A8BD8
5FBFE12D
66153682
6C6A8BD7
72BFE12C
79153681
7F6A8BD6
85BFE12B
8C153680
926A8BD5
98BFE12A
9F15367F
A56A8BD4
ABBFE129
B215367E
B86A8BD3
BEBFE128
C515367D
CB6A8BD2
D1BFE127
D815367C
DE6A8BD1
E4BFE126
EB15367B
F16A8BD0
F7BFE125
FE15367A
046A8BCF
0ABFE124
11153679
176A8BCE
1DBFE123
24153678
2A6A8BCD
30BFE122
37153677
3D6A8BCC
43BFE121
4A153676
506A8BCB
56BFE120
5D153675
636A8BCA
69BFE11F
70153674
766A8BC9
7CBFE11E
83153673
896A8BC8
8FBFE11D
96153672
9C6A8BC7
A2BFE11C
A9153671
AF6A8BC6
B5BFE11B
BC153670
C26A8BC5
C8BFE11A
CF15366F
D56A8BC4
DBBFE119
E215366E
E86A8BC3
EEBFE118
F515366D
FB6A8BC2
01BFE117
0815366C
0E6A8BC1
14BFE116
1B15366B
216A8BC0
27BFE115
2E15366A
346A8BBF
3ABFE114
41153669
476A8BBE
4DBFE113
54153668
5A6A8BBD
60BFE112
67153667
6D6A8BBC
73BFE111
7A153666
806A8BBB
86BFE110
8D153665
936A8BBA
99BFE10F
A0153664
A66A8BB9
ACBFE10E
B3153663
B96A8BB8
BFBFE10D
C6153662
CC6A8BB7
D2BFE10C
D9153661
DF6A8BB6
E5BFE10B
EC153660
F26A8BB5
F8BFE10A
FF15365F
056A8BB4
0BBFE109
1215365E
186A8BB3
1EBFE108
2515365D
2B6A8BB2
31BFE107
3815365C
3E6A8BB1
44BFE106
4B15365B
516A8BB0
57BFE105
5E15365A
646A8BAF
6ABFE104
71153659
776A8BAE
7DBFE103
84153658
8A6A8BAD
90BFE102
97153657
9D6A8BAC
A3BFE101
AA153656
B06A8BAB
B6BFE100
BD153655
C36A8BAA
C9BFE0FF
D0153654
D66A8BA9
DCBFE0FE
E3153653
E96A8BA8
EFBFE0FD
F6153652
FC6A8BA7
02BFE0FC
09153651
0F6A8BA6
15BFE0FB
1C153650
226A8BA5
28BFE0FA
2F15364F
356A8BA4
3BBFE0F9
4215364E
486A8BA3
4EBFE0F8
5515364D
5B6A8BA2
61BFE0F7
6815364C
6E6A8BA1
74BFE0F6
7B15364B
816A8BA0
87BFE0F5
8E15364A
946A8B9F
9ABFE0F4
A1153649
A76A8B9E
ADBFE0F3
B4153648
BA6A8B9D
C0BFE0F2
C7153647
CD6A8B9C
D3BFE0F1
DA153646
E06A8B9B
E6BFE0F0
ED153645
F36A8B9A
F9BFE0EF
00153644
066A8B99
0CBFE0EE
13153643
196A8B98
1FBFE0ED
26153642
2C6A8B97
32BFE0EC
39153641
3F6A8B96
45BFE0EB
4C153640
526A8B95
58BFE0EA
5F15363F
656A8B94
6BBFE0E9
7215363E
786A8B93
7EBFE0E8
8515363D
8B6A8B92
91BFE0E7
9815363C
9E6A8B91
A4BFE0E6
AB15363B
B16A8B90
B7BFE0E5
BE15363A
C46A8B8F
CABFE0E4
D1153639
D76A8B8E
DDBFE0E3
E4153638
EA6A8B8D
F0BFE0E2
F7153637
FD6A8B8C
03BFE0E1
0A153636
106A8B8B
16BFE0E0
1D153635
236A8B8A
29BFE0DF
30153634
366A8B89
3CBFE0DE
43153633
496A8B88
4FBFE0DD
56153632
5C6A8B87
62BFE0DC
69153631
6F6A8B86
75BFE0DB
7C153630
826A8B85
88BFE0DA
8F15362F
956A8B84
9BBFE0D9
A215362E
A86A8B83
AEBFE0D8
B515362D
BB6A8B82
C1BFE0D7
C815362C
CE6A8B81
D4BFE0D6
DB15362B
E16A8B80
E7BFE0D5
EE15362A
F46A8B7F
FABFE0D4
01153629
076A8B7E
0DBFE0D3
14153628
1A6A8B7D
20BFE0D2
27153627
2D6A8B7C
33BFE0D1
3A153626
406A8B7B
46BFE0D0
4D153625
536A8B7A
59BFE0CF
60153624
666A8B79
6CBFE0CE
73153623
796A8B78
7FBFE0CD
86153622
8C6A8B77
92BFE0CC
99153621
9F6A8B76
A5BFE0CB
AC153620
B26A8B75
B8BFE0CA
BF15361F
C56A8B74
CBBFE0C9
D215361E
D86A8B73
DEBFE0C8
E515361D
EB6A8B72
F1BFE0C7
F815361C
FE6A8B71
04BFE0C6
0B15361B
116A8B70
17BFE0C5
1E15361A
246A8B6F
2ABFE0C4
31153619
376A8B6E
3DBFE0C3
44153618
4A6A8B6D
50BFE0C2
57153617
5D6A8B6C
63BFE0C1
6A153616
706A8B6B
76BFE0C0
7D153615
836A8B6A
89BFE0BF
90153614
966A8B69
9CBFE0BE
A3153613
A96A8B68
AFBFE0BD
B6153612
BC6A8B67
C2BFE0BC
C9153611
CF6A8B66
D5BFE0BB
DC153610
E26A8B65
E8BFE0BA
EF15360F
F56A8B64
FBBFE0B9
0215360E
086A8B63
0EBFE0B8
1515360D
1B6A8B62
21BFE0B7
2815360C
2E6A8B61
34BFE0B6
3B15360B
416A8B60
47BFE0B5
4E15360A
546A8B5F
5ABFE0B4
61153609
676A8B5E
6DBFE0B3
74153608
7A6A8B5D
80BFE0B2
87153607
8D6A8B5C
93BFE0B1
9A153606
A06A8B5B
A6BFE0B0
AD153605
B36A8B5A
B9BFE0AF
C0153604
C66A8B59
CCBFE0AE
D3153603
D96A8B58
DFBFE0AD
E6153602
EC6A8B57
F2BFE0AC
F9153601
FF6A8B56
05BFE0AB
0C153600
126A8B55
18BFE0AA
1F1535FF
256A8B54
2BBFE0A9
321535FE
386A8B53
3EBFE0A8
451535FD
4B6A8B52
51BFE0A7
581535FC
5E6A8B51
64BFE0A6
6B1535FB
716A8B50
77BFE0A5
7E1535FA
846A8B4F
8ABFE0A4
911535F9
976A8B4E
9DBFE0A3
A41535F8
AA6A8B4D
B0BFE0A2
B71535F7
BD6A8B4C
C3BFE0A1
CA1535F6
D06A8B4B
D6BFE0A0
DD1535F5
E36A8B4A
E9BFE09F
F01535F4
F66A8B49
FCBFE09E
031535F3
096A8B48
0FBFE09D
161535F2
1C6A8B47
22BFE09C
291535F1
2F6A8B46
35BFE09B
3C1535F0
426A8B45
48BFE09A
4F1535EF
556A8B44
5BBFE099
621535EE
686A8B43
6EBFE098
751535ED
7B6A8B42
81BFE097
881535EC
8E6A8B41
94BFE096
9B1535EB
A16A8B40
A7BFE095
AE1535EA
B46A8B3F
BABFE094
C11535E9
C76A8B3E
CDBFE093
D41535E8
DA6A8B3D
E0BFE092
E71535E7
ED6A8B3C
F3BFE091
FA1535E6
006A8B3B
06BFE090
0D1535E5
136A8B3A
19BFE08F
201535E4
266A8B39
2CBFE08E
331535E3
396A8B38
3FBFE08D
461535E2
4C6A8B37
52BFE08C
591535E1
5F6A8B36
65BFE08B
6C1535E0
726A8B35
78BFE08A
7F1535DF
856A8B34
8BBFE089
921535DE
986A8B33
9EBFE088
A51535DD
AB6A8B32
B1BFE087
B81535DC
BE6A8B31
C4BFE086
CB1535DB
D16A8B30
D7BFE085
DE1535DA
E46A8B2F
EABFE084
F11535D9
F76A8B2E
FDBFE083
041535D8
0A6A8B2D
10BFE082
171535D7
1D6A8B2C
23BFE081
2A1535D6
306A8B2B
36BFE080
3D1535D5
436A8B2A
49BFE07F
501535D4
566A8B29
5CBFE07E
631535D3
696A8B28
6FBFE07D
761535D2
7C6A8B27
82BFE07C
891535D1
8F6A8B26
95BFE07B
9C1535D0
A26A8B25
A8BFE07A
AF1535CF
B56A8B24
BBBFE079
C21535CE
C86A8B23
CEBFE078
D51535CD
DB6A8B22
E1BFE077
E81535CC
EE6A8B21
F4BFE076
FB1535CB
016A8B20
07BFE075
0E1535CA
146A8B1F
1ABFE074
211535C9
276A8B1E
2DBFE073
341535C8
3A6A8B1D
40BFE072
471535C7
4D6A8B1C
53BFE071
5A1535C6
606A8B1B
66BFE070
6D1535C5
736A8B1A
79BFE06F
801535C4
866A8B19
8CBFE06E
931535C3
996A8B18
9FBFE06D
A61535C2
AC6A8B17
B2BFE06C
B91535C1
BF6A8B16
C5BFE06B
CC1535C0
D26A8B15
D8BFE06A
DF1535BF
E56A8B14
EBBFE069
F21535BE
F86A8B13
FEBFE068
051535BD
0B6A8B12
11BFE067
181535BC
1E6A8B11
24BFE066
2B1535BB
316A8B10
37BFE065
3E1535BA
446A8B0F
4ABFE064
511535B9
576A8B0E
5DBFE063
641535B8
6A6A8B0D
70BFE062
771535B7
7D6A8B0C
83BFE061
8A1535B6
906A8B0B
96BFE060
9D1535B5
A36A8B0A
A9BFE05F
B01535B4
B66A8B09
BCBFE05E
C31535B3
C96A8B08
CFBFE05D
D61535B2
DC6A8B07
E2BFE05C
E91535B1
EF6A8B06
F5BFE05B
FC1535B0
026A8B05
08BFE05A
0F1535AF
156A8B04
1BBFE059
221535AE
286A8B03
2EBFE058
351535AD
3B6A8B02
41BFE057
481535AC
4E6A8B01
54BFE056
5B1535AB
616A8B00
67BFE055
6E1535AA
746A8AFF
7ABFE054
811535A9
876A8AFE
8DBFE053
941535A8
9A6A8AFD
A0BFE052
A71535A7
AD6A8AFC
B3BFE051
BA1535A6
C06A8AFB
C6BFE050
CD1535A5
D36A8AFA
D9BFE04F
E01535A4
E66A8AF9
ECBFE04E
F31535A3
F96A8AF8
FFBFE04D
061535A2
0C6A8AF7
12BFE04C
191535A1
1F6A8AF6
25BFE04B
2C1535A0
326A8AF5
38BFE04A
3F15359F
456A8AF4
4BBFE049
5215359E
586A8AF3
5EBFE048
6515359D
6B6A8AF2
71BFE047
7815359C
7E6A8AF1
84BFE046
8B15359B
916A8AF0
97BFE045
9E15359A
A46A8AEF
AABFE044
B1153599
B76A8AEE
BDBFE043
C4153598
CA6A8AED
D0BFE042
D7153597
DD6A8AEC
E3BFE041
EA153596
F06A8AEB
F6BFE040
FD153595
036A8AEA
09BFE03F
10153594
166A8AE9
1CBFE03E
23153593
296A8AE8
2FBFE03D
36153592
3C6A8AE7
42BFE03C
49153591
4F6A8AE6
55BFE03B
5C153590
626A8AE5
68BFE03A
6F15358F
756A8AE4
7BBFE039
8215358E
886A8AE3
8EBFE038
9515358D
9B6A8AE2
A1BFE037
A815358C
AE6A8AE1
B4BFE036
BB15358B
C16A8AE0
C7BFE035
CE15358A
D46A8ADF
DABFE034
E1153589
E76A8ADE
EDBFE033
F4153588
FA6A8ADD
00BFE032
07153587
0D6A8ADC
13BFE031
1A153586
206A8ADB
26BFE030
2D153585
336A8ADA
39BFE02F
40153584
466A8AD9
4CBFE02E
53153583
596A8AD8
5FBFE02D
66153582
6C6A8AD7
72BFE02C
79153581
7F6A8AD6
85BFE02B
8C153580
926A8AD5
98BFE02A
9F15357F
A56A8AD4
ABBFE029
B215357E
B86A8AD3
BEBFE028
C515357D
CB6A8AD2
D1BFE027
D815357C
DE6A8AD1
E4BFE026
EB15357B
F16A8AD0
F7BFE025
FE15357A
046A8ACF
0ABFE024
11153579
176A8ACE
1DBFE023
24153578
2A6A8ACD
30BFE022
37153577
3D6A8ACC
43BFE021
4A153576
506A8ACB
56BFE020
5D153575
636A8ACA
69BFE01F
70153574
766A8AC9
7CBFE01E
83153573
896A8AC8
8FBFE01D
96153572
9C6A8AC7
A2BFE01C
A9153571
AF6A8AC6
B5BFE01B
BC153570
C26A8AC5
C8BFE01A
CF15356F
D56A8AC4
DBBFE019
E215356E
E86A8AC3
EEBFE018
F515356D
FB6A8AC2
01BFE017
0815356C
0E6A8AC1
14BFE016
1B15356B
216A8AC0
27BFE015
2E15356A
346A8ABF
3ABFE014
41153569
476A8ABE
4DBFE013
54153568
5A6A8ABD
60BFE012
67153567
6D6A8ABC
73BFE011
7A153566
806A8ABB
86BFE010
8D153565
936A8ABA
99BFE00F
A0153564
A66A8AB9
ACBFE00E
B3153563
B96A8AB8
BFBFE00D
C6153562
CC6A8AB7
D2BFE00C
D9153561
DF6A8AB6
E5BFE00B
EC153560
F26A8AB5
F8BFE00A
FF15355F
056A8AB4
0BBFE009
1215355E
186A8AB3
1EBFE008
2515355D
2B6A8AB2
31BFE007
3815355C
3E6A8AB1
44BFE006
4B15355B
516A8AB0
57BFE005
5E15355A
646A8AAF
6ABFE004
71153559
776A8AAE
7DBFE003
84153558
8A6A8AAD
90BFE002
97153557
9D6A8AAC
A3BFE001
AA153556
B06A8AAB
B6BFE000
BD153555
C36A8AAA
C9BFDFFF
D0153554
D66A8AA9
DCBFDFFE
E3153553
E96A8AA8
EFBFDFFD
F6153552
FC6A8AA7
02BFDFFC
09153551
0F6A8AA6
15BFDFFB
1C153550
226A8AA5
28BFDFFA
2F15354F
356A8AA4
3BBFDFF9
4215354E
486A8AA3
4EBFDFF8
5515354D
5B6A8AA2
61BFDFF7
6815354C
6E6A8AA1
74BFDFF6
7B15354B
816A8AA0
87BFDFF5
8E15354A
946A8A9F
9ABFDFF4
A1153549
A76A8A9E
ADBFDFF3
B4153548
BA6A8A9D
C0BFDFF2
C7153547
CD6A8A9C
D3BFDFF1
DA153546
E06A8A9B
E6BFDFF0
ED153545
F36A8A9A
F9BFDFEF
00153544
066A8A99
0CBFDFEE
13153543
196A8A98
1FBFDFED
26153542
2C6A8A97
32BFDFEC
39153541
3F6A8A96
45BFDFEB
4C153540
526A8A95
58BFDFEA
5F15353F
656A8A94
6BBFDFE9
7215353E
786A8A93
7EBFDFE8
8515353D
8B6A8A92
91BFDFE7
9815353C
9E6A8A91
A4BFDFE6
AB15353B
B16A8A90
B7BFDFE5
BE15353A
C46A8A8F
CABFDFE4
D1153539
D76A8A8E
DDBFDFE3
E4153538
EA6A8A8D
F0BFDFE2
F7153537
FD6A8A8C
03BFDFE1
0A153536
106A8A8B
16BFDFE0
1D153535
236A8A8A
29BFDFDF
30153534
366A8A89
3CBFDFDE
43153533
496A8A88
4FBFDFDD
56153532
5C6A8A87
62BFDFDC
69153531
6F6A8A86
75BFDFDB
7C153530
826A8A85
88BFDFDA
8F15352F
956A8A84
9BBFDFD9
A215352E
A86A8A83
AEBFDFD8
B515352D
BB6A8A82
C1BFDFD7
C815352C
CE6A8A81
D4BFDFD6
DB15352B
E16A8A80
E7BFDFD5
EE15352A
F46A8A7F
FABFDFD4
01153529
076A8A7E
0DBFDFD3
14153528
1A6A8A7D
20BFDFD2
27153527
2D6A8A7C
33BFDFD1
3A153526
406A8A7B
46BFDFD0
4D153525
536A8A7A
59BFDFCF
60153524
666A8A79
6CBFDFCE
73153523
796A8A78
7FBFDFCD
86153522
8C6A8A77
92BFDFCC
99153521
9F6A8A76
A5BFDFCB
AC153520
B26A8A75
B8BFDFCA
BF15351F
C56A8A74
CBBFDFC9
D215351E
D86A8A73
DEBFDFC8
E515351D
EB6A8A72
F1BFDFC7
F815351C
FE6A8A71
04BFDFC6
0B15351B
116A8A70
17BFDFC5
1E15351A
246A8A6F
2ABFDFC4
31153519
376A8A6E
3DBFDFC3
44153518
4A6A8A6D
50BFDFC2
57153517
5D6A8A6C
63BFDFC1
6A153516
706A8A6B
76BFDFC0
7D153515
836A8A6A
89BFDFBF
90153514
966A8A69
9CBFDFBE
A3153513
A96A8A68
AFBFDFBD
B6153512
BC6A8A67
C2BFDFBC
C9153511
CF6A8A66
D5BFDFBB
DC153510
E26A8A65
E8BFDFBA
EF15350F
F56A8A64
FBBFDFB9
0215350E
086A8A63
0EBFDFB8
1515350D
1B6A8A62
21BFDFB7
2815350C
2E6A8A61
34BFDFB6
3B15350B
416A8A60
47BFDFB5
4E15350A
546A8A5F
5ABFDFB4
61153509
676A8A5E
6DBFDFB3
74153508
7A6A8A5D
80BFDFB2
87153507
8D6A8A5C
93BFDFB1
9A153506
A06A8A5B
A6BFDFB0
AD153505
B36A8A5A
B9BFDFAF
C0153504
C66A8A59
CCBFDFAE
D3153503
D96A8A58
DFBFDFAD
E6153502
EC6A8A57
F2BFDFAC
F9153501
FF6A8A56
05BFDFAB
0C153500
126A8A55
18BFDFAA
1F1534FF
256A8A54
2BBFDFA9
321534FE
386A8A53
3EBFDFA8
451534FD
4B6A8A52
51BFDFA7
581534FC
5E6A8A51
64BFDFA6
6B1534FB
716A8A50
77BFDFA5
7E1534FA
846A8A4F
8ABFDFA4
911534F9
976A8A4E
9DBFDFA3
A41534F8
AA6A8A4D
B0BFDFA2
B71534F7
BD6A8A4C
C3BFDFA1
CA1534F6
D06A8A4B
D6BFDFA0
DD1534F5
E36A8A4A
E9BFDF9F
F01534F4
F66A8A49
FCBFDF9E
031534F3
096A8A48
0FBFDF9D
161534F2
1C6A8A47
22BFDF9C
291534F1
2F6A8A46
35BFDF9B
3C1534F0
426A8A45
48BFDF9A
4F1534EF
556A8A44
5BBFDF99
621534EE
686A8A43
6EBFDF98
751534ED
7B6A8A42
81BFDF97
881534EC
8E6A8A41
94BFDF96
9B1534EB
A16A8A40
A7BFDF95
AE1534EA
B46A8A3F
BABFDF94
C11534E9
C76A8A3E
CDBFDF93
D41534E8
DA6A8A3D
E0BFDF92
E71534E7
ED6A8A3C
F3BFDF91
FA1534E6
006A8A3B
06BFDF90
0D1534E5
136A8A3A
19BFDF8F
201534E4
266A8A39
2CBFDF8E
331534E3
396A8A38
3FBFDF8D
461534E2
4C6A8A37
52BFDF8C
591534E1
5F6A8A36
65BFDF8B
6C1534E0
726A8A35
78BFDF8A
7F1534DF
856A8A34
8BBFDF89
921534DE
986A8A33
9EBFDF88
A51534DD
AB6A8A32
B1BFDF87
B81534DC
BE6A8A31
C4BFDF86
CB1534DB
D16A8A30
D7BFDF85
DE1534DA
E46A8A2F
EABFDF84
F11534D9
F76A8A2E
FDBFDF83
041534D8
0A6A8A2D
10BFDF82
171534D7
1D6A8A2C
23BFDF81
2A1534D6
306A8A2B
36BFDF80
3D1534D5
436A8A2A
49BFDF7F
501534D4
566A8A29
5CBFDF7E
631534D3
696A8A28
6FBFDF7D
761534D2
7C6A8A27
82BFDF7C
891534D1
8F6A8A26
95BFDF7B
9C1534D0
A26A8A25
A8BFDF7A
AF1534CF
B56A8A24
BBBFDF79
C21534CE
C86A8A23
CEBFDF78
D51534CD
DB6A8A22
E1BFDF77
E81534CC
EE6A8A21
F4BFDF76
FB1534CB
016A8A20
07BFDF75
0E1534CA
146A8A1F
1ABFDF74
211534C9
276A8A1E
2DBFDF73
341534C8
3A6A8A1D
40BFDF72
471534C7
4D6A8A1C
53BFDF71
5A1534C6
606A8A1B
66BFDF70
6D1534C5
736A8A1A
79BFDF6F
801534C4
866A8A19
8CBFDF6E
931534C3
996A8A18
9FBFDF6D
A61534C2
AC6A8A17
B2BFDF6C
B91534C1
BF6A8A16
C5BFDF6B
CC1534C0
D26A8A15
D8BFDF6A
DF1534BF
E56A8A14
EBBFDF69
F21534BE
F86A8A13
FEBFDF68
051534BD
0B6A8A12
11BFDF67
181534BC
1E6A8A11
24BFDF66
2B1534BB
316A8A10
37BFDF65
3E1534BA
446A8A0F
4ABFDF64
511534B9
576A8A0E
5DBFDF63
641534B8
6A6A8A0D
70BFDF62
771534B7
7D6A8A0C
83BFDF61
8A1534B6
906A8A0B
96BFDF60
9D1534B5
A36A8A0A
A9BFDF5F
B01534B4
B66A8A09
BCBFDF5E
C31534B3
C96A8A08
CFBFDF5D
D61534B2
DC6A8A07
E2BFDF5C
E91534B1
EF6A8A06
F5BFDF5B
FC1534B0
026A8A05
08BFDF5A
0F1534AF
156A8A04
1BBFDF59
221534AE
286A8A03
2EBFDF58
351534AD
3B6A8A02
41BFDF57
481534AC
4E6A8A01
54BFDF56
5B1534AB
616A8A00
67BFDF55
6E1534AA
746A89FF
7ABFDF54
811534A9
876A89FE
8DBFDF53
941534A8
9A6A89FD
A0BFDF52
A71534A7
AD6A89FC
B3BFDF51
BA1534A6
C06A89FB
C6BFDF50
CD1534A5
D36A89FA
D9BFDF4F
E01534A4
E66A89F9
ECBFDF4E
F31534A3
F96A89F8
FFBFDF4D
061534A2
0C6A89F7
12BFDF4C
191534A1
1F6A89F6
25BFDF4B
2C1534A0
326A89F5
38BFDF4A
3F15349F
456A89F4
4BBFDF49
5215349E
586A89F3
5EBFDF48
6515349D
6B6A89F2
71BFDF47
7815349C
7E6A89F1
84BFDF46
8B15349B
916A89F0
97BFDF45
9E15349A
A46A89EF
AABFDF44
B1153499
B76A89EE
BDBFDF43
C4153498
CA6A89ED
D0BFDF42
D7153497
DD6A89EC
E3BFDF41
EA153496
F06A89EB
F6BFDF40
FD153495
036A89EA
09BFDF3F
10153494
166A89E9
1CBFDF3E
23153493
296A89E8
2FBFDF3D
36153492
3C6A89E7
42BFDF3C
49153491
4F6A89E6
55BFDF3B
5C153490
626A89E5
68BFDF3A
6F15348F
756A89E4
7BBFDF39
8215348E
886A89E3
8EBFDF38
9515348D
9B6A89E2
A1BFDF37
A815348C
AE6A89E1
B4BFDF36
BB15348B
C16A89E0
C7BFDF35
CE15348A
D46A89DF
DABFDF34
E1153489
E76A89DE
EDBFDF33
F4153488
FA6A89DD
00BFDF32
07153487
0D6A89DC
13BFDF31
1A153486
206A89DB
26BFDF30
2D153485
336A89DA
39BFDF2F
40153484
466A89D9
4CBFDF2E
53153483
596A89D8
5FBFDF2D
66153482
6C6A89D7
72BFDF2C
79153481
7F6A89D6
85BFDF2B
8C153480
926A89D5
98BFDF2A
9F15347F
A56A89D4
ABBFDF29
B215347E
B86A89D3
BEBFDF28
C515347D
CB6A89D2
D1BFDF27
D815347C
DE6A89D1
E4BFDF26
EB15347B
F16A89D0
F7BFDF25
FE15347A
046A89CF
0ABFDF24
11153479
176A89CE
1DBFDF23
24153478
2A6A89CD
30BFDF22
37153477
3D6A89CC
43BFDF21
4A153476
506A89CB
56BFDF20
5D153475
636A89CA
69BFDF1F
70153474
766A89C9
7CBFDF1E
83153473
896A89C8
8FBFDF1D
96153472
9C6A89C7
A2BFDF1C
A9153471
AF6A89C6
B5BFDF1B
BC153470
C26A89C5
C8BFDF1A
CF15346F
D56A89C4
DBBFDF19
E215346E
E86A89C3
EEBFDF18
F515346D
FB6A89C2
01BFDF17
0815346C
0E6A89C1
14BFDF16
1B15346B
216A89C0
27BFDF15
2E15346A
346A89BF
3ABFDF14
41153469
476A89BE
4DBFDF13
54153468
5A6A89BD
60BFDF12
67153467
6D6A89BC
73BFDF11
7A153466
806A89BB
86BFDF10
8D153465
936A89BA
99BFDF0F
A0153464
A66A89B9
ACBFDF0E
B3153463
B96A89B8
BFBFDF0D
C6153462
CC6A89B7
D2BFDF0C
D9153461
DF6A89B6
E5BFDF0B
EC153460
F26A89B5
F8BFDF0A
FF15345F
056A89B4
0BBFDF09
1215345E
186A89B3
1EBFDF08
2515345D
2B6A89B2
31BFDF07
3815345C
3E6A89B1
44BFDF06
4B15345B
516A89B0
57BFDF05
5E15345A
646A89AF
6ABFDF04
71153459
776A89AE
7DBFDF03
84153458
8A6A89AD
90BFDF02
97153457
9D6A89AC
A3BFDF01
AA153456
B06A89AB
B6BFDF00
BD153455
C36A89AA
C9BFDEFF
D0153454
D66A89A9
DCBFDEFE
E3153453
E96A89A8
EFBFDEFD
F6153452
FC6A89A7
02BFDEFC
09153451
0F6A89A6
15BFDEFB
1C153450
226A89A5
28BFDEFA
2F15344F
356A89A4
3BBFDEF9
4215344E
486A89A3
4EBFDEF8
5515344D
5B6A89A2
61BFDEF7
6815344C
6E6A89A1
74BFDEF6
7B15344B
816A89A0
87BFDEF5
8E15344A
946A899F
9ABFDEF4
A1153449
A76A899E
ADBFDEF3
B4153448
BA6A899D
C0BFDEF2
C7153447
CD6A899C
D3BFDEF1
DA153446
E06A899B
E6BFDEF0
ED153445
F36A899A
F9BFDEEF
00153444
066A8999
0CBFDEEE
13153443
196A8998
1FBFDEED
26153442
2C6A8997
32BFDEEC
39153441
3F6A8996
45BFDEEB
4C153440
526A8995
58BFDEEA
5F15343F
656A8994
6BBFDEE9
7215343E
786A8993
7EBFDEE8
8515343D
8B6A8992
91BFDEE7
9815343C
9E6A8991
A4BFDEE6
AB15343B
B16A8990
B7BFDEE5
BE15343A
C46A898F
CABFDEE4
D1153439
D76A898E
DDBFDEE3
E4153438
EA6A898D
F0BFDEE2
F7153437
FD6A898C
03BFDEE1
0A153436
106A898B
16BFDEE0
1D153435
236A898A
29BFDEDF
30153434
366A8989
3CBFDEDE
43153433
496A8988
4FBFDEDD
56153432
5C6A8987
62BFDEDC
69153431
6F6A8986
75BFDEDB
7C153430
826A8985
88BFDEDA
8F15342F
956A8984
9BBFDED9
A215342E
A86A8983
AEBFDED8
B515342D
BB6A8982
C1BFDED7
C815342C
CE6A8981
D4BFDED6
DB15342B
E16A8980
E7BFDED5
EE15342A
F46A897F
FABFDED4
01153429
076A897E
0DBFDED3
14153428
1A6A897D
20BFDED2
27153427
2D6A897C
33BFDED1
3A153426
406A897B
46BFDED0
4D153425
536A897A
59BFDECF
60153424
666A8979
6CBFDECE
73153423
796A8978
7FBFDECD
86153422
8C6A8977
92BFDECC
99153421
9F6A8976
A5BFDECB
AC153420
B26A8975
B8BFDECA
BF15341F
C56A8974
CBBFDEC9
D215341E
D86A8973
DEBFDEC8
E515341D
EB6A8972
F1BFDEC7
F815341C
FE6A8971
04BFDEC6
0B15341B
116A8970
17BFDEC5
1E15341A
246A896F
2ABFDEC4
31153419
376A896E
3DBFDEC3
44153418
4A6A896D
50BFDEC2
57153417
5D6A896C
63BFDEC1
6A153416
706A896B
76BFDEC0
7D153415
836A896A
89BFDEBF
90153414
966A8969
9CBFDEBE
A3153413
A96A8968
AFBFDEBD
B6153412
BC6A8967
C2BFDEBC
C9153411
CF6A8966
D5BFDEBB
DC153410
E26A8965
E8BFDEBA
EF15340F
F56A8964
FBBFDEB9
0215340E
086A8963
0EBFDEB8
1515340D
1B6A8962
21BFDEB7
2815340C
2E6A8961
34BFDEB6
3B15340B
416A8960
47BFDEB5
4E15340A
546A895F
5ABFDEB4
61153409
676A895E
6DBFDEB3
74153408
7A6A895D
80BFDEB2
87153407
8D6A895C
93BFDEB1
9A153406
A06A895B
A6BFDEB0
AD153405
B36A895A
B9BFDEAF
C0153404
C66A8959
CCBFDEAE
D3153403
D96A8958
DFBFDEAD
E6153402
EC6A8957
F2BFDEAC
F9153401
FF6A8956
05BFDEAB
0C153400
126A8955
18BFDEAA
1F1533FF
256A8954
2BBFDEA9
321533FE
386A8953
3EBFDEA8
451533FD
4B6A8952
51BFDEA7
581533FC
5E6A8951
64BFDEA6
6B1533FB
716A8950
77BFDEA5
7E1533FA
846A894F
8ABFDEA4
911533F9
976A894E
9DBFDEA3
A41533F8
AA6A894D
B0BFDEA2
B71533F7
BD6A894C
C3BFDEA1
CA1533F6
D06A894B
D6BFDEA0
DD1533F5
E36A894A
E9BFDE9F
F01533F4
F66A8949
FCBFDE9E
031533F3
096A8948
0FBFDE9D
161533F2
1C6A8947
22BFDE9C
291533F1
2F6A8946
35BFDE9B
3C1533F0
426A8945
48BFDE9A
4F1533EF
556A8944
5BBFDE99
621533EE
686A8943
6EBFDE98
751533ED
7B6A8942
81BFDE97
881533EC
8E6A8941
94BFDE96
9B1533EB
A16A8940
A7BFDE95
AE1533EA
B46A893F
BABFDE94
C11533E9
C76A893E
CDBFDE93
D41533E8
DA6A893D
E0BFDE92
E71533E7
ED6A893C
F3BFDE91
FA1533E6
006A893B
06BFDE90
0D1533E5
136A893A
19BFDE8F
201533E4
266A8939
2CBFDE8E
331533E3
396A8938
3FBFDE8D
461533E2
4C6A8937
52BFDE8C
591533E1
5F6A8936
65BFDE8B
6C1533E0
726A8935
78BFDE8A
7F1533DF
856A8934
8BBFDE89
921533DE
986A8933
9EBFDE88
A51533DD
AB6A8932
B1BFDE87
B81533DC
BE6A8931
C4BFDE86
CB1533DB
D16A8930
D7BFDE85
DE1533DA
E46A892F
EABFDE84
F11533D9
F76A892E
FDBFDE83
041533D8
0A6A892D
10BFDE82
171533D7
1D6A892C
23BFDE81
2A1533D6
306A892B
36BFDE80
3D1533D5
436A892A
49BFDE7F
501533D4
566A8929
5CBFDE7E
631533D3
696A8928
6FBFDE7D
761533D2
7C6A8927
82BFDE7C
891533D1
8F6A8926
95BFDE7B
9C1533D0
A26A8925
A8BFDE7A
AF1533CF
B56A8924
BBBFDE79
C21533CE
C86A8923
CEBFDE78
D51533CD
DB6A8922
E1BFDE77
E81533CC
EE6A8921
F4BFDE76
FB1533CB
016A8920
07BFDE75
0E1533CA
146A891F
1ABFDE74
211533C9
276A891E
2DBFDE73
341533C8
3A6A891D
40BFDE72
471533C7
4D6A891C
53BFDE71
5A1533C6
606A891B
66BFDE70
6D1533C5
736A891A
79BFDE6F
801533C4
866A8919
8CBFDE6E
931533C3
996A8918
9FBFDE6D
A61533C2
AC6A8917
B2BFDE6C
B91533C1
BF6A8916
C5BFDE6B
CC1533C0
D26A8915
D8BFDE6A
DF1533BF
E56A8914
EBBFDE69
F21533BE
F86A8913
FEBFDE68
051533BD
0B6A8912
11BFDE67
181533BC
1E6A8911
24BFDE66
2B1533BB
316A8910
37BFDE65
3E1533BA
446A890F
4ABFDE64
511533B9
576A890E
5DBFDE63
641533B8
6A6A890D
70BFDE62
771533B7
7D6A890C
83BFDE61
8A1533B6
906A890B
96BFDE60
9D1533B5
A36A890A
A9BFDE5F
B01533B4
B66A8909
BCBFDE5E
C31533B3
C96A8908
CFBFDE5D
D61533B2
DC6A8907
E2BFDE5C
E91533B1
EF6A8906
F5BFDE5B
FC1533B0
026A8905
08BFDE5A
0F1533AF
156A8904
1BBFDE59
221533AE
286A8903
2EBFDE58
351533AD
3B6A8902
41BFDE57
481533AC
4E6A8901
54BFDE56
5B1533AB
616A8900
67BFDE55
6E1533AA
746A88FF
7ABFDE54
811533A9
876A88FE
8DBFDE53
941533A8
9A6A88FD
A0BFDE52
A71533A7
AD6A88FC
B3BFDE51
BA1533A6
C06A88FB
C6BFDE50
CD1533A5
D36A88FA
D9BFDE4F
E01533A4
E66A88F9
ECBFDE4E
F31533A3
F96A88F8
FFBFDE4D
061533A2
0C6A88F7
12BFDE4C
191533A1
1F6A88F6
25BFDE4B
2C1533A0
326A88F5
38BFDE4A
3F15339F
456A88F4
4BBFDE49
5215339E
586A88F3
5EBFDE48
6515339D
6B6A88F2
71BFDE47
7815339C
7E6A88F1
84BFDE46
8B15339B
916A88F0
97BFDE45
9E15339A
A46A88EF
AABFDE44
B1153399
B76A88EE
BDBFDE43
C4153398
CA6A88ED
D0BFDE42
D7153397
DD6A88EC
E3BFDE41
EA153396
F06A88EB
F6BFDE40
FD153395
036A88EA
09BFDE3F
10153394
166A88E9
1CBFDE3E
23153393
296A88E8
2FBFDE3D
36153392
3C6A88E7
42BFDE3C
49153391
4F6A88E6
55BFDE3B
5C153390
626A88E5
68BFDE3A
6F15338F
756A88E4
7BBFDE39
8215338E
886A88E3
8EBFDE38
9515338D
9B6A88E2
A1BFDE37
A815338C
AE6A88E1
B4BFDE36
BB15338B
C16A88E0
C7BFDE35
CE15338A
D46A88DF
DABFDE34
E1153389
E76A88DE
EDBFDE33
F4153388
FA6A88DD
00BFDE32
07153387
0D6A88DC
13BFDE31
1A153386
206A88DB
26BFDE30
2D153385
336A88DA
39BFDE2F
40153384
466A88D9
4CBFDE2E
53153383
596A88D8
5FBFDE2D
66153382
6C6A88D7
72BFDE2C
79153381
7F6A88D6
85BFDE2B
8C153380
926A88D5
98BFDE2A
9F15337F
A56A88D4
ABBFDE29
B215337E
B86A88D3
BEBFDE28
C515337D
CB6A88D2
D1BFDE27
D815337C
DE6A88D1
E4BFDE26
EB15337B
F16A88D0
F7BFDE25
FE15337A
046A88CF
0ABFDE24
11153379
176A88CE
1DBFDE23
24153378
2A6A88CD
30BFDE22
37153377
3D6A88CC
43BFDE21
4A153376
506A88CB
56BFDE20
5D153375
636A88CA
69BFDE1F
70153374
766A88C9
7CBFDE1E
83153373
896A88C8
8FBFDE1D
96153372
9C6A88C7
A2BFDE1C
A9153371
AF6A88C6
B5BFDE1B
BC153370
C26A88C5
C8BFDE1A
CF15336F
D56A88C4
DBBFDE19
E215336E
E86A88C3
EEBFDE18
F515336D
FB6A88C2
01BFDE17
0815336C
0E6A88C1
14BFDE16
1B15336B
216A88C0
27BFDE15
2E15336A
346A88BF
3ABFDE14
41153369
476A88BE
4DBFDE13
54153368
5A6A88BD
60BFDE12
67153367
6D6A88BC
73BFDE11
7A153366
806A88BB
86BFDE10
8D153365
936A88BA
99BFDE0F
A0153364
A66A88B9
ACBFDE0E
B3153363
B96A88B8
BFBFDE0D
C6153362
CC6A88B7
D2BFDE0C
D9153361
DF6A88B6
E5BFDE0B
EC153360
F26A88B5
F8BFDE0A
FF15335F
056A88B4
0BBFDE09
1215335E
186A88B3
1EBFDE08
2515335D
2B6A88B2
31BFDE07
3815335C
3E6A88B1
44BFDE06
4B15335B
516A88B0
57BFDE05
5E15335A
646A88AF
6ABFDE04
71153359
776A88AE
7DBFDE03
84153358
8A6A88AD
90BFDE02
97153357
9D6A88AC
A3BFDE01
AA153356
B06A88AB
B6BFDE00
BD153355
C36A88AA
C9BFDDFF
D0153354
D66A88A9
DCBFDDFE
E3153353
E96A88A8
EFBFDDFD
F6153352
FC6A88A7
02BFDDFC
09153351
0F6A88A6
15BFDDFB
1C153350
226A88A5
28BFDDFA
2F15334F
356A88A4
3BBFDDF9
4215334E
486A88A3
4EBFDDF8
5515334D
5B6A88A2
61BFDDF7
6815334C
6E6A88A1
74BFDDF6
7B15334B
816A88A0
87BFDDF5
8E15334A
946A889F
9ABFDDF4
A1153349
A76A889E
ADBFDDF3
B4153348
BA6A889D
C0BFDDF2
C7153347
CD6A889C
D3BFDDF1
DA153346
E06A889B
E6BFDDF0
ED153345
F36A889A
F9BFDDEF
00153344
066A8899
0CBFDDEE
13153343
196A8898
1FBFDDED
26153342
2C6A8897
32BFDDEC
39153341
3F6A8896
45BFDDEB
4C153340
526A8895
58BFDDEA
5F15333F
656A8894
6BBFDDE9
7215333E
786A8893
7EBFDDE8
8515333D
8B6A8892
91BFDDE7
9815333C
9E6A8891
A4BFDDE6
AB15333B
B16A8890
B7BFDDE5
BE15333A
C46A888F
CABFDDE4
D1153339
D76A888E
DDBFDDE3
E4153338
EA6A888D
F0BFDDE2
F7153337
FD6A888C
03BFDDE1
0A153336
106A888B
16BFDDE0
1D153335
236A888A
29BFDDDF
30153334
366A8889
3CBFDDDE
43153333
496A8888
4FBFDDDD
56153332
5C6A8887
62BFDDDC
69153331
6F6A8886
75BFDDDB
7C153330
826A8885
88BFDDDA
8F15332F
956A8884
9BBFDDD9
A215332E
A86A8883
AEBFDDD8
B515332D
BB6A8882
C1BFDDD7
C815332C
CE6A8881
D4BFDDD6
DB15332B
E16A8880
E7BFDDD5
EE15332A
F46A887F
FABFDDD4
01153329
076A887E
0DBFDDD3
14153328
1A6A887D
20BFDDD2
27153327
2D6A887C
33BFDDD1
3A153326
406A887B
46BFDDD0
4D153325
536A887A
59BFDDCF
60153324
666A8879
6CBFDDCE
73153323
796A8878
7FBFDDCD
86153322
8C6A8877
92BFDDCC
99153321
9F6A8876
A5BFDDCB
AC153320
B26A8875
B8BFDDCA
BF15331F
C56A8874
CBBFDDC9
D215331E
D86A8873
DEBFDDC8
E515331D
EB6A8872
F1BFDDC7
F815331C
FE6A8871
04BFDDC6
0B15331B
116A8870
17BFDDC5
1E15331A
246A886F
2ABFDDC4
31153319
376A886E
3DBFDDC3
44153318
4A6A886D
50BFDDC2
57153317
5D6A886C
63BFDDC1
6A153316
706A886B
76BFDDC0
7D153315
836A886A
89BFDDBF
90153314
966A8869
9CBFDDBE
A3153313
A96A8868
AFBFDDBD
B6153312
BC6A8867
C2BFDDBC
C9153311
CF6A8866
D5BFDDBB
DC153310
E26A8865
E8BFDDBA
EF15330F
F56A8864
FBBFDDB9
0215330E
086A8863
0EBFDDB8
1515330D
1B6A8862
21BFDDB7
2815330C
2E6A8861
34BFDDB6
3B15330B
416A8860
47BFDDB5
4E15330A
546A885F
5ABFDDB4
61153309
676A885E
6DBFDDB3
74153308
7A6A885D
80BFDDB2
87153307
8D6A885C
93BFDDB1
9A153306
A06A885B
A6BFDDB0
AD153305
B36A885A
B9BFDDAF
C0153304
C66A8859
CCBFDDAE
D3153303
D96A8858
DFBFDDAD
E6153302
EC6A8857
F2BFDDAC
F9153301
FF6A8856
05BFDDAB
0C153300
126A8855
18BFDDAA
1F1532FF
256A8854
2BBFDDA9
321532FE
386A8853
3EBFDDA8
451532FD
4B6A8852
51BFDDA7
581532FC
5E6A8851
64BFDDA6
6B1532FB
716A8850
77BFDDA5
7E1532FA
846A884F
8ABFDDA4
911532F9
976A884E
9DBFDDA3
A41532F8
AA6A884D
B0BFDDA2
B71532F7
BD6A884C
C3BFDDA1
CA1532F6
D06A884B
D6BFDDA0
DD1532F5
E36A884A
E9BFDD9F
F01532F4
F66A8849
FCBFDD9E
031532F3
096A8848
0FBFDD9D
161532F2
1C6A8847
22BFDD9C
291532F1
2F6A8846
35BFDD9B
3C1532F0
426A8845
48BFDD9A
4F1532EF
556A8844
5BBFDD99
621532EE
686A8843
6EBFDD98
751532ED
7B6A8842
81BFDD97
881532EC
8E6A8841
94BFDD96
9B1532EB
A16A8840
A7BFDD95
AE1532EA
B46A883F
BABFDD94
C11532E9
C76A883E
CDBFDD93
D41532E8
DA6A883D
E0BFDD92
E71532E7
ED6A883C
F3BFDD91
FA1532E6
006A883B
06BFDD90
0D1532E5
136A883A
19BFDD8F
201532E4
266A8839
2CBFDD8E
331532E3
396A8838
3FBFDD8D
461532E2
4C6A8837
52BFDD8C
591532E1
5F6A8836
65BFDD8B
6C1532E0
726A8835
78BFDD8A
7F1532DF
856A8834
8BBFDD89
921532DE
986A8833
9EBFDD88
A51532DD
AB6A8832
B1BFDD87
B81532DC
BE6A8831
C4BFDD86
CB1532DB
D16A8830
D7BFDD85
DE1532DA
E46A882F
EABFDD84
F11532D9
F76A882E
FDBFDD83
041532D8
0A6A882D
10BFDD82
171532D7
1D6A882C
23BFDD81
2A1532D6
306A882B
36BFDD80
3D1532D5
436A882A
49BFDD7F
501532D4
566A8829
5CBFDD7E
631532D3
696A8828
6FBFDD7D
761532D2
7C6A8827
82BFDD7C
891532D1
8F6A8826
95BFDD7B
9C1532D0
A26A8825
A8BFDD7A
AF1532CF
B56A8824
BBBFDD79
C21532CE
C86A8823
CEBFDD78
D51532CD
DB6A8822
E1BFDD77
E81532CC
EE6A8821
F4BFDD76
FB1532CB
016A8820
07BFDD75
0E1532CA
146A881F
1ABFDD74
211532C9
276A881E
2DBFDD73
341532C8
3A6A881D
40BFDD72
471532C7
4D6A881C
53BFDD71
5A1532C6
606A881B
66BFDD70
6D1532C5
736A881A
79BFDD6F
801532C4
866A8819
8CBFDD6E
931532C3
996A8818
9FBFDD6D
A61532C2
AC6A8817
B2BFDD6C
B91532C1
BF6A8816
C5BFDD6B
CC1532C0
D26A8815
D8BFDD6A
DF1532BF
E56A8814
EBBFDD69
F21532BE
F86A8813
FEBFDD68
051532BD
0B6A8812
11BFDD67
181532BC
1E6A8811
24BFDD66
2B1532BB
316A8810
37BFDD65
3E1532BA
446A880F
4ABFDD64
511532B9
576A880E
5DBFDD63
641532B8
6A6A880D
70BFDD62
771532B7
7D6A880C
83BFDD61
8A1532B6
906A880B
96BFDD60
9D1532B5
A36A880A
A9BFDD5F
B01532B4
B66A8809
BCBFDD5E
C31532B3
C96A8808
CFBFDD5D
D61532B2
DC6A8807
E2BFDD5C
E91532B1
EF6A8806
F5BFDD5B
FC1532B0
026A8805
08BFDD5A
0F1532AF
156A8804
1BBFDD59
221532AE
286A8803
2EBFDD58
351532AD
3B6A8802
41BFDD57
481532AC
4E6A8801
54BFDD56
5B1532AB
616A8800
67BFDD55
6E1532AA
746A87FF
7ABFDD54
811532A9
876A87FE
8DBFDD53
941532A8
9A6A87FD
A0BFDD52
A71532A7
AD6A87FC
B3BFDD51
BA1532A6
C06A87FB
C6BFDD50
CD1532A5
D36A87FA
D9BFDD4F
E01532A4
E66A87F9
ECBFDD4E
F31532A3
F96A87F8
FFBFDD4D
061532A2
0C6A87F7
12BFDD4C
191532A1
1F6A87F6
25BFDD4B
2C1532A0
326A87F5
38BFDD4A
3F15329F
456A87F4
4BBFDD49
5215329E
586A87F3
5EBFDD48
6515329D
6B6A87F2
71BFDD47
7815329C
7E6A87F1
84BFDD46
8B15329B
916A87F0
97BFDD45
9E15329A
A46A87EF
AABFDD44
B1153299
B76A87EE
BDBFDD43
C4153298
CA6A87ED
D0BFDD42
D7153297
DD6A87EC
E3BFDD41
EA153296
F06A87EB
F6BFDD40
FD153295
036A87EA
09BFDD3F
10153294
166A87E9
1CBFDD3E
23153293
296A87E8
2FBFDD3D
36153292
3C6A87E7
42BFDD3C
49153291
4F6A87E6
55BFDD3B
5C153290
626A87E5
68BFDD3A
6F15328F
756A87E4
7BBFDD39
8215328E
886A87E3
8EBFDD38
9515328D
9B6A87E2
A1BFDD37
A815328C
AE6A87E1
B4BFDD36
BB15328B
C16A87E0
C7BFDD35
CE15328A
D46A87DF
DABFDD34
E1153289
E76A87DE
EDBFDD33
F4153288
FA6A87DD
00BFDD32
07153287
0D6A87DC
13BFDD31
1A153286
206A87DB
26BFDD30
2D153285
336A87DA
39BFDD2F
40153284
466A87D9
4CBFDD2E
53153283
596A87D8
5FBFDD2D
66153282
6C6A87D7
72BFDD2C
79153281
7F6A87D6
85BFDD2B
8C153280
926A87D5
98BFDD2A
9F15327F
A56A87D4
ABBFDD29
B215327E
B86A87D3
BEBFDD28
C515327D
CB6A87D2
D1BFDD27
D815327C
DE6A87D1
E4BFDD26
EB15327B
F16A87D0
F7BFDD25
FE15327A
046A87CF
0ABFDD24
11153279
176A87CE
1DBFDD23
24153278
2A6A87CD
30BFDD22
37153277
3D6A87CC
43BFDD21
4A153276
506A87CB
56BFDD20
5D153275
636A87CA
69BFDD1F
70153274
766A87C9
7CBFDD1E
83153273
896A87C8
8FBFDD1D
96153272
9C6A87C7
A2BFDD1C
A9153271
AF6A87C6
B5BFDD1B
BC153270
C26A87C5
C8BFDD1A
CF15326F
D56A87C4
DBBFDD19
E215326E
E86A87C3
EEBFDD18
F515326D
FB6A87C2
01BFDD17
0815326C
0E6A87C1
14BFDD16
1B15326B
216A87C0
27BFDD15
2E15326A
346A87BF
3ABFDD14
41153269
476A87BE
4DBFDD13
54153268
5A6A87BD
60BFDD12
67153267
6D6A87BC
73BFDD11
7A153266
806A87BB
86BFDD10
8D153265
936A87BA
99BFDD0F
A0153264
A66A87B9
ACBFDD0E
B3153263
B96A87B8
BFBFDD0D
C6153262
CC6A87B7
D2BFDD0C
D9153261
DF6A87B6
E5BFDD0B
EC153260
F26A87B5
F8BFDD0A
FF15325F
056A87B4
0BBFDD09
1215325E
186A87B3
1EBFDD08
2515325D
2B6A87B2
31BFDD07
3815325C
3E6A87B1
44BFDD06
4B15325B
516A87B0
57BFDD05
5E15325A
646A87AF
6ABFDD04
71153259
776A87AE
7DBFDD03
84153258
8A6A87AD
90BFDD02
97153257
9D6A87AC
A3BFDD01
AA153256
B06A87AB
B6BFDD00
BD153255
C36A87AA
C9BFDCFF
D0153254
D66A87A9
DCBFDCFE
E3153253
E96A87A8
EFBFDCFD
F6153252
FC6A87A7
02BFDCFC
09153251
0F6A87A6
15BFDCFB
1C153250
226A87A5
28BFDCFA
2F15324F
356A87A4
3BBFDCF9
4215324E
486A87A3
4EBFDCF8
5515324D
5B6A87A2
61BFDCF7
6815324C
6E6A87A1
74BFDCF6
7B15324B
816A87A0
87BFDCF5
8E15324A
946A879F
9ABFDCF4
A1153249
A76A879E
ADBFDCF3
B4153248
BA6A879D
C0BFDCF2
C7153247
CD6A879C
D3BFDCF1
DA153246
E06A879B
E6BFDCF0
ED153245
F36A879A
F9BFDCEF
00153244
066A8799
0CBFDCEE
13153243
196A8798
1FBFDCED
26153242
2C6A8797
32BFDCEC
39153241
3F6A8796
45BFDCEB
4C153240
526A8795
58BFDCEA
5F15323F
656A8794
6BBFDCE9
7215323E
786A8793
7EBFDCE8
8515323D
8B6A8792
91BFDCE7
9815323C
9E6A8791
A4BFDCE6
AB15323B
B16A8790
B7BFDCE5
BE15323A
C46A878F
CABFDCE4
D1153239
D76A878E
DDBFDCE3
E4153238
EA6A878D
F0BFDCE2
F7153237
FD6A878C
03BFDCE1
0A153236
106A878B
16BFDCE0
1D153235
236A878A
29BFDCDF
30153234
366A8789
3CBFDCDE
43153233
496A8788
4FBFDCDD
56153232
5C6A8787
62BFDCDC
69153231
6F6A8786
75BFDCDB
7C153230
826A8785
88BFDCDA
8F15322F
956A8784
9BBFDCD9
A215322E
A86A8783
AEBFDCD8
B515322D
BB6A8782
C1BFDCD7
C815322C
CE6A8781
D4BFDCD6
DB15322B
E16A8780
E7BFDCD5
EE15322A
F46A877F
FABFDCD4
01153229
076A877E
0DBFDCD3
14153228
1A6A877D
20BFDCD2
27153227
2D6A877C
33BFDCD1
3A153226
406A877B
46BFDCD0
4D153225
536A877A
59BFDCCF
60153224
666A8779
6CBFDCCE
73153223
796A8778
7FBFDCCD
86153222
8C6A8777
92BFDCCC
99153221
9F6A8776
A5BFDCCB
AC153220
B26A8775
B8BFDCCA
BF15321F
C56A8774
CBBFDCC9
D215321E
D86A8773
DEBFDCC8
E515321D
EB6A8772
F1BFDCC7
F815321C
FE6A8771
04BFDCC6
0B15321B
116A8770
17BFDCC5
1E15321A
246A876F
2ABFDCC4
31153219
376A876E
3DBFDCC3
44153218
4A6A876D
50BFDCC2
57153217
5D6A876C
63BFDCC1
6A153216
706A876B
76BFDCC0
7D153215
836A876A
89BFDCBF
90153214
966A8769
9CBFDCBE
A3153213
A96A8768
AFBFDCBD
B6153212
BC6A8767
C2BFDCBC
C9153211
CF6A8766
D5BFDCBB
DC153210
E26A8765
E8BFDCBA
EF15320F
F56A8764
FBBFDCB9
0215320E
086A8763
0EBFDCB8
1515320D
1B6A8762
21BFDCB7
2815320C
2E6A8761
34BFDCB6
3B15320B
416A8760
47BFDCB5
4E15320A
546A875F
5ABFDCB4
61153209
676A875E
6DBFDCB3
74153208
7A6A875D
80BFDCB2
87153207
8D6A875C
93BFDCB1
9A153206
A06A875B
A6BFDCB0
AD153205
B36A875A
B9BFDCAF
C0153204
C66A8759
CCBFDCAE
D3153203
D96A8758
DFBFDCAD
E6153202
EC6A8757
F2BFDCAC
F9153201
FF6A8756
05BFDCAB
0C153200
126A8755
18BFDCAA
1F1531FF
256A8754
2BBFDCA9
321531FE
386A8753
3EBFDCA8
451531FD
4B6A8752
51BFDCA7
581531FC
5E6A8751
64BFDCA6
6B1531FB
716A8750
77BFDCA5
7E1531FA
846A874F
8ABFDCA4
911531F9
976A874E
9DBFDCA3
A41531F8
AA6A874D
B0BFDCA2
B71531F7
BD6A874C
C3BFDCA1
CA1531F6
D06A874B
D6BFDCA0
DD1531F5
E36A874A
E9BFDC9F
F01531F4
F66A8749
FCBFDC9E
031531F3
096A8748
0FBFDC9D
161531F2
1C6A8747
22BFDC9C
291531F1
2F6A8746
35BFDC9B
3C1531F0
426A8745
48BFDC9A
4F1531EF
556A8744
5BBFDC99
621531EE
686A8743
6EBFDC98
751531ED
7B6A8742
81BFDC97
881531EC
8E6A8741
94BFDC96
9B1531EB
A16A8740
A7BFDC95
AE1531EA
B46A873F
BABFDC94
C11531E9
C76A873E
CDBFDC93
D41531E8
DA6A873D
E0BFDC92
E71531E7
ED6A873C
F3BFDC91
FA1531E6
006A873B
06BFDC90
0D1531E5
136A873A
19BFDC8F
201531E4
266A8739
2CBFDC8E
331531E3
396A8738
3FBFDC8D
461531E2
4C6A8737
52BFDC8C
591531E1
5F6A8736
65BFDC8B
6C1531E0
726A8735
78BFDC8A
7F1531DF
856A8734
8BBFDC89
921531DE
986A8733
9EBFDC88
A51531DD
AB6A8732
B1BFDC87
B81531DC
BE6A8731
C4BFDC86
CB1531DB
D16A8730
D7BFDC85
DE1531DA
E46A872F
EABFDC84
F11531D9
F76A872E
FDBFDC83
041531D8
0A6A872D
10BFDC82
171531D7
1D6A872C
23BFDC81
2A1531D6
306A872B
36BFDC80
3D1531D5
436A872A
49BFDC7F
501531D4
566A8729
5CBFDC7E
631531D3
696A8728
6FBFDC7D
761531D2
7C6A8727
82BFDC7C
891531D1
8F6A8726
95BFDC7B
9C1531D0
A26A8725
A8BFDC7A
AF1531CF
B56A8724
BBBFDC79
C21531CE
C86A8723
CEBFDC78
D51531CD
DB6A8722
E1BFDC77
E81531CC
EE6A8721
F4BFDC76
FB1531CB
016A8720
07BFDC75
0E1531CA
146A871F
1ABFDC74
211531C9
276A871E
2DBFDC73
341531C8
3A6A871D
40BFDC72
471531C7
4D6A871C
53BFDC71
5A1531C6
606A871B
66BFDC70
6D1531C5
736A871A
79BFDC6F
801531C4
866A8719
8CBFDC6E
931531C3
996A8718
9FBFDC6D
A61531C2
AC6A8717
B2BFDC6C
B91531C1
BF6A8716
C5BFDC6B
CC1531C0
D26A8715
D8BFDC6A
DF1531BF
E56A8714
EBBFDC69
F21531BE
F86A8713
FEBFDC68
051531BD
0B6A8712
11BFDC67
181531BC
1E6A8711
24BFDC66
2B1531BB
316A8710
37BFDC65
3E1531BA
446A870F
4ABFDC64
511531B9
576A870E
5DBFDC63
641531B8
6A6A870D
70BFDC62
771531B7
7D6A870C
83BFDC61
8A1531B6
906A870B
96BFDC60
9D1531B5
A36A870A
A9BFDC5F
B01531B4
B66A8709
BCBFDC5E
C31531B3
C96A8708
CFBFDC5D
D61531B2
DC6A8707
E2BFDC5C
E91531B1
EF6A8706
F5BFDC5B
FC1531B0
026A8705
08BFDC5A
0F1531AF
156A8704
1BBFDC59
221531AE
286A8703
2EBFDC58
351531AD
3B6A8702
41BFDC57
481531AC
4E6A8701
54BFDC56
5B1531AB
616A8700
67BFDC55
6E1531AA
746A86FF
7ABFDC54
811531A9
876A86FE
8DBFDC53
941531A8
9A6A86FD
A0BFDC52
A71531A7
AD6A86FC
B3BFDC51
BA1531A6
C06A86FB
C6BFDC50
CD1531A5
D36A86FA
D9BFDC4F
E01531A4
E66A86F9
ECBFDC4E
F31531A3
F96A86F8
FFBFDC4D
061531A2
0C6A86F7
12BFDC4C
191531A1
1F6A86F6
25BFDC4B
2C1531A0
326A86F5
38BFDC4A
3F15319F
456A86F4
4BBFDC49
5215319E
586A86F3
5EBFDC48
6515319D
6B6A86F2
71BFDC47
7815319C
7E6A86F1
84BFDC46
8B15319B
916A86F0
97BFDC45
9E15319A
A46A86EF
AABFDC44
B1153199
B76A86EE
BDBFDC43
C4153198
CA6A86ED
D0BFDC42
D7153197
DD6A86EC
E3BFDC41
EA153196
F06A86EB
F6BFDC40
FD153195
036A86EA
09BFDC3F
10153194
166A86E9
1CBFDC3E
23153193
296A86E8
2FBFDC3D
36153192
3C6A86E7
42BFDC3C
49153191
4F6A86E6
55BFDC3B
5C153190
626A86E5
68BFDC3A
6F15318F
756A86E4
7BBFDC39
8215318E
886A86E3
8EBFDC38
9515318D
9B6A86E2
A1BFDC37
A815318C
AE6A86E1
B4BFDC36
BB15318B
C16A86E0
C7BFDC35
CE15318A
D46A86DF
DABFDC34
E1153189
E76A86DE
EDBFDC33
F4153188
FA6A86DD
00BFDC32
07153187
0D6A86DC
13BFDC31
1A153186
206A86DB
26BFDC30
2D153185
336A86DA
39BFDC2F
40153184
466A86D9
4CBFDC2E
53153183
596A86D8
5FBFDC2D
66153182
6C6A86D7
72BFDC2C
79153181
7F6A86D6
85BFDC2B
8C153180
926A86D5
98BFDC2A
9F15317F
A56A86D4
ABBFDC29
B215317E
B86A86D3
BEBFDC28
C515317D
CB6A86D2
D1BFDC27
D815317C
DE6A86D1
E4BFDC26
EB15317B
F16A86D0
F7BFDC25
FE15317A
046A86CF
0ABFDC24
11153179
176A86CE
1DBFDC23
24153178
2A6A86CD
30BFDC22
37153177
3D6A86CC
43BFDC21
4A153176
506A86CB
56BFDC20
5D153175
636A86CA
69BFDC1F
70153174
766A86C9
7CBFDC1E
83153173
896A86C8
8FBFDC1D
96153172
9C6A86C7
A2BFDC1C
A9153171
AF6A86C6
B5BFDC1B
BC153170
C26A86C5
C8BFDC1A
CF15316F
D56A86C4
DBBFDC19
E215316E
E86A86C3
EEBFDC18
F515316D
FB6A86C2
01BFDC17
0815316C
0E6A86C1
14BFDC16
1B15316B
216A86C0
27BFDC15
2E15316A
346A86BF
3ABFDC14
41153169
476A86BE
4DBFDC13
54153168
5A6A86BD
60BFDC12
67153167
6D6A86BC
73BFDC11
7A153166
806A86BB
86BFDC10
8D153165
936A86BA
99BFDC0F
A0153164
A66A86B9
ACBFDC0E
B3153163
B96A86B8
BFBFDC0D
C6153162
CC6A86B7
D2BFDC0C
D9153161
DF6A86B6
E5BFDC0B
EC153160
F26A86B5
F8BFDC0A
FF15315F
056A86B4
0BBFDC09
1215315E
186A86B3
1EBFDC08
2515315D
2B6A86B2
31BFDC07
3815315C
3E6A86B1
44BFDC06
4B15315B
516A86B0
57BFDC05
5E15315A
646A86AF
6ABFDC04
71153159
776A86AE
7DBFDC03
84153158
8A6A86AD
90BFDC02
97153157
9D6A86AC
A3BFDC01
AA153156
B06A86AB
B6BFDC00
BD153155
C36A86AA
C9BFDBFF
D0153154
D66A86A9
DCBFDBFE
E3153153
E96A86A8
EFBFDBFD
F6153152
FC6A86A7
02BFDBFC
09153151
0F6A86A6
15BFDBFB
1C153150
226A86A5
28BFDBFA
2F15314F
356A86A4
3BBFDBF9
4215314E
486A86A3
4EBFDBF8
5515314D
5B6A86A2
61BFDBF7
6815314C
6E6A86A1
74BFDBF6
7B15314B
816A86A0
87BFDBF5
8E15314A
946A869F
9ABFDBF4
A1153149
A76A869E
ADBFDBF3
B4153148
BA6A869D
C0BFDBF2
C7153147
CD6A869C
D3BFDBF1
DA153146
E06A869B
E6BFDBF0
ED153145
F36A869A
F9BFDBEF
00153144
066A8699
0CBFDBEE
13153143
196A8698
1FBFDBED
26153142
2C6A8697
32BFDBEC
39153141
3F6A8696
45BFDBEB
4C153140
526A8695
58BFDBEA
5F15313F
656A8694
6BBFDBE9
7215313E
786A8693
7EBFDBE8
8515313D
8B6A8692
91BFDBE7
9815313C
9E6A8691
A4BFDBE6
AB15313B
B16A8690
B7BFDBE5
BE15313A
C46A868F
CABFDBE4
D1153139
D76A868E
DDBFDBE3
E4153138
EA6A868D
F0BFDBE2
F7153137
FD6A868C
03BFDBE1
0A153136
106A868B
16BFDBE0
1D153135
236A868A
29BFDBDF
30153134
366A8689
3CBFDBDE
43153133
496A8688
4FBFDBDD
56153132
5C6A8687
62BFDBDC
69153131
6F6A8686
75BFDBDB
7C153130
826A8685
88BFDBDA
8F15312F
956A8684
9BBFDBD9
A215312E
A86A8683
AEBFDBD8
B515312D
BB6A8682
C1BFDBD7
C815312C
CE6A8681
D4BFDBD6
DB15312B
E16A8680
E7BFDBD5
EE15312A
F46A867F
FABFDBD4
01153129
076A867E
0DBFDBD3
14153128
1A6A867D
20BFDBD2
27153127
2D6A867C
33BFDBD1
3A153126
406A867B
46BFDBD0
4D153125
536A867A
59BFDBCF
60153124
666A8679
6CBFDBCE
73153123
796A8678
7FBFDBCD
86153122
8C6A8677
92BFDBCC
99153121
9F6A8676
A5BFDBCB
AC153120
B26A8675
B8BFDBCA
BF15311F
C56A8674
CBBFDBC9
D215311E
D86A8673
DEBFDBC8
E515311D
EB6A8672
F1BFDBC7
F815311C
FE6A8671
04BFDBC6
0B15311B
116A8670
17BFDBC5
1E15311A
246A866F
2ABFDBC4
31153119
376A866E
3DBFDBC3
44153118
4A6A866D
50BFDBC2
57153117
5D6A866C
63BFDBC1
6A153116
706A866B
76BFDBC0
7D153115
836A866A
89BFDBBF
90153114
966A8669
9CBFDBBE
A3153113
A96A8668
AFBFDBBD
B6153112
BC6A8667
C2BFDBBC
C9153111
CF6A8666
D5BFDBBB
DC153110
E26A8665
E8BFDBBA
EF15310F
F56A8664
FBBFDBB9
0215310E
086A8663
0EBFDBB8
1515310D
1B6A8662
21BFDBB7
2815310C
2E6A8661
34BFDBB6
3B15310B
416A8660
47BFDBB5
4E15310A
546A865F
5ABFDBB4
61153109
676A865E
6DBFDBB3
74153108
7A6A865D
80BFDBB2
87153107
8D6A865C
93BFDBB1
9A153106
A06A865B
A6BFDBB0
AD153105
B36A865A
B9BFDBAF
C0153104
C66A8659
CCBFDBAE
D3153103
D96A8658
DFBFDBAD
E6153102
EC6A8657
F2BFDBAC
F9153101
FF6A8656
05BFDBAB
0C153100
126A8655
18BFDBAA
1F1530FF
256A8654
2BBFDBA9
321530FE
386A8653
3EBFDBA8
451530FD
4B6A8652
51BFDBA7
581530FC
5E6A8651
64BFDBA6
6B1530FB
716A8650
77BFDBA5
7E1530FA
846A864F
8ABFDBA4
911530F9
976A864E
9DBFDBA3
A41530F8
AA6A864D
B0BFDBA2
B71530F7
BD6A864C
C3BFDBA1
CA1530F6
D06A864B
D6BFDBA0
DD1530F5
E36A864A
E9BFDB9F
F01530F4
F66A8649
FCBFDB9E
031530F3
096A8648
0FBFDB9D
161530F2
1C6A8647
22BFDB9C
291530F1
2F6A8646
35BFDB9B
3C1530F0
426A8645
48BFDB9A
4F1530EF
556A8644
5BBFDB99
621530EE
686A8643
6EBFDB98
751530ED
7B6A8642
81BFDB97
881530EC
8E6A8641
94BFDB96
9B1530EB
A16A8640
A7BFDB95
AE1530EA
B46A863F
BABFDB94
C11530E9
C76A863E
CDBFDB93
D41530E8
DA6A863D
E0BFDB92
E71530E7
ED6A863C
F3BFDB91
FA1530E6
006A863B
06BFDB90
0D1530E5
136A863A
19BFDB8F
201530E4
266A8639
2CBFDB8E
331530E3
396A8638
3FBFDB8D
461530E2
4C6A8637
52BFDB8C
591530E1
5F6A8636
65BFDB8B
6C1530E0
726A8635
78BFDB8A
7F1530DF
856A8634
8BBFDB89
921530DE
986A8633
9EBFDB88
A51530DD
AB6A8632
B1BFDB87
B81530DC
BE6A8631
C4BFDB86
CB1530DB
D16A8630
D7BFDB85
DE1530DA
E46A862F
EABFDB84
F11530D9
F76A862E
FDBFDB83
041530D8
0A6A862D
10BFDB82
171530D7
1D6A862C
23BFDB81
2A1530D6
306A862B
36BFDB80
3D1530D5
436A862A
49BFDB7F
501530D4
566A8629
5CBFDB7E
631530D3
696A8628
6FBFDB7D
761530D2
7C6A8627
82BFDB7C
891530D1
8F6A8626
95BFDB7B
9C1530D0
A26A8625
A8BFDB7A
AF1530CF
B56A8624
BBBFDB79
C21530CE
C86A8623
CEBFDB78
D51530CD
DB6A8622
E1BFDB77
E81530CC
EE6A8621
F4BFDB76
FB1530CB
016A8620
07BFDB75
0E1530CA
146A861F
1ABFDB74
211530C9
276A861E
2DBFDB73
341530C8
3A6A861D
40BFDB72
471530C7
4D6A861C
53BFDB71
5A1530C6
606A861B
66BFDB70
6D1530C5
736A861A
79BFDB6F
801530C4
866A8619
8CBFDB6E
931530C3
996A8618
9FBFDB6D
A61530C2
AC6A8617
B2BFDB6C
B91530C1
BF6A8616
C5BFDB6B
CC1530C0
D26A8615
D8BFDB6A
DF1530BF
E56A8614
EBBFDB69
F21530BE
F86A8613
FEBFDB68
051530BD
0B6A8612
11BFDB67
181530BC
1E6A8611
24BFDB66
2B1530BB
316A8610
37BFDB65
3E1530BA
446A860F
4ABFDB64
511530B9
576A860E
5DBFDB63
641530B8
6A6A860D
70BFDB62
771530B7
7D6A860C
83BFDB61
8A1530B6
906A860B
96BFDB60
9D1530B5
A36A860A
A9BFDB5F
B01530B4
B66A8609
BCBFDB5E
C31530B3
C96A8608
CFBFDB5D
D61530B2
DC6A8607
E2BFDB5C
E91530B1
EF6A8606
F5BFDB5B
FC1530B0
026A8605
08BFDB5A
0F1530AF
156A8604
1BBFDB59
221530AE
286A8603
2EBFDB58
351530AD
3B6A8602
41BFDB57
481530AC
4E6A8601
54BFDB56
5B1530AB
616A8600
67BFDB55
6E1530AA
746A85FF
7ABFDB54
811530A9
876A85FE
8DBFDB53
941530A8
9A6A85FD
A0BFDB52
A71530A7
AD6A85FC
B3BFDB51
BA1530A6
C06A85FB
C6BFDB50
CD1530A5
D36A85FA
D9BFDB4F
E01530A4
E66A85F9
ECBFDB4E
F31530A3
F96A85F8
FFBFDB4D
061530A2
0C6A85F7
12BFDB4C
191530A1
1F6A85F6
25BFDB4B
2C1530A0
326A85F5
38BFDB4A
3F15309F
456A85F4
4BBFDB49
5215309E
586A85F3
5EBFDB48
6515309D
6B6A85F2
71BFDB47
7815309C
7E6A85F1
84BFDB46
8B15309B
916A85F0
97BFDB45
9E15309A
A46A85EF
AABFDB44
B1153099
B76A85EE
BDBFDB43
C4153098
CA6A85ED
D0BFDB42
D7153097
DD6A85EC
E3BFDB41
EA153096
F06A85EB
F6BFDB40
FD153095
036A85EA
09BFDB3F
10153094
166A85E9
1CBFDB3E
23153093
296A85E8
2FBFDB3D
36153092
3C6A85E7
42BFDB3C
49153091
4F6A85E6
55BFDB3B
5C153090
626A85E5
68BFDB3A
6F15308F
756A85E4
7BBFDB39
8215308E
886A85E3
8EBFDB38
9515308D
9B6A85E2
A1BFDB37
A815308C
AE6A85E1
B4BFDB36
BB15308B
C16A85E0
C7BFDB35
CE15308A
D46A85DF
DABFDB34
E1153089
E76A85DE
EDBFDB33
F4153088
FA6A85DD
00BFDB32
07153087
0D6A85DC
13BFDB31
1A153086
206A85DB
26BFDB30
2D153085
336A85DA
39BFDB2F
40153084
466A85D9
4CBFDB2E
53153083
596A85D8
5FBFDB2D
66153082
6C6A85D7
72BFDB2C
79153081
7F6A85D6
85BFDB2B
8C153080
926A85D5
98BFDB2A
9F15307F
A56A85D4
ABBFDB29
B215307E
B86A85D3
BEBFDB28
C515307D
CB6A85D2
D1BFDB27
D815307C
DE6A85D1
E4BFDB26
EB15307B
F16A85D0
F7BFDB25
FE15307A
046A85CF
0ABFDB24
11153079
176A85CE
1DBFDB23
24153078
2A6A85CD
30BFDB22
37153077
3D6A85CC
43BFDB21
4A153076
506A85CB
56BFDB20
5D153075
636A85CA
69BFDB1F
70153074
766A85C9
7CBFDB1E
83153073
896A85C8
8FBFDB1D
96153072
9C6A85C7
A2BFDB1C
A9153071
AF6A85C6
B5BFDB1B
BC153070
C26A85C5
C8BFDB1A
CF15306F
D56A85C4
DBBFDB19
E215306E
E86A85C3
EEBFDB18
F515306D
FB6A85C2
01BFDB17
0815306C
0E6A85C1
14BFDB16
1B15306B
216A85C0
27BFDB15
2E15306A
346A85BF
3ABFDB14
41153069
476A85BE
4DBFDB13
54153068
5A6A85BD
60BFDB12
67153067
6D6A85BC
73BFDB11
7A153066
806A85BB
86BFDB10
8D153065
936A85BA
99BFDB0F
A0153064
A66A85B9
ACBFDB0E
B3153063
B96A85B8
BFBFDB0D
C6153062
CC6A85B7
D2BFDB0C
D9153061
DF6A85B6
E5BFDB0B
EC153060
F26A85B5
F8BFDB0A
FF15305F
056A85B4
0BBFDB09
1215305E
186A85B3
1EBFDB08
2515305D
2B6A85B2
31BFDB07
3815305C
3E6A85B1
44BFDB06
4B15305B
516A85B0
57BFDB05
5E15305A
646A85AF
6ABFDB04
71153059
776A85AE
7DBFDB03
84153058
8A6A85AD
90BFDB02
97153057
9D6A85AC
A3BFDB01
AA153056
B06A85AB
B6BFDB00
BD153055
C36A85AA
C9BFDAFF
D0153054
D66A85A9
DCBFDAFE
E3153053
E96A85A8
EFBFDAFD
F6153052
FC6A85A7
02BFDAFC
09153051
0F6A85A6
15BFDAFB
1C153050
226A85A5
28BFDAFA
2F15304F
356A85A4
3BBFDAF9
4215304E
486A85A3
4EBFDAF8
5515304D
5B6A85A2
61BFDAF7
6815304C
6E6A85A1
74BFDAF6
7B15304B
816A85A0
87BFDAF5
8E15304A
946A859F
9ABFDAF4
A1153049
A76A859E
ADBFDAF3
B4153048
BA6A859D
C0BFDAF2
C7153047
CD6A859C
D3BFDAF1
DA153046
E06A859B
E6BFDAF0
ED153045
F36A859A
F9BFDAEF
00153044
066A8599
0CBFDAEE
13153043
196A8598
1FBFDAED
26153042
2C6A8597
32BFDAEC
39153041
3F6A8596
45BFDAEB
4C153040
526A8595
58BFDAEA
5F15303F
656A8594
6BBFDAE9
7215303E
786A8593
7EBFDAE8
8515303D
8B6A8592
91BFDAE7
9815303C
9E6A8591
A4BFDAE6
AB15303B
B16A8590
B7BFDAE5
BE15303A
C46A858F
CABFDAE4
D1153039
D76A858E
DDBFDAE3
E4153038
EA6A858D
F0BFDAE2
F7153037
FD6A858C
03BFDAE1
0A153036
106A858B
16BFDAE0
1D153035
236A858A
29BFDADF
30153034
366A8589
3CBFDADE
43153033
496A8588
4FBFDADD
56153032
5C6A8587
62BFDADC
69153031
6F6A8586
75BFDADB
7C153030
826A8585
88BFDADA
8F15302F
956A8584
9BBFDAD9
A215302E
A86A8583
AEBFDAD8
B515302D
BB6A8582
C1BFDAD7
C815302C
CE6A8581
D4BFDAD6
DB15302B
E16A8580
E7BFDAD5
EE15302A
F46A857F
FABFDAD4
01153029
076A857E
0DBFDAD3
14153028
1A6A857D
20BFDAD2
27153027
2D6A857C
33BFDAD1
3A153026
406A857B
46BFDAD0
4D153025
536A857A
59BFDACF
60153024
666A8579
6CBFDACE
73153023
796A8578
7FBFDACD
86153022
8C6A8577
92BFDACC
99153021
9F6A8576
A5BFDACB
AC153020
B26A8575
B8BFDACA
BF15301F
C56A8574
CBBFDAC9
D215301E
D86A8573
DEBFDAC8
E515301D
EB6A8572
F1BFDAC7
F815301C
FE6A8571
04BFDAC6
0B15301B
116A8570
17BFDAC5
1E15301A
246A856F
2ABFDAC4
31153019
376A856E
3DBFDAC3
44153018
4A6A856D
50BFDAC2
57153017
5D6A856C
63BFDAC1
6A153016
706A856B
76BFDAC0
7D153015
836A856A
89BFDABF
90153014
966A8569
9CBFDABE
A3153013
A96A8568
AFBFDABD
B6153012
BC6A8567
C2BFDABC
C9153011
CF6A8566
D5BFDABB
DC153010
E26A8565
E8BFDABA
EF15300F
F56A8564
FBBFDAB9
0215300E
086A8563
0EBFDAB8
1515300D
1B6A8562
21BFDAB7
2815300C
2E6A8561
34BFDAB6
3B15300B
416A8560
47BFDAB5
4E15300A
546A855F
5ABFDAB4
61153009
676A855E
6DBFDAB3
74153008
7A6A855D
80BFDAB2
87153007
8D6A855C
93BFDAB1
9A153006
A06A855B
A6BFDAB0
AD153005
B36A855A
B9BFDAAF
C0153004
C66A8559
CCBFDAAE
D3153003
D96A8558
DFBFDAAD
E6153002
EC6A8557
F2BFDAAC
F9153001
FF6A8556
05BFDAAB
0C153000
126A8555
18BFDAAA
1F152FFF
256A8554
2BBFDAA9
32152FFE
386A8553
3EBFDAA8
45152FFD
4B6A8552
51BFDAA7
58152FFC
5E6A8551
64BFDAA6
6B152FFB
716A8550
77BFDAA5
7E152FFA
846A854F
8ABFDAA4
91152FF9
976A854E
9DBFDAA3
A4152FF8
AA6A854D
B0BFDAA2
B7152FF7
BD6A854C
C3BFDAA1
CA152FF6
D06A854B
D6BFDAA0
DD152FF5
E36A854A
E9BFDA9F
F0152FF4
F66A8549
FCBFDA9E
03152FF3
096A8548
0FBFDA9D
16152FF2
1C6A8547
22BFDA9C
29152FF1
2F6A8546
35BFDA9B
3C152FF0
426A8545
48BFDA9A
4F152FEF
556A8544
5BBFDA99
62152FEE
686A8543
6EBFDA98
75152FED
7B6A8542
81BFDA97
88152FEC
8E6A8541
94BFDA96
9B152FEB
A16A8540
A7BFDA95
AE152FEA
B46A853F
BABFDA94
C1152FE9
C76A853E
CDBFDA93
D4152FE8
DA6A853D
E0BFDA92
E7152FE7
ED6A853C
F3BFDA91
FA152FE6
006A853B
06BFDA90
0D152FE5
136A853A
19BFDA8F
20152FE4
266A8539
2CBFDA8E
33152FE3
396A8538
3FBFDA8D
46152FE2
4C6A8537
52BFDA8C
59152FE1
5F6A8536
65BFDA8B
6C152FE0
726A8535
78BFDA8A
7F152FDF
856A8534
8BBFDA89
92152FDE
986A8533
9EBFDA88
A5152FDD
AB6A8532
B1BFDA87
B8152FDC
BE6A8531
C4BFDA86
CB152FDB
D16A8530
D7BFDA85
DE152FDA
E46A852F
EABFDA84
F1152FD9
F76A852E
FDBFDA83
04152FD8
0A6A852D
10BFDA82
17152FD7
1D6A852C
23BFDA81
2A152FD6
306A852B
36BFDA80
3D152FD5
436A852A
49BFDA7F
50152FD4
566A8529
5CBFDA7E
63152FD3
696A8528
6FBFDA7D
76152FD2
7C6A8527
82BFDA7C
89152FD1
8F6A8526
95BFDA7B
9C152FD0
A26A8525
A8BFDA7A
AF152FCF
B56A8524
BBBFDA79
C2152FCE
C86A8523
CEBFDA78
D5152FCD
DB6A8522
E1BFDA77
E8152FCC
EE6A8521
F4BFDA76
FB152FCB
016A8520
07BFDA75
0E152FCA
146A851F
1ABFDA74
21152FC9
276A851E
2DBFDA73
34152FC8
3A6A851D
40BFDA72
47152FC7
4D6A851C
53BFDA71
5A152FC6
606A851B
66BFDA70
6D152FC5
736A851A
79BFDA6F
80152FC4
866A8519
8CBFDA6E
93152FC3
996A8518
9FBFDA6D
A6152FC2
AC6A8517
B2BFDA6C
B9152FC1
BF6A8516
C5BFDA6B
CC152FC0
D26A8515
D8BFDA6A
DF152FBF
E56A8514
EBBFDA69
F2152FBE
F86A8513
FEBFDA68
05152FBD
0B6A8512
11BFDA67
18152FBC
1E6A8511
24BFDA66
2B152FBB
316A8510
37BFDA65
3E152FBA
446A850F
4ABFDA64
51152FB9
576A850E
5DBFDA63
64152FB8
6A6A850D
70BFDA62
77152FB7
7D6A850C
83BFDA61
8A152FB6
906A850B
96BFDA60
9D152FB5
A36A850A
A9BFDA5F
B0152FB4
B66A8509
BCBFDA5E
C3152FB3
C96A8508
CFBFDA5D
D6152FB2
DC6A8507
E2BFDA5C
E9152FB1
EF6A8506
F5BFDA5B
FC152FB0
026A8505
08BFDA5A
0F152FAF
156A8504
1BBFDA59
22152FAE
286A8503
2EBFDA58
35152FAD
3B6A8502
41BFDA57
48152FAC
4E6A8501
54BFDA56
5B152FAB
616A8500
67BFDA55
6E152FAA
746A84FF
7ABFDA54
81152FA9
876A84FE
8DBFDA53
94152FA8
9A6A84FD
A0BFDA52
A7152FA7
AD6A84FC
B3BFDA51
BA152FA6
C06A84FB
C6BFDA50
CD152FA5
D36A84FA
D9BFDA4F
E0152FA4
E66A84F9
ECBFDA4E
F3152FA3
F96A84F8
FFBFDA4D
06152FA2
0C6A84F7
12BFDA4C
19152FA1
1F6A84F6
25BFDA4B
2C152FA0
326A84F5
38BFDA4A
3F152F9F
456A84F4
4BBFDA49
52152F9E
586A84F3
5EBFDA48
65152F9D
6B6A84F2
71BFDA47
78152F9C
7E6A84F1
84BFDA46
8B152F9B
916A84F0
97BFDA45
9E152F9A
A46A84EF
AABFDA44
B1152F99
B76A84EE
BDBFDA43
C4152F98
CA6A84ED
D0BFDA42
D7152F97
DD6A84EC
E3BFDA41
EA152F96
F06A84EB
F6BFDA40
FD152F95
036A84EA
09BFDA3F
10152F94
166A84E9
1CBFDA3E
23152F93
296A84E8
2FBFDA3D
36152F92
3C6A84E7
42BFDA3C
49152F91
4F6A84E6
55BFDA3B
5C152F90
626A84E5
68BFDA3A
6F152F8F
756A84E4
7BBFDA39
82152F8E
886A84E3
8EBFDA38
95152F8D
9B6A84E2
A1BFDA37
A8152F8C
AE6A84E1
B4BFDA36
BB152F8B
C16A84E0
C7BFDA35
CE152F8A
D46A84DF
DABFDA34
E1152F89
E76A84DE
EDBFDA33
F4152F88
FA6A84DD
00BFDA32
07152F87
0D6A84DC
13BFDA31
1A152F86
206A84DB
26BFDA30
2D152F85
336A84DA
39BFDA2F
40152F84
466A84D9
4CBFDA2E
53152F83
596A84D8
5FBFDA2D
66152F82
6C6A84D7
72BFDA2C
79152F81
7F6A84D6
85BFDA2B
8C152F80
926A84D5
98BFDA2A
9F152F7F
A56A84D4
ABBFDA29
B2152F7E
B86A84D3
BEBFDA28
C5152F7D
CB6A84D2
D1BFDA27
D8152F7C
DE6A84D1
E4BFDA26
EB152F7B
F16A84D0
F7BFDA25
FE152F7A
046A84CF
0ABFDA24
11152F79
176A84CE
1DBFDA23
24152F78
2A6A84CD
30BFDA22
37152F77
3D6A84CC
43BFDA21
4A152F76
506A84CB
56BFDA20
5D152F75
636A84CA
69BFDA1F
70152F74
766A84C9
7CBFDA1E
83152F73
896A84C8
8FBFDA1D
96152F72
9C6A84C7
A2BFDA1C
A9152F71
AF6A84C6
B5BFDA1B
BC152F70
C26A84C5
C8BFDA1A
CF152F6F
D56A84C4
DBBFDA19
E2152F6E
E86A84C3
EEBFDA18
F5152F6D
FB6A84C2
01BFDA17
08152F6C
0E6A84C1
14BFDA16
1B152F6B
216A84C0
27BFDA15
2E152F6A
346A84BF
3ABFDA14
41152F69
476A84BE
4DBFDA13
54152F68
5A6A84BD
60BFDA12
67152F67
6D6A84BC
73BFDA11
7A152F66
806A84BB
86BFDA10
8D152F65
936A84BA
99BFDA0F
A0152F64
A66A84B9
ACBFDA0E
B3152F63
B96A84B8
BFBFDA0D
C6152F62
CC6A84B7
D2BFDA0C
D9152F61
DF6A84B6
E5BFDA0B
EC152F60
F26A84B5
F8BFDA0A
FF152F5F
056A84B4
0BBFDA09
12152F5E
186A84B3
1EBFDA08
25152F5D
2B6A84B2
31BFDA07
38152F5C
3E6A84B1
44BFDA06
4B152F5B
516A84B0
57BFDA05
5E152F5A
646A84AF
6ABFDA04
71152F59
776A84AE
7DBFDA03
84152F58
8A6A84AD
90BFDA02
97152F57
9D6A84AC
A3BFDA01
AA152F56
B06A84AB
B6BFDA00
BD152F55
C36A84AA
C9BFD9FF
D0152F54
D66A84A9
DCBFD9FE
E3152F53
E96A84A8
EFBFD9FD
F6152F52
FC6A84A7
02BFD9FC
09152F51
0F6A84A6
15BFD9FB
1C152F50
226A84A5
28BFD9FA
2F152F4F
356A84A4
3BBFD9F9
42152F4E
486A84A3
4EBFD9F8
55152F4D
5B6A84A2
61BFD9F7
68152F4C
6E6A84A1
74BFD9F6
7B152F4B
816A84A0
87BFD9F5
8E152F4A
946A849F
9ABFD9F4
A1152F49
A76A849E
ADBFD9F3
B4152F48
BA6A849D
C0BFD9F2
C7152F47
CD6A849C
D3BFD9F1
DA152F46
E06A849B
E6BFD9F0
ED152F45
F36A849A
F9BFD9EF
00152F44
066A8499
0CBFD9EE
13152F43
196A8498
1FBFD9ED
26152F42
2C6A8497
32BFD9EC
39152F41
3F6A8496
45BFD9EB
4C152F40
526A8495
58BFD9EA
5F152F3F
656A8494
6BBFD9E9
72152F3E
786A8493
7EBFD9E8
85152F3D
8B6A8492
91BFD9E7
98152F3C
9E6A8491
A4BFD9E6
AB152F3B
B16A8490
B7BFD9E5
BE152F3A
C46A848F
CABFD9E4
D1152F39
D76A848E
DDBFD9E3
E4152F38
EA6A848D
F0BFD9E2
F7152F37
FD6A848C
03BFD9E1
0A152F36
106A848B
16BFD9E0
1D152F35
236A848A
29BFD9DF
30152F34
366A8489
3CBFD9DE
43152F33
496A8488
4FBFD9DD
56152F32
5C6A8487
62BFD9DC
69152F31
6F6A8486
75BFD9DB
7C152F30
826A8485
88BFD9DA
8F152F2F
956A8484
9BBFD9D9
A2152F2E
A86A8483
AEBFD9D8
B5152F2D
BB6A8482
C1BFD9D7
C8152F2C
CE6A8481
D4BFD9D6
DB152F2B
E16A8480
E7BFD9D5
EE152F2A
F46A847F
FABFD9D4
01152F29
076A847E
0DBFD9D3
14152F28
1A6A847D
20BFD9D2
27152F27
2D6A847C
33BFD9D1
3A152F26
406A847B
46BFD9D0
4D152F25
536A847A
59BFD9CF
60152F24
666A8479
6CBFD9CE
73152F23
796A8478
7FBFD9CD
86152F22
8C6A8477
92BFD9CC
99152F21
9F6A8476
A5BFD9CB
AC152F20
B26A8475
B8BFD9CA
BF152F1F
C56A8474
CBBFD9C9
D2152F1E
D86A8473
DEBFD9C8
E5152F1D
EB6A8472
F1BFD9C7
F8152F1C
FE6A8471
04BFD9C6
0B152F1B
116A8470
17BFD9C5
1E152F1A
246A846F
2ABFD9C4
31152F19
376A846E
3DBFD9C3
44152F18
4A6A846D
50BFD9C2
57152F17
5D6A846C
63BFD9C1
6A152F16
706A846B
76BFD9C0
7D152F15
836A846A
89BFD9BF
90152F14
966A8469
9CBFD9BE
A3152F13
A96A8468
AFBFD9BD
B6152F12
BC6A8467
C2BFD9BC
C9152F11
CF6A8466
D5BFD9BB
DC152F10
E26A8465
E8BFD9BA
EF152F0F
F56A8464
FBBFD9B9
02152F0E
086A8463
0EBFD9B8
15152F0D
1B6A8462
21BFD9B7
28152F0C
2E6A8461
34BFD9B6
3B152F0B
416A8460
47BFD9B5
4E152F0A
546A845F
5ABFD9B4
61152F09
676A845E
6DBFD9B3
74152F08
7A6A845D
80BFD9B2
87152F07
8D6A845C
93BFD9B1
9A152F06
A06A845B
A6BFD9B0
AD152F05
B36A845A
B9BFD9AF
C0152F04
C66A8459
CCBFD9AE
D3152F03
D96A8458
DFBFD9AD
E6152F02
EC6A8457
F2BFD9AC
F9152F01
FF6A8456
05BFD9AB
0C152F00
126A8455
18BFD9AA
1F152EFF
256A8454
2BBFD9A9
32152EFE
386A8453
3EBFD9A8
45152EFD
4B6A8452
51BFD9A7
58152EFC
5E6A8451
64BFD9A6
6B152EFB
716A8450
77BFD9A5
7E152EFA
846A844F
8ABFD9A4
91152EF9
976A844E
9DBFD9A3
A4152EF8
AA6A844D
B0BFD9A2
B7152EF7
BD6A844C
C3BFD9A1
CA152EF6
D06A844B
D6BFD9A0
DD152EF5
E36A844A
E9BFD99F
F0152EF4
F66A8449
FCBFD99E
03152EF3
096A8448
0FBFD99D
16152EF2
1C6A8447
22BFD99C
29152EF1
2F6A8446
35BFD99B
3C152EF0
426A8445
48BFD99A
4F152EEF
556A8444
5BBFD999
62152EEE
686A8443
6EBFD998
75152EED
7B6A8442
81BFD997
88152EEC
8E6A8441
94BFD996
9B152EEB
A16A8440
A7BFD995
AE152EEA
B46A843F
BABFD994
C1152EE9
C76A843E
CDBFD993
D4152EE8
DA6A843D
E0BFD992
E7152EE7
ED6A843C
F3BFD991
FA152EE6
006A843B
06BFD990
0D152EE5
136A843A
19BFD98F
20152EE4
266A8439
2CBFD98E
33152EE3
396A8438
3FBFD98D
46152EE2
4C6A8437
52BFD98C
59152EE1
5F6A8436
65BFD98B
6C152EE0
726A8435
78BFD98A
7F152EDF
856A8434
8BBFD989
92152EDE
986A8433
9EBFD988
A5152EDD
AB6A8432
B1BFD987
B8152EDC
BE6A8431
C4BFD986
CB152EDB
D16A8430
D7BFD985
DE152EDA
E46A842F
EABFD984
F1152ED9
F76A842E
FDBFD983
04152ED8
0A6A842D
10BFD982
17152ED7
1D6A842C
23BFD981
2A152ED6
306A842B
36BFD980
3D152ED5
436A842A
49BFD97F
50152ED4
566A8429
5CBFD97E
63152ED3
696A8428
6FBFD97D
76152ED2
7C6A8427
82BFD97C
89152ED1
8F6A8426
95BFD97B
9C152ED0
A26A8425
A8BFD97A
AF152ECF
B56A8424
BBBFD979
C2152ECE
C86A8423
CEBFD978
D5152ECD
DB6A8422
E1BFD977
E8152ECC
EE6A8421
F4BFD976
FB152ECB
016A8420
07BFD975
0E152ECA
146A841F
1ABFD974
21152EC9
276A841E
2DBFD973
34152EC8
3A6A841D
40BFD972
47152EC7
4D6A841C
53BFD971
5A152EC6
606A841B
66BFD970
6D152EC5
736A841A
79BFD96F
80152EC4
866A8419
8CBFD96E
93152EC3
996A8418
9FBFD96D
A6152EC2
AC6A8417
B2BFD96C
B9152EC1
BF6A8416
C5BFD96B
CC152EC0
D26A8415
D8BFD96A
DF152EBF
E56A8414
EBBFD969
F2152EBE
F86A8413
FEBFD968
05152EBD
0B6A8412
11BFD967
18152EBC
1E6A8411
24BFD966
2B152EBB
316A8410
37BFD965
3E152EBA
446A840F
4ABFD964
51152EB9
576A840E
5DBFD963
64152EB8
6A6A840D
70BFD962
77152EB7
7D6A840C
83BFD961
8A152EB6
906A840B
96BFD960
9D152EB5
A36A840A
A9BFD95F
B0152EB4
B66A8409
BCBFD95E
C3152EB3
C96A8408
CFBFD95D
D6152EB2
DC6A8407
E2BFD95C
E9152EB1
EF6A8406
F5BFD95B
FC152EB0
026A8405
08BFD95A
0F152EAF
156A8404
1BBFD959
22152EAE
286A8403
2EBFD958
35152EAD
3B6A8402
41BFD957
48152EAC
4E6A8401
54BFD956
5B152EAB
616A8400
67BFD955
6E152EAA
746A83FF
7ABFD954
81152EA9
876A83FE
8DBFD953
94152EA8
9A6A83FD
A0BFD952
A7152EA7
AD6A83FC
B3BFD951
BA152EA6
C06A83FB
C6BFD950
CD152EA5
D36A83FA
D9BFD94F
E0152EA4
E66A83F9
ECBFD94E
F3152EA3
F96A83F8
FFBFD94D
06152EA2
0C6A83F7
12BFD94C
19152EA1
1F6A83F6
25BFD94B
2C152EA0
326A83F5
38BFD94A
3F152E9F
456A83F4
4BBFD949
52152E9E
586A83F3
5EBFD948
65152E9D
6B6A83F2
71BFD947
78152E9C
7E6A83F1
84BFD946
8B152E9B
916A83F0
97BFD945
9E152E9A
A46A83EF
AABFD944
B1152E99
B76A83EE
BDBFD943
C4152E98
CA6A83ED
D0BFD942
D7152E97
DD6A83EC
E3BFD941
EA152E96
F06A83EB
F6BFD940
FD152E95
036A83EA
09BFD93F
10152E94
166A83E9
1CBFD93E
23152E93
296A83E8
2FBFD93D
36152E92
3C6A83E7
42BFD93C
49152E91
4F6A83E6
55BFD93B
5C152E90
626A83E5
68BFD93A
6F152E8F
756A83E4
7BBFD939
82152E8E
886A83E3
8EBFD938
95152E8D
9B6A83E2
A1BFD937
A8152E8C
AE6A83E1
B4BFD936
BB152E8B
C16A83E0
C7BFD935
CE152E8A
D46A83DF
DABFD934
E1152E89
E76A83DE
EDBFD933
F4152E88
FA6A83DD
00BFD932
07152E87
0D6A83DC
13BFD931
1A152E86
206A83DB
26BFD930
2D152E85
336A83DA
39BFD92F
40152E84
466A83D9
4CBFD92E
53152E83
596A83D8
5FBFD92D
66152E82
6C6A83D7
72BFD92C
79152E81
7F6A83D6
85BFD92B
8C152E80
926A83D5
98BFD92A
9F152E7F
A56A83D4
ABBFD929
B2152E7E
B86A83D3
BEBFD928
C5152E7D
CB6A83D2
D1BFD927
D8152E7C
DE6A83D1
E4BFD926
EB152E7B
F16A83D0
F7BFD925
FE152E7A
046A83CF
0ABFD924
11152E79
176A83CE
1DBFD923
24152E78
2A6A83CD
30BFD922
37152E77
3D6A83CC
43BFD921
4A152E76
506A83CB
56BFD920
5D152E75
636A83CA
69BFD91F
70152E74
766A83C9
7CBFD91E
83152E73
896A83C8
8FBFD91D
96152E72
9C6A83C7
A2BFD91C
A9152E71
AF6A83C6
B5BFD91B
BC152E70
C26A83C5
C8BFD91A
CF152E6F
D56A83C4
DBBFD919
E2152E6E
E86A83C3
EEBFD918
F5152E6D
FB6A83C2
01BFD917
08152E6C
0E6A83C1
14BFD916
1B152E6B
216A83C0
27BFD915
2E152E6A
346A83BF
3ABFD914
41152E69
476A83BE
4DBFD913
54152E68
5A6A83BD
60BFD912
67152E67
6D6A83BC
73BFD911
7A152E66
806A83BB
86BFD910
8D152E65
936A83BA
99BFD90F
A0152E64
A66A83B9
ACBFD90E
B3152E63
B96A83B8
BFBFD90D
C6152E62
CC6A83B7
D2BFD90C
D9152E61
DF6A83B6
E5BFD90B
EC152E60
F26A83B5
F8BFD90A
FF152E5F
056A83B4
0BBFD909
12152E5E
186A83B3
1EBFD908
25152E5D
2B6A83B2
31BFD907
38152E5C
3E6A83B1
44BFD906
4B152E5B
516A83B0
57BFD905
5E152E5A
646A83AF
6ABFD904
71152E59
776A83AE
7DBFD903
84152E58
8A6A83AD
90BFD902
97152E57
9D6A83AC
A3BFD901
AA152E56
B06A83AB
B6BFD900
BD152E55
C36A83AA
C9BFD8FF
D0152E54
D66A83A9
DCBFD8FE
E3152E53
E96A83A8
EFBFD8FD
F6152E52
FC6A83A7
02BFD8FC
09152E51
0F6A83A6
15BFD8FB
1C152E50
226A83A5
28BFD8FA
2F152E4F
356A83A4
3BBFD8F9
42152E4E
486A83A3
4EBFD8F8
55152E4D
5B6A83A2
61BFD8F7
68152E4C
6E6A83A1
74BFD8F6
7B152E4B
816A83A0
87BFD8F5
8E152E4A
946A839F
9ABFD8F4
A1152E49
A76A839E
ADBFD8F3
B4152E48
BA6A839D
C0BFD8F2
C7152E47
CD6A839C
D3BFD8F1
DA152E46
E06A839B
E6BFD8F0
ED152E45
F36A839A
F9BFD8EF
00152E44
066A8399
0CBFD8EE
13152E43
196A8398
1FBFD8ED
26152E42
2C6A8397
32BFD8EC
39152E41
3F6A8396
45BFD8EB
4C152E40
526A8395
58BFD8EA
5F152E3F
656A8394
6BBFD8E9
72152E3E
786A8393
7EBFD8E8
85152E3D
8B6A8392
91BFD8E7
98152E3C
9E6A8391
A4BFD8E6
AB152E3B
B16A8390
B7BFD8E5
BE152E3A
C46A838F
CABFD8E4
D1152E39
D76A838E
DDBFD8E3
E4152E38
EA6A838D
F0BFD8E2
F7152E37
FD6A838C
03BFD8E1
0A152E36
106A838B
16BFD8E0
1D152E35
236A838A
29BFD8DF
30152E34
366A8389
3CBFD8DE
43152E33
496A8388
4FBFD8DD
56152E32
5C6A8387
62BFD8DC
69152E31
6F6A8386
75BFD8DB
7C152E30
826A8385
88BFD8DA
8F152E2F
956A8384
9BBFD8D9
A2152E2E
A86A8383
AEBFD8D8
B5152E2D
BB6A8382
C1BFD8D7
C8152E2C
CE6A8381
D4BFD8D6
DB152E2B
E16A8380
E7BFD8D5
EE152E2A
F46A837F
FABFD8D4
01152E29
076A837E
0DBFD8D3
14152E28
1A6A837D
20BFD8D2
27152E27
2D6A837C
33BFD8D1
3A152E26
406A837B
46BFD8D0
4D152E25
536A837A
59BFD8CF
60152E24
666A8379
6CBFD8CE
73152E23
796A8378
7FBFD8CD
86152E22
8C6A8377
92BFD8CC
99152E21
9F6A8376
A5BFD8CB
AC152E20
B26A8375
B8BFD8CA
BF152E1F
C56A8374
CBBFD8C9
D2152E1E
D86A8373
DEBFD8C8
E5152E1D
EB6A8372
F1BFD8C7
F8152E1C
FE6A8371
04BFD8C6
0B152E1B
116A8370
17BFD8C5
1E152E1A
246A836F
2ABFD8C4
31152E19
376A836E
3DBFD8C3
44152E18
4A6A836D
50BFD8C2
57152E17
5D6A836C
63BFD8C1
6A152E16
706A836B
76BFD8C0
7D152E15
836A836A
89BFD8BF
90152E14
966A8369
9CBFD8BE
A3152E13
A96A8368
AFBFD8BD
B6152E12
BC6A8367
C2BFD8BC
C9152E11
CF6A8366
D5BFD8BB
DC152E10
E26A8365
E8BFD8BA
EF152E0F
F56A8364
FBBFD8B9
02152E0E
086A8363
0EBFD8B8
15152E0D
1B6A8362
21BFD8B7
28152E0C
2E6A8361
34BFD8B6
3B152E0B
416A8360
47BFD8B5
4E152E0A
546A835F
5ABFD8B4
61152E09
676A835E
6DBFD8B3
74152E08
7A6A835D
80BFD8B2
87152E07
8D6A835C
93BFD8B1
9A152E06
A06A835B
A6BFD8B0
AD152E05
B36A835A
B9BFD8AF
C0152E04
C66A8359
CCBFD8AE
D3152E03
D96A8358
DFBFD8AD
E6152E02
EC6A8357
F2BFD8AC
F9152E01
FF6A8356
05BFD8AB
0C152E00
126A8355
18BFD8AA
1F152DFF
256A8354
2BBFD8A9
32152DFE
386A8353
3EBFD8A8
45152DFD
4B6A8352
51BFD8A7
58152DFC
5E6A8351
64BFD8A6
6B152DFB
716A8350
77BFD8A5
7E152DFA
846A834F
8ABFD8A4
91152DF9
976A834E
9DBFD8A3
A4152DF8
AA6A834D
B0BFD8A2
B7152DF7
BD6A834C
C3BFD8A1
CA152DF6
D06A834B
D6BFD8A0
DD152DF5
E36A834A
E9BFD89F
F0152DF4
F66A8349
FCBFD89E
03152DF3
096A8348
0FBFD89D
16152DF2
1C6A8347
22BFD89C
29152DF1
2F6A8346
35BFD89B
3C152DF0
426A8345
48BFD89A
4F152DEF
556A8344
5BBFD899
62152DEE
686A8343
6EBFD898
75152DED
7B6A8342
81BFD897
88152DEC
8E6A8341
94BFD896
9B152DEB
A16A8340
A7BFD895
AE152DEA
B46A833F
BABFD894
C1152DE9
C76A833E
CDBFD893
D4152DE8
DA6A833D
E0BFD892
E7152DE7
ED6A833C
F3BFD891
FA152DE6
006A833B
06BFD890
0D152DE5
136A833A
19BFD88F
20152DE4
266A8339
2CBFD88E
33152DE3
396A8338
3FBFD88D
46152DE2
4C6A8337
52BFD88C
59152DE1
5F6A8336
65BFD88B
6C152DE0
726A8335
78BFD88A
7F152DDF
856A8334
8BBFD889
92152DDE
986A8333
9EBFD888
A5152DDD
AB6A8332
B1BFD887
B8152DDC
BE6A8331
C4BFD886
CB152DDB
D16A8330
D7BFD885
DE152DDA
E46A832F
EABFD884
F1152DD9
F76A832E
FDBFD883
04152DD8
0A6A832D
10BFD882
17152DD7
1D6A832C
23BFD881
2A152DD6
306A832B
36BFD880
3D152DD5
436A832A
49BFD87F
50152DD4
566A8329
5CBFD87E
63152DD3
696A8328
6FBFD87D
76152DD2
7C6A8327
82BFD87C
89152DD1
8F6A8326
95BFD87B
9C152DD0
A26A8325
A8BFD87A
AF152DCF
B56A8324
BBBFD879
C2152DCE
C86A8323
CEBFD878
D5152DCD
DB6A8322
E1BFD877
E8152DCC
EE6A8321
F4BFD876
FB152DCB
016A8320
07BFD875
0E152DCA
146A831F
1ABFD874
21152DC9
276A831E
2DBFD873
34152DC8
3A6A831D
40BFD872
47152DC7
4D6A831C
53BFD871
5A152DC6
606A831B
66BFD870
6D152DC5
736A831A
79BFD86F
80152DC4
866A8319
8CBFD86E
93152DC3
996A8318
9FBFD86D
A6152DC2
AC6A8317
B2BFD86C
B9152DC1
BF6A8316
C5BFD86B
CC152DC0
D26A8315
D8BFD86A
DF152DBF
E56A8314
EBBFD869
F2152DBE
F86A8313
FEBFD868
05152DBD
0B6A8312
11BFD867
18152DBC
1E6A8311
24BFD866
2B152DBB
316A8310
37BFD865
3E152DBA
446A830F
4ABFD864
51152DB9
576A830E
5DBFD863
64152DB8
6A6A830D
70BFD862
77152DB7
7D6A830C
83BFD861
8A152DB6
906A830B
96BFD860
9D152DB5
A36A830A
A9BFD85F
B0152DB4
B66A8309
BCBFD85E
C3152DB3
C96A8308
CFBFD85D
D6152DB2
DC6A8307
E2BFD85C
E9152DB1
EF6A8306
F5BFD85B
FC152DB0
026A8305
08BFD85A
0F152DAF
156A8304
1BBFD859
22152DAE
286A8303
2EBFD858
35152DAD
3B6A8302
41BFD857
48152DAC
4E6A8301
54BFD856
5B152DAB
616A8300
67BFD855
6E152DAA
746A82FF
7ABFD854
81152DA9
876A82FE
8DBFD853
94152DA8
9A6A82FD
A0BFD852
A7152DA7
AD6A82FC
B3BFD851
BA152DA6
C06A82FB
C6BFD850
CD152DA5
D36A82FA
D9BFD84F
E0152DA4
E66A82F9
ECBFD84E
F3152DA3
F96A82F8
FFBFD84D
06152DA2
0C6A82F7
12BFD84C
19152DA1
1F6A82F6
25BFD84B
2C152DA0
326A82F5
38BFD84A
3F152D9F
456A82F4
4BBFD849
52152D9E
586A82F3
5EBFD848
65152D9D
6B6A82F2
71BFD847
78152D9C
7E6A82F1
84BFD846
8B152D9B
916A82F0
97BFD845
9E152D9A
A46A82EF
AABFD844
B1152D99
B76A82EE
BDBFD843
C4152D98
CA6A82ED
D0BFD842
D7152D97
DD6A82EC
E3BFD841
EA152D96
F06A82EB
F6BFD840
FD152D95
036A82EA
09BFD83F
10152D94
166A82E9
1CBFD83E
23152D93
296A82E8
2FBFD83D
36152D92
3C6A82E7
42BFD83C
49152D91
4F6A82E6
55BFD83B
5C152D90
626A82E5
68BFD83A
6F152D8F
756A82E4
7BBFD839
82152D8E
886A82E3
8EBFD838
95152D8D
9B6A82E2
A1BFD837
A8152D8C
AE6A82E1
B4BFD836
BB152D8B
C16A82E0
C7BFD835
CE152D8A
D46A82DF
DABFD834
E1152D89
E76A82DE
EDBFD833
F4152D88
FA6A82DD
00BFD832
07152D87
0D6A82DC
13BFD831
1A152D86
206A82DB
26BFD830
2D152D85
336A82DA
39BFD82F
40152D84
466A82D9
4CBFD82E
53152D83
596A82D8
5FBFD82D
66152D82
6C6A82D7
72BFD82C
79152D81
7F6A82D6
85BFD82B
8C152D80
926A82D5
98BFD82A
9F152D7F
A56A82D4
ABBFD829
B2152D7E
B86A82D3
BEBFD828
C5152D7D
CB6A82D2
D1BFD827
D8152D7C
DE6A82D1
E4BFD826
EB152D7B
F16A82D0
F7BFD825
FE152D7A
046A82CF
0ABFD824
11152D79
176A82CE
1DBFD823
24152D78
2A6A82CD
30BFD822
37152D77
3D6A82CC
43BFD821
4A152D76
506A82CB
56BFD820
5D152D75
636A82CA
69BFD81F
70152D74
766A82C9
7CBFD81E
83152D73
896A82C8
8FBFD81D
96152D72
9C6A82C7
A2BFD81C
A9152D71
AF6A82C6
B5BFD81B
BC152D70
C26A82C5
C8BFD81A
CF152D6F
D56A82C4
DBBFD819
E2152D6E
E86A82C3
EEBFD818
F5152D6D
FB6A82C2
01BFD817
08152D6C
0E6A82C1
14BFD816
1B152D6B
216A82C0
27BFD815
2E152D6A
346A82BF
3ABFD814
41152D69
476A82BE
4DBFD813
54152D68
5A6A82BD
60BFD812
67152D67
6D6A82BC
73BFD811
7A152D66
806A82BB
86BFD810
8D152D65
936A82BA
99BFD80F
A0152D64
A66A82B9
ACBFD80E
B3152D63
B96A82B8
BFBFD80D
C6152D62
CC6A82B7
D2BFD80C
D9152D61
DF6A82B6
E5BFD80B
EC152D60
F26A82B5
F8BFD80A
FF152D5F
056A82B4
0BBFD809
12152D5E
186A82B3
1EBFD808
25152D5D
2B6A82B2
31BFD807
38152D5C
3E6A82B1
44BFD806
4B152D5B
516A82B0
57BFD805
5E152D5A
646A82AF
6ABFD804
71152D59
776A82AE
7DBFD803
84152D58
8A6A82AD
90BFD802
97152D57
9D6A82AC
A3BFD801
AA152D56
B06A82AB
B6BFD800
BD152D55
C36A82AA
C9BFD7FF
D0152D54
D66A82A9
DCBFD7FE
E3152D53
E96A82A8
EFBFD7FD
F6152D52
FC6A82A7
02BFD7FC
09152D51
0F6A82A6
15BFD7FB
1C152D50
226A82A5
28BFD7FA
2F152D4F
356A82A4
3BBFD7F9
42152D4E
486A82A3
4EBFD7F8
55152D4D
5B6A82A2
61BFD7F7
68152D4C
6E6A82A1
74BFD7F6
7B152D4B
816A82A0
87BFD7F5
8E152D4A
946A829F
9ABFD7F4
A1152D49
A76A829E
ADBFD7F3
B4152D48
BA6A829D
C0BFD7F2
C7152D47
CD6A829C
D3BFD7F1
DA152D46
E06A829B
E6BFD7F0
ED152D45
F36A829A
F9BFD7EF
00152D44
066A8299
0CBFD7EE
13152D43
196A8298
1FBFD7ED
26152D42
2C6A8297
32BFD7EC
39152D41
3F6A8296
45BFD7EB
4C152D40
526A8295
58BFD7EA
5F152D3F
656A8294
6BBFD7E9
72152D3E
786A8293
7EBFD7E8
85152D3D
8B6A8292
91BFD7E7
98152D3C
9E6A8291
A4BFD7E6
AB152D3B
B16A8290
B7BFD7E5
BE152D3A
C46A828F
CABFD7E4
D1152D39
D76A828E
DDBFD7E3
E4152D38
EA6A828D
F0BFD7E2
F7152D37
FD6A828C
03BFD7E1
0A152D36
106A828B
16BFD7E0
1D152D35
236A828A
29BFD7DF
30152D34
366A8289
3CBFD7DE
43152D33
496A8288
4FBFD7DD
56152D32
5C6A8287
62BFD7DC
69152D31
6F6A8286
75BFD7DB
7C152D30
826A8285
88BFD7DA
8F152D2F
956A8284
9BBFD7D9
A2152D2E
A86A8283
AEBFD7D8
B5152D2D
BB6A8282
C1BFD7D7
C8152D2C
CE6A8281
D4BFD7D6
DB152D2B
E16A8280
E7BFD7D5
EE152D2A
F46A827F
FABFD7D4
01152D29
076A827E
0DBFD7D3
14152D28
1A6A827D
20BFD7D2
27152D27
2D6A827C
33BFD7D1
3A152D26
406A827B
46BFD7D0
4D152D25
536A827A
59BFD7CF
60152D24
666A8279
6CBFD7CE
73152D23
796A8278
7FBFD7CD
86152D22
8C6A8277
92BFD7CC
99152D21
9F6A8276
A5BFD7CB
AC152D20
B26A8275
B8BFD7CA
BF152D1F
C56A8274
CBBFD7C9
D2152D1E
D86A8273
DEBFD7C8
E5152D1D
EB6A8272
F1BFD7C7
F8152D1C
FE6A8271
04BFD7C6
0B152D1B
116A8270
17BFD7C5
1E152D1A
246A826F
2ABFD7C4
31152D19
376A826E
3DBFD7C3
44152D18
4A6A826D
50BFD7C2
57152D17
5D6A826C
63BFD7C1
6A152D16
706A826B
76BFD7C0
7D152D15
836A826A
89BFD7BF
90152D14
966A8269
9CBFD7BE
A3152D13
A96A8268
AFBFD7BD
B6152D12
BC6A8267
C2BFD7BC
C9152D11
CF6A8266
D5BFD7BB
DC152D10
E26A8265
E8BFD7BA
EF152D0F
F56A8264
FBBFD7B9
02152D0E
086A8263
0EBFD7B8
15152D0D
1B6A8262
21BFD7B7
28152D0C
2E6A8261
34BFD7B6
3B152D0B
416A8260
47BFD7B5
4E152D0A
546A825F
5ABFD7B4
61152D09
676A825E
6DBFD7B3
74152D08
7A6A825D
80BFD7B2
87152D07
8D6A825C
93BFD7B1
9A152D06
A06A825B
A6BFD7B0
AD152D05
B36A825A
B9BFD7AF
C0152D04
C66A8259
CCBFD7AE
D3152D03
D96A8258
DFBFD7AD
E6152D02
EC6A8257
F2BFD7AC
F9152D01
FF6A8256
05BFD7AB
0C152D00
126A8255
18BFD7AA
1F152CFF
256A8254
2BBFD7A9
32152CFE
386A8253
3EBFD7A8
45152CFD
4B6A8252
51BFD7A7
58152CFC
5E6A8251
64BFD7A6
6B152CFB
716A8250
77BFD7A5
7E152CFA
846A824F
8ABFD7A4
91152CF9
976A824E
9DBFD7A3
A4152CF8
AA6A824D
B0BFD7A2
B7152CF7
BD6A824C
C3BFD7A1
CA152CF6
D06A824B
D6BFD7A0
DD152CF5
E36A824A
E9BFD79F
F0152CF4
F66A8249
FCBFD79E
03152CF3
096A8248
0FBFD79D
16152CF2
1C6A8247
22BFD79C
29152CF1
2F6A8246
35BFD79B
3C152CF0
426A8245
48BFD79A
4F152CEF
556A8244
5BBFD799
62152CEE
686A8243
6EBFD798
75152CED
7B6A8242
81BFD797
88152CEC
8E6A8241
94BFD796
9B152CEB
A16A8240
A7BFD795
AE152CEA
B46A823F
BABFD794
C1152CE9
C76A823E
CDBFD793
D4152CE8
DA6A823D
E0BFD792
E7152CE7
ED6A823C
F3BFD791
FA152CE6
006A823B
06BFD790
0D152CE5
136A823A
19BFD78F
20152CE4
266A8239
2CBFD78E
33152CE3
396A8238
3FBFD78D
46152CE2
4C6A8237
52BFD78C
59152CE1
5F6A8236
65BFD78B
6C152CE0
726A8235
78BFD78A
7F152CDF
856A8234
8BBFD789
92152CDE
986A8233
9EBFD788
A5152CDD
AB6A8232
B1BFD787
B8152CDC
BE6A8231
C4BFD786
CB152CDB
D16A8230
D7BFD785
DE152CDA
E46A822F
EABFD784
F1152CD9
F76A822E
FDBFD783
04152CD8
0A6A822D
10BFD782
17152CD7
1D6A822C
23BFD781
2A152CD6
306A822B
36BFD780
3D152CD5
436A822A
49BFD77F
50152CD4
566A8229
5CBFD77E
63152CD3
696A8228
6FBFD77D
76152CD2
7C6A8227
82BFD77C
89152CD1
8F6A8226
95BFD77B
9C152CD0
A26A8225
A8BFD77A
AF152CCF
B56A8224
BBBFD779
C2152CCE
C86A8223
CEBFD778
D5152CCD
DB6A8222
E1BFD777
E8152CCC
EE6A8221
F4BFD776
FB152CCB
016A8220
07BFD775
0E152CCA
146A821F
1ABFD774
21152CC9
276A821E
2DBFD773
34152CC8
3A6A821D
40BFD772
47152CC7
4D6A821C
53BFD771
5A152CC6
606A821B
66BFD770
6D152CC5
736A821A
79BFD76F
80152CC4
866A8219
8CBFD76E
93152CC3
996A8218
9FBFD76D
A6152CC2
AC6A8217
B2BFD76C
B9152CC1
BF6A8216
C5BFD76B
CC152CC0
D26A8215
D8BFD76A
DF152CBF
E56A8214
EBBFD769
F2152CBE
F86A8213
FEBFD768
05152CBD
0B6A8212
11BFD767
18152CBC
1E6A8211
24BFD766
2B152CBB
316A8210
37BFD765
3E152CBA
446A820F
4ABFD764
51152CB9
576A820E
5DBFD763
64152CB8
6A6A820D
70BFD762
77152CB7
7D6A820C
83BFD761
8A152CB6
906A820B
96BFD760
9D152CB5
A36A820A
A9BFD75F
B0152CB4
B66A8209
BCBFD75E
C3152CB3
C96A8208
CFBFD75D
D6152CB2
DC6A8207
E2BFD75C
E9152CB1
EF6A8206
F5BFD75B
FC152CB0
026A8205
08BFD75A
0F152CAF
156A8204
1BBFD759
22152CAE
286A8203
2EBFD758
35152CAD
3B6A8202
41BFD757
48152CAC
4E6A8201
54BFD756
5B152CAB
616A8200
67BFD755
6E152CAA
746A81FF
7ABFD754
81152CA9
876A81FE
8DBFD753
94152CA8
9A6A81FD
A0BFD752
A7152CA7
AD6A81FC
B3BFD751
BA152CA6
C06A81FB
C6BFD750
CD152CA5
D36A81FA
D9BFD74F
E0152CA4
E66A81F9
ECBFD74E
F3152CA3
F96A81F8
FFBFD74D
06152CA2
0C6A81F7
12BFD74C
19152CA1
1F6A81F6
25BFD74B
2C152CA0
326A81F5
38BFD74A
3F152C9F
456A81F4
4BBFD749
52152C9E
586A81F3
5EBFD748
65152C9D
6B6A81F2
71BFD747
78152C9C
7E6A81F1
84BFD746
8B152C9B
916A81F0
97BFD745
9E152C9A
A46A81EF
AABFD744
B1152C99
B76A81EE
BDBFD743
C4152C98
CA6A81ED
D0BFD742
D7152C97
DD6A81EC
E3BFD741
EA152C96
F06A81EB
F6BFD740
FD152C95
036A81EA
09BFD73F
10152C94
166A81E9
1CBFD73E
23152C93
296A81E8
2FBFD73D
36152C92
3C6A81E7
42BFD73C
49152C91
4F6A81E6
55BFD73B
5C152C90
626A81E5
68BFD73A
6F152C8F
756A81E4
7BBFD739
82152C8E
886A81E3
8EBFD738
95152C8D
9B6A81E2
A1BFD737
A8152C8C
AE6A81E1
B4BFD736
BB152C8B
C16A81E0
C7BFD735
CE152C8A
D46A81DF
DABFD734
E1152C89
E76A81DE
EDBFD733
F4152C88
FA6A81DD
00BFD732
07152C87
0D6A81DC
13BFD731
1A152C86
206A81DB
26BFD730
2D152C85
336A81DA
39BFD72F
40152C84
466A81D9
4CBFD72E
53152C83
596A81D8
5FBFD72D
66152C82
6C6A81D7
72BFD72C
79152C81
7F6A81D6
85BFD72B
8C152C80
926A81D5
98BFD72A
9F152C7F
A56A81D4
ABBFD729
B2152C7E
B86A81D3
BEBFD728
C5152C7D
CB6A81D2
D1BFD727
D8152C7C
DE6A81D1
E4BFD726
EB152C7B
F16A81D0
F7BFD725
FE152C7A
046A81CF
0ABFD724
11152C79
176A81CE
1DBFD723
24152C78
2A6A81CD
30BFD722
37152C77
3D6A81CC
43BFD721
4A152C76
506A81CB
56BFD720
5D152C75
636A81CA
69BFD71F
70152C74
766A81C9
7CBFD71E
83152C73
896A81C8
8FBFD71D
96152C72
9C6A81C7
A2BFD71C
A9152C71
AF6A81C6
B5BFD71B
BC152C70
C26A81C5
C8BFD71A
CF152C6F
D56A81C4
DBBFD719
E2152C6E
E86A81C3
EEBFD718
F5152C6D
FB6A81C2
01BFD717
08152C6C
0E6A81C1
14BFD716
1B152C6B
216A81C0
27BFD715
2E152C6A
346A81BF
3ABFD714
41152C69
476A81BE
4DBFD713
54152C68
5A6A81BD
60BFD712
67152C67
6D6A81BC
73BFD711
7A152C66
806A81BB
86BFD710
8D152C65
936A81BA
99BFD70F
A0152C64
A66A81B9
ACBFD70E
B3152C63
B96A81B8
BFBFD70D
C6152C62
CC6A81B7
D2BFD70C
D9152C61
DF6A81B6
E5BFD70B
EC152C60
F26A81B5
F8BFD70A
FF152C5F
056A81B4
0BBFD709
12152C5E
186A81B3
1EBFD708
25152C5D
2B6A81B2
31BFD707
38152C5C
3E6A81B1
44BFD706
4B152C5B
516A81B0
57BFD705
5E152C5A
646A81AF
6ABFD704
71152C59
776A81AE
7DBFD703
84152C58
8A6A81AD
90BFD702
97152C57
9D6A81AC
A3BFD701
AA152C56
B06A81AB
B6BFD700
BD152C55
C36A81AA
C9BFD6FF
D0152C54
D66A81A9
DCBFD6FE
E3152C53
E96A81A8
EFBFD6FD
F6152C52
FC6A81A7
02BFD6FC
09152C51
0F6A81A6
15BFD6FB
1C152C50
226A81A5
28BFD6FA
2F152C4F
356A81A4
3BBFD6F9
42152C4E
486A81A3
4EBFD6F8
55152C4D
5B6A81A2
61BFD6F7
68152C4C
6E6A81A1
74BFD6F6
7B152C4B
816A81A0
87BFD6F5
8E152C4A
946A819F
9ABFD6F4
A1152C49
A76A819E
ADBFD6F3
B4152C48
BA6A819D
C0BFD6F2
C7152C47
CD6A819C
D3BFD6F1
DA152C46
E06A819B
E6BFD6F0
ED152C45
F36A819A
F9BFD6EF
00152C44
066A8199
0CBFD6EE
13152C43
196A8198
1FBFD6ED
26152C42
2C6A8197
32BFD6EC
39152C41
3F6A8196
45BFD6EB
4C152C40
526A8195
58BFD6EA
5F152C3F
656A8194
6BBFD6E9
72152C3E
786A8193
7EBFD6E8
85152C3D
8B6A8192
91BFD6E7
98152C3C
9E6A8191
A4BFD6E6
AB152C3B
B16A8190
B7BFD6E5
BE152C3A
C46A818F
CABFD6E4
D1152C39
D76A818E
DDBFD6E3
E4152C38
EA6A818D
F0BFD6E2
F7152C37
FD6A818C
03BFD6E1
0A152C36
106A818B
16BFD6E0
1D152C35
236A818A
29BFD6DF
30152C34
366A8189
3CBFD6DE
43152C33
496A8188
4FBFD6DD
56152C32
5C6A8187
62BFD6DC
69152C31
6F6A8186
75BFD6DB
7C152C30
826A8185
88BFD6DA
8F152C2F
956A8184
9BBFD6D9
A2152C2E
A86A8183
AEBFD6D8
B5152C2D
BB6A8182
C1BFD6D7
C8152C2C
CE6A8181
D4BFD6D6
DB152C2B
E16A8180
E7BFD6D5
EE152C2A
F46A817F
FABFD6D4
01152C29
076A817E
0DBFD6D3
14152C28
1A6A817D
20BFD6D2
27152C27
2D6A817C
33BFD6D1
3A152C26
406A817B
46BFD6D0
4D152C25
536A817A
59BFD6CF
60152C24
666A8179
6CBFD6CE
73152C23
796A8178
7FBFD6CD
86152C22
8C6A8177
92BFD6CC
99152C21
9F6A8176
A5BFD6CB
AC152C20
B26A8175
B8BFD6CA
BF152C1F
C56A8174
CBBFD6C9
D2152C1E
D86A8173
DEBFD6C8
E5152C1D
EB6A8172
F1BFD6C7
F8152C1C
FE6A8171
04BFD6C6
0B152C1B
116A8170
17BFD6C5
1E152C1A
246A816F
2ABFD6C4
31152C19
376A816E
3DBFD6C3
44152C18
4A6A816D
50BFD6C2
57152C17
5D6A816C
63BFD6C1
6A152C16
706A816B
76BFD6C0
7D152C15
836A816A
89BFD6BF
90152C14
966A8169
9CBFD6BE
A3152C13
A96A8168
AFBFD6BD
B6152C12
BC6A8167
C2BFD6BC
C9152C11
CF6A8166
D5BFD6BB
DC152C10
E26A8165
E8BFD6BA
EF152C0F
F56A8164
FBBFD6B9
02152C0E
086A8163
0EBFD6B8
15152C0D
1B6A8162
21BFD6B7
28152C0C
2E6A8161
34BFD6B6
3B152C0B
416A8160
47BFD6B5
4E152C0A
546A815F
5ABFD6B4
61152C09
676A815E
6DBFD6B3
74152C08
7A6A815D
80BFD6B2
87152C07
8D6A815C
93BFD6B1
9A152C06
A06A815B
A6BFD6B0
AD152C05
B36A815A
B9BFD6AF
C0152C04
C66A8159
CCBFD6AE
D3152C03
D96A8158
DFBFD6AD
E6152C02
EC6A8157
F2BFD6AC
F9152C01
FF6A8156
05BFD6AB
0C152C00
126A8155
18BFD6AA
1F152BFF
256A8154
2BBFD6A9
32152BFE
386A8153
3EBFD6A8
45152BFD
4B6A8152
51BFD6A7
58152BFC
5E6A8151
64BFD6A6
6B152BFB
716A8150
77BFD6A5
7E152BFA
846A814F
8ABFD6A4
91152BF9
976A814E
9DBFD6A3
A4152BF8
AA6A814D
B0BFD6A2
B7152BF7
BD6A814C
C3BFD6A1
CA152BF6
D06A814B
D6BFD6A0
DD152BF5
E36A814A
E9BFD69F
F0152BF4
F66A8149
FCBFD69E
03152BF3
096A8148
0FBFD69D
16152BF2
1C6A8147
22BFD69C
29152BF1
2F6A8146
35BFD69B
3C152BF0
426A8145
48BFD69A
4F152BEF
556A8144
5BBFD699
62152BEE
686A8143
6EBFD698
75152BED
7B6A8142
81BFD697
88152BEC
8E6A8141
94BFD696
9B152BEB
A16A8140
A7BFD695
AE152BEA
B46A813F
BABFD694
C1152BE9
C76A813E
CDBFD693
D4152BE8
DA6A813D
E0BFD692
E7152BE7
ED6A813C
F3BFD691
FA152BE6
006A813B
06BFD690
0D152BE5
136A813A
19BFD68F
20152BE4
266A8139
2CBFD68E
33152BE3
396A8138
3FBFD68D
46152BE2
4C6A8137
52BFD68C
59152BE1
5F6A8136
65BFD68B
6C152BE0
726A8135
78BFD68A
7F152BDF
856A8134
8BBFD689
92152BDE
986A8133
9EBFD688
A5152BDD
AB6A8132
B1BFD687
B8152BDC
BE6A8131
C4BFD686
CB152BDB
D16A8130
D7BFD685
DE152BDA
E46A812F
EABFD684
F1152BD9
F76A812E
FDBFD683
04152BD8
0A6A812D
10BFD682
17152BD7
1D6A812C
23BFD681
2A152BD6
306A812B
36BFD680
3D152BD5
436A812A
49BFD67F
50152BD4
566A8129
5CBFD67E
63152BD3
696A8128
6FBFD67D
76152BD2
7C6A8127
82BFD67C
89152BD1
8F6A8126
95BFD67B
9C152BD0
A26A8125
A8BFD67A
AF152BCF
B56A8124
BBBFD679
C2152BCE
C86A8123
CEBFD678
D5152BCD
DB6A8122
E1BFD677
E8152BCC
EE6A8121
F4BFD676
FB152BCB
016A8120
07BFD675
0E152BCA
146A811F
1ABFD674
21152BC9
276A811E
2DBFD673
34152BC8
3A6A811D
40BFD672
47152BC7
4D6A811C
53BFD671
5A152BC6
606A811B
66BFD670
6D152BC5
736A811A
79BFD66F
80152BC4
866A8119
8CBFD66E
93152BC3
996A8118
9FBFD66D
A6152BC2
AC6A8117
B2BFD66C
B9152BC1
BF6A8116
C5BFD66B
CC152BC0
D26A8115
D8BFD66A
DF152BBF
E56A8114
EBBFD669
F2152BBE
F86A8113
FEBFD668
05152BBD
0B6A8112
11BFD667
18152BBC
1E6A8111
24BFD666
2B152BBB
316A8110
37BFD665
3E152BBA
446A810F
4ABFD664
51152BB9
576A810E
5DBFD663
64152BB8
6A6A810D
70BFD662
77152BB7
7D6A810C
83BFD661
8A152BB6
906A810B
96BFD660
9D152BB5
A36A810A
A9BFD65F
B0152BB4
B66A8109
BCBFD65E
C3152BB3
C96A8108
CFBFD65D
D6152BB2
DC6A8107
E2BFD65C
E9152BB1
EF6A8106
F5BFD65B
FC152BB0
026A8105
08BFD65A
0F152BAF
156A8104
1BBFD659
22152BAE
286A8103
2EBFD658
35152BAD
3B6A8102
41BFD657
48152BAC
4E6A8101
54BFD656
5B152BAB
616A8100
67BFD655
6E152BAA
746A80FF
7ABFD654
81152BA9
876A80FE
8DBFD653
94152BA8
9A6A80FD
A0BFD652
A7152BA7
AD6A80FC
B3BFD651
BA152BA6
C06A80FB
C6BFD650
CD152BA5
D36A80FA
D9BFD64F
E0152BA4
E66A80F9
ECBFD64E
F3152BA3
F96A80F8
FFBFD64D
06152BA2
0C6A80F7
12BFD64C
19152BA1
1F6A80F6
25BFD64B
2C152BA0
326A80F5
38BFD64A
3F152B9F
456A80F4
4BBFD649
52152B9E
586A80F3
5EBFD648
65152B9D
6B6A80F2
71BFD647
78152B9C
7E6A80F1
84BFD646
8B152B9B
916A80F0
97BFD645
9E152B9A
A46A80EF
AABFD644
B1152B99
B76A80EE
BDBFD643
C4152B98
CA6A80ED
D0BFD642
D7152B97
DD6A80EC
E3BFD641
EA152B96
F06A80EB
F6BFD640
FD152B95
036A80EA
09BFD63F
10152B94
166A80E9
1CBFD63E
23152B93
296A80E8
2FBFD63D
36152B92
3C6A80E7
42BFD63C
49152B91
4F6A80E6
55BFD63B
5C152B90
626A80E5
68BFD63A
6F152B8F
756A80E4
7BBFD639
82152B8E
886A80E3
8EBFD638
95152B8D
9B6A80E2
A1BFD637
A8152B8C
AE6A80E1
B4BFD636
BB152B8B
C16A80E0
C7BFD635
CE152B8A
D46A80DF
DABFD634
E1152B89
E76A80DE
EDBFD633
F4152B88
FA6A80DD
00BFD632
07152B87
0D6A80DC
13BFD631
1A152B86
206A80DB
26BFD630
2D152B85
336A80DA
39BFD62F
40152B84
466A80D9
4CBFD62E
53152B83
596A80D8
5FBFD62D
66152B82
6C6A80D7
72BFD62C
79152B81
7F6A80D6
85BFD62B
8C152B80
926A80D5
98BFD62A
9F152B7F
A56A80D4
ABBFD629
B2152B7E
B86A80D3
BEBFD628
C5152B7D
CB6A80D2
D1BFD627
D8152B7C
DE6A80D1
E4BFD626
EB152B7B
F16A80D0
F7BFD625
FE152B7A
046A80CF
0ABFD624
11152B79
176A80CE
1DBFD623
24152B78
2A6A80CD
30BFD622
37152B77
3D6A80CC
43BFD621
4A152B76
506A80CB
56BFD620
5D152B75
636A80CA
69BFD61F
70152B74
766A80C9
7CBFD61E
83152B73
896A80C8
8FBFD61D
96152B72
9C6A80C7
A2BFD61C
A9152B71
AF6A80C6
B5BFD61B
BC152B70
C26A80C5
C8BFD61A
CF152B6F
D56A80C4
DBBFD619
E2152B6E
E86A80C3
EEBFD618
F5152B6D
FB6A80C2
01BFD617
08152B6C
0E6A80C1
14BFD616
1B152B6B
216A80C0
27BFD615
2E152B6A
346A80BF
3ABFD614
41152B69
476A80BE
4DBFD613
54152B68
5A6A80BD
60BFD612
67152B67
6D6A80BC
73BFD611
7A152B66
806A80BB
86BFD610
8D152B65
936A80BA
99BFD60F
A0152B64
A66A80B9
ACBFD60E
B3152B63
B96A80B8
BFBFD60D
C6152B62
CC6A80B7
D2BFD60C
D9152B61
DF6A80B6
E5BFD60B
EC152B60
F26A80B5
F8BFD60A
FF152B5F
056A80B4
0BBFD609
12152B5E
186A80B3
1EBFD608
25152B5D
2B6A80B2
31BFD607
38152B5C
3E6A80B1
44BFD606
4B152B5B
516A80B0
57BFD605
5E152B5A
646A80AF
6ABFD604
71152B59
776A80AE
7DBFD603
84152B58
8A6A80AD
90BFD602
97152B57
9D6A80AC
A3BFD601
AA152B56
B06A80AB
B6BFD600
BD152B55
C36A80AA
C9BFD5FF
D0152B54
D66A80A9
DCBFD5FE
E3152B53
E96A80A8
EFBFD5FD
F6152B52
FC6A80A7
02BFD5FC
09152B51
0F6A80A6
15BFD5FB
1C152B50
226A80A5
28BFD5FA
2F152B4F
356A80A4
3BBFD5F9
42152B4E
486A80A3
4EBFD5F8
55152B4D
5B6A80A2
61BFD5F7
68152B4C
6E6A80A1
74BFD5F6
7B152B4B
816A80A0
87BFD5F5
8E152B4A
946A809F
9ABFD5F4
A1152B49
A76A809E
ADBFD5F3
B4152B48
BA6A809D
C0BFD5F2
C7152B47
CD6A809C
D3BFD5F1
DA152B46
E06A809B
E6BFD5F0
ED152B45
F36A809A
F9BFD5EF
00152B44
066A8099
0CBFD5EE
13152B43
196A8098
1FBFD5ED
26152B42
2C6A8097
32BFD5EC
39152B41
3F6A8096
45BFD5EB
4C152B40
526A8095
58BFD5EA
5F152B3F
656A8094
6BBFD5E9
72152B3E
786A8093
7EBFD5E8
85152B3D
8B6A8092
91BFD5E7
98152B3C
9E6A8091
A4BFD5E6
AB152B3B
B16A8090
B7BFD5E5
BE152B3A
C46A808F
CABFD5E4
D1152B39
D76A808E
DDBFD5E3
E4152B38
EA6A808D
F0BFD5E2
F7152B37
FD6A808C
03BFD5E1
0A152B36
106A808B
16BFD5E0
1D152B35
236A808A
29BFD5DF
30152B34
366A8089
3CBFD5DE
43152B33
496A8088
4FBFD5DD
56152B32
5C6A8087
62BFD5DC
69152B31
6F6A8086
75BFD5DB
7C152B30
826A8085
88BFD5DA
8F152B2F
956A8084
9BBFD5D9
A2152B2E
A86A8083
AEBFD5D8
B5152B2D
BB6A8082
C1BFD5D7
C8152B2C
CE6A8081
D4BFD5D6
DB152B2B
E16A8080
E7BFD5D5
EE152B2A
F46A807F
FABFD5D4
01152B29
076A807E
0DBFD5D3
14152B28
1A6A807D
20BFD5D2
27152B27
2D6A807C
33BFD5D1
3A152B26
406A807B
46BFD5D0
4D152B25
536A807A
59BFD5CF
60152B24
666A8079
6CBFD5CE
73152B23
796A8078
7FBFD5CD
86152B22
8C6A8077
92BFD5CC
99152B21
9F6A8076
A5BFD5CB
AC152B20
B26A8075
B8BFD5CA
BF152B1F
C56A8074
CBBFD5C9
D2152B1E
D86A8073
DEBFD5C8
E5152B1D
EB6A8072
F1BFD5C7
F8152B1C
FE6A8071
04BFD5C6
0B152B1B
116A8070
17BFD5C5
1E152B1A
246A806F
2ABFD5C4
31152B19
376A806E
3DBFD5C3
44152B18
4A6A806D
50BFD5C2
57152B17
5D6A806C
63BFD5C1
6A152B16
706A806B
76BFD5C0
7D152B15
836A806A
89BFD5BF
90152B14
966A8069
9CBFD5BE
A3152B13
A96A8068
AFBFD5BD
B6152B12
BC6A8067
C2BFD5BC
C9152B11
CF6A8066
D5BFD5BB
DC152B10
E26A8065
E8BFD5BA
EF152B0F
F56A8064
FBBFD5B9
02152B0E
086A8063
0EBFD5B8
15152B0D
1B6A8062
21BFD5B7
28152B0C
2E6A8061
34BFD5B6
3B152B0B
416A8060
47BFD5B5
4E152B0A
546A805F
5ABFD5B4
61152B09
676A805E
6DBFD5B3
74152B08
7A6A805D
80BFD5B2
87152B07
8D6A805C
93BFD5B1
9A152B06
A06A805B
A6BFD5B0
AD152B05
B36A805A
B9BFD5AF
C0152B04
C66A8059
CCBFD5AE
D3152B03
D96A8058
DFBFD5AD
E6152B02
EC6A8057
F2BFD5AC
F9152B01
FF6A8056
05BFD5AB
0C152B00
126A8055
18BFD5AA
1F152AFF
256A8054
2BBFD5A9
32152AFE
386A8053
3EBFD5A8
45152AFD
4B6A8052
51BFD5A7
58152AFC
5E6A8051
64BFD5A6
6B152AFB
716A8050
77BFD5A5
7E152AFA
846A804F
8ABFD5A4
91152AF9
976A804E
9DBFD5A3
A4152AF8
AA6A804D
B0BFD5A2
B7152AF7
BD6A804C
C3BFD5A1
CA152AF6
D06A804B
D6BFD5A0
DD152AF5
E36A804A
E9BFD59F
F0152AF4
F66A8049
FCBFD59E
03152AF3
096A8048
0FBFD59D
16152AF2
1C6A8047
22BFD59C
29152AF1
2F6A8046
35BFD59B
3C152AF0
426A8045
48BFD59A
4F152AEF
556A8044
5BBFD599
62152AEE
686A8043
6EBFD598
75152AED
7B6A8042
81BFD597
88152AEC
8E6A8041
94BFD596
9B152AEB
A16A8040
A7BFD595
AE152AEA
B46A803F
BABFD594
C1152AE9
C76A803E
CDBFD593
D4152AE8
DA6A803D
E0BFD592
E7152AE7
ED6A803C
F3BFD591
FA152AE6
006A803B
06BFD590
0D152AE5
136A803A
19BFD58F
20152AE4
266A8039
2CBFD58E
33152AE3
396A8038
3FBFD58D
46152AE2
4C6A8037
52BFD58C
59152AE1
5F6A8036
65BFD58B
6C152AE0
726A8035
78BFD58A
7F152ADF
856A8034
8BBFD589
92152ADE
986A8033
9EBFD588
A5152ADD
AB6A8032
B1BFD587
B8152ADC
BE6A8031
C4BFD586
CB152ADB
D16A8030
D7BFD585
DE152ADA
E46A802F
EABFD584
F1152AD9
F76A802E
FDBFD583
04152AD8
0A6A802D
10BFD582
17152AD7
1D6A802C
23BFD581
2A152AD6
306A802B
36BFD580
3D152AD5
436A802A
49BFD57F
50152AD4
566A8029
5CBFD57E
63152AD3
696A8028
6FBFD57D
76152AD2
7C6A8027
82BFD57C
89152AD1
8F6A8026
95BFD57B
9C152AD0
A26A8025
A8BFD57A
AF152ACF
B56A8024
BBBFD579
C2152ACE
C86A8023
CEBFD578
D5152ACD
DB6A8022
E1BFD577
E8152ACC
EE6A8021
F4BFD576
FB152ACB
016A8020
07BFD575
0E152ACA
146A801F
1ABFD574
21152AC9
276A801E
2DBFD573
34152AC8
3A6A801D
40BFD572
47152AC7
4D6A801C
53BFD571
5A152AC6
606A801B
66BFD570
6D152AC5
736A801A
79BFD56F
80152AC4
866A8019
8CBFD56E
93152AC3
996A8018
9FBFD56D
A6152AC2
AC6A8017
B2BFD56C
B9152AC1
BF6A8016
C5BFD56B
CC152AC0
D26A8015
D8BFD56A
DF152ABF
E56A8014
EBBFD569
F2152ABE
F86A8013
FEBFD568
05152ABD
0B6A8012
11BFD567
18152ABC
1E6A8011
24BFD566
2B152ABB
316A8010
37BFD565
3E152ABA
446A800F
4ABFD564
51152AB9
576A800E
5DBFD563
64152AB8
6A6A800D
70BFD562
77152AB7
7D6A800C
83BFD561
8A152AB6
906A800B
96BFD560
9D152AB5
A36A800A
A9BFD55F
B0152AB4
B66A8009
BCBFD55E
C3152AB3
C96A8008
CFBFD55D
D6152AB2
DC6A8007
E2BFD55C
E9152AB1
EF6A8006
F5BFD55B
FC152AB0
026A8005
08BFD55A
0F152AAF
156A8004
1BBFD559
22152AAE
286A8003
2EBFD558
35152AAD
3B6A8002
41BFD557
48152AAC
4E6A8001
54BFD556
5B152AAB
616A8000
67BFD555
6E152AAA
746A7FFF
7ABFD554
81152AA9
876A7FFE
8DBFD553
94152AA8
9A6A7FFD
A0BFD552
A7152AA7
AD6A7FFC
B3BFD551
BA152AA6
C06A7FFB
C6BFD550
CD152AA5
D36A7FFA
D9BFD54F
E0152AA4
E66A7FF9
ECBFD54E
F3152AA3
F96A7FF8
FFBFD54D
06152AA2
0C6A7FF7
12BFD54C
19152AA1
1F6A7FF6
25BFD54B
2C152AA0
326A7FF5
38BFD54A
3F152A9F
456A7FF4
4BBFD549
52152A9E
586A7FF3
5EBFD548
65152A9D
6B6A7FF2
71BFD547
78152A9C
7E6A7FF1
84BFD546
8B152A9B
916A7FF0
97BFD545
9E152A9A
A46A7FEF
AABFD544
B1152A99
B76A7FEE
BDBFD543
C4152A98
CA6A7FED
D0BFD542
D7152A97
DD6A7FEC
E3BFD541
EA152A96
F06A7FEB
F6BFD540
FD152A95
036A7FEA
09BFD53F
10152A94
166A7FE9
1CBFD53E
23152A93
296A7FE8
2FBFD53D
36152A92
3C6A7FE7
42BFD53C
49152A91
4F6A7FE6
55BFD53B
5C152A90
626A7FE5
68BFD53A
6F152A8F
756A7FE4
7BBFD539
82152A8E
886A7FE3
8EBFD538
95152A8D
9B6A7FE2
A1BFD537
A8152A8C
AE6A7FE1
B4BFD536
BB152A8B
C16A7FE0
C7BFD535
CE152A8A
D46A7FDF
DABFD534
E1152A89
E76A7FDE
EDBFD533
F4152A88
FA6A7FDD
00BFD532
07152A87
0D6A7FDC
13BFD531
1A152A86
206A7FDB
26BFD530
2D152A85
336A7FDA
39BFD52F
40152A84
466A7FD9
4CBFD52E
53152A83
596A7FD8
5FBFD52D
66152A82
6C6A7FD7
72BFD52C
79152A81
7F6A7FD6
85BFD52B
8C152A80
926A7FD5
98BFD52A
9F152A7F
A56A7FD4
ABBFD529
B2152A7E
B86A7FD3
BEBFD528
C5152A7D
CB6A7FD2
D1BFD527
D8152A7C
DE6A7FD1
E4BFD526
EB152A7B
F16A7FD0
F7BFD525
FE152A7A
046A7FCF
0ABFD524
11152A79
176A7FCE
1DBFD523
24152A78
2A6A7FCD
30BFD522
37152A77
3D6A7FCC
43BFD521
4A152A76
506A7FCB
56BFD520
5D152A75
636A7FCA
69BFD51F
70152A74
766A7FC9
7CBFD51E
83152A73
896A7FC8
8FBFD51D
96152A72
9C6A7FC7
A2BFD51C
A9152A71
AF6A7FC6
B5BFD51B
BC152A70
C26A7FC5
C8BFD51A
CF152A6F
D56A7FC4
DBBFD519
E2152A6E
E86A7FC3
EEBFD518
F5152A6D
FB6A7FC2
01BFD517
08152A6C
0E6A7FC1
14BFD516
1B152A6B
216A7FC0
27BFD515
2E152A6A
346A7FBF
3ABFD514
41152A69
476A7FBE
4DBFD513
54152A68
5A6A7FBD
60BFD512
67152A67
6D6A7FBC
73BFD511
7A152A66
806A7FBB
86BFD510
8D152A65
936A7FBA
99BFD50F
A0152A64
A66A7FB9
ACBFD50E
B3152A63
B96A7FB8
BFBFD50D
C6152A62
CC6A7FB7
D2BFD50C
D9152A61
DF6A7FB6
E5BFD50B
EC152A60
F26A7FB5
F8BFD50A
FF152A5F
056A7FB4
0BBFD509
12152A5E
186A7FB3
1EBFD508
25152A5D
2B6A7FB2
31BFD507
38152A5C
3E6A7FB1
44BFD506
4B152A5B
516A7FB0
57BFD505
5E152A5A
646A7FAF
6ABFD504
71152A59
776A7FAE
7DBFD503
84152A58
8A6A7FAD
90BFD502
97152A57
9D6A7FAC
A3BFD501
AA152A56
B06A7FAB
B6BFD500
BD152A55
C36A7FAA
C9BFD4FF
D0152A54
D66A7FA9
DCBFD4FE
E3152A53
E96A7FA8
EFBFD4FD
F6152A52
FC6A7FA7
02BFD4FC
09152A51
0F6A7FA6
15BFD4FB
1C152A50
226A7FA5
28BFD4FA
2F152A4F
356A7FA4
3BBFD4F9
42152A4E
486A7FA3
4EBFD4F8
55152A4D
5B6A7FA2
61BFD4F7
68152A4C
6E6A7FA1
74BFD4F6
7B152A4B
816A7FA0
87BFD4F5
8E152A4A
946A7F9F
9ABFD4F4
A1152A49
A76A7F9E
ADBFD4F3
B4152A48
BA6A7F9D
C0BFD4F2
C7152A47
CD6A7F9C
D3BFD4F1
DA152A46
E06A7F9B
E6BFD4F0
ED152A45
F36A7F9A
F9BFD4EF
00152A44
066A7F99
0CBFD4EE
13152A43
196A7F98
1FBFD4ED
26152A42
2C6A7F97
32BFD4EC
39152A41
3F6A7F96
45BFD4EB
4C152A40
526A7F95
58BFD4EA
5F152A3F
656A7F94
6BBFD4E9
72152A3E
786A7F93
7EBFD4E8
85152A3D
8B6A7F92
91BFD4E7
98152A3C
9E6A7F91
A4BFD4E6
AB152A3B
B16A7F90
B7BFD4E5
BE152A3A
C46A7F8F
CABFD4E4
D1152A39
D76A7F8E
DDBFD4E3
E4152A38
EA6A7F8D
F0BFD4E2
F7152A37
FD6A7F8C
03BFD4E1
0A152A36
106A7F8B
16BFD4E0
1D152A35
236A7F8A
29BFD4DF
30152A34
366A7F89
3CBFD4DE
43152A33
496A7F88
4FBFD4DD
56152A32
5C6A7F87
62BFD4DC
69152A31
6F6A7F86
75BFD4DB
7C152A30
826A7F85
88BFD4DA
8F152A2F
956A7F84
9BBFD4D9
A2152A2E
A86A7F83
AEBFD4D8
B5152A2D
BB6A7F82
C1BFD4D7
C8152A2C
CE6A7F81
D4BFD4D6
DB152A2B
E16A7F80
E7BFD4D5
EE152A2A
F46A7F7F
FABFD4D4
01152A29
076A7F7E
0DBFD4D3
14152A28
1A6A7F7D
20BFD4D2
27152A27
2D6A7F7C
33BFD4D1
3A152A26
406A7F7B
46BFD4D0
4D152A25
536A7F7A
59BFD4CF
60152A24
666A7F79
6CBFD4CE
73152A23
796A7F78
7FBFD4CD
86152A22
8C6A7F77
92BFD4CC
99152A21
9F6A7F76
A5BFD4CB
AC152A20
B26A7F75
B8BFD4CA
BF152A1F
C56A7F74
CBBFD4C9
D2152A1E
D86A7F73
DEBFD4C8
E5152A1D
EB6A7F72
F1BFD4C7
F8152A1C
FE6A7F71
04BFD4C6
0B152A1B
116A7F70
17BFD4C5
1E152A1A
246A7F6F
2ABFD4C4
31152A19
376A7F6E
3DBFD4C3
44152A18
4A6A7F6D
50BFD4C2
57152A17
5D6A7F6C
63BFD4C1
6A152A16
706A7F6B
76BFD4C0
7D152A15
836A7F6A
89BFD4BF
90152A14
966A7F69
9CBFD4BE
A3152A13
A96A7F68
AFBFD4BD
B6152A12
BC6A7F67
C2BFD4BC
C9152A11
CF6A7F66
D5BFD4BB
DC152A10
E26A7F65
E8BFD4BA
EF152A0F
F56A7F64
FBBFD4B9
02152A0E
086A7F63
0EBFD4B8
15152A0D
1B6A7F62
21BFD4B7
28152A0C
2E6A7F61
34BFD4B6
3B152A0B
416A7F60
47BFD4B5
4E152A0A
546A7F5F
5ABFD4B4
61152A09
676A7F5E
6DBFD4B3
74152A08
7A6A7F5D
80BFD4B2
87152A07
8D6A7F5C
93BFD4B1
9A152A06
A06A7F5B
A6BFD4B0
AD152A05
B36A7F5A
B9BFD4AF
C0152A04
C66A7F59
CCBFD4AE
D3152A03
D96A7F58
DFBFD4AD
E6152A02
EC6A7F57
F2BFD4AC
F9152A01
FF6A7F56
05BFD4AB
0C152A00
126A7F55
18BFD4AA
1F1529FF
256A7F54
2BBFD4A9
321529FE
386A7F53
3EBFD4A8
451529FD
4B6A7F52
51BFD4A7
581529FC
5E6A7F51
64BFD4A6
6B1529FB
716A7F50
77BFD4A5
7E1529FA
846A7F4F
8ABFD4A4
911529F9
976A7F4E
9DBFD4A3
A41529F8
AA6A7F4D
B0BFD4A2
B71529F7
BD6A7F4C
C3BFD4A1
CA1529F6
D06A7F4B
D6BFD4A0
DD1529F5
E36A7F4A
E9BFD49F
F01529F4
F66A7F49
FCBFD49E
031529F3
096A7F48
0FBFD49D
161529F2
1C6A7F47
22BFD49C
291529F1
2F6A7F46
35BFD49B
3C1529F0
426A7F45
48BFD49A
4F1529EF
556A7F44
5BBFD499
621529EE
686A7F43
6EBFD498
751529ED
7B6A7F42
81BFD497
881529EC
8E6A7F41
94BFD496
9B1529EB
A16A7F40
A7BFD495
AE1529EA
B46A7F3F
BABFD494
C11529E9
C76A7F3E
CDBFD493
D41529E8
DA6A7F3D
E0BFD492
E71529E7
ED6A7F3C
F3BFD491
FA1529E6
006A7F3B
06BFD490
0D1529E5
136A7F3A
19BFD48F
201529E4
266A7F39
2CBFD48E
331529E3
396A7F38
3FBFD48D
461529E2
4C6A7F37
52BFD48C
591529E1
5F6A7F36
65BFD48B
6C1529E0
726A7F35
78BFD48A
7F1529DF
856A7F34
8BBFD489
921529DE
986A7F33
9EBFD488
A51529DD
AB6A7F32
B1BFD487
B81529DC
BE6A7F31
C4BFD486
CB1529DB
D16A7F30
D7BFD485
DE1529DA
E46A7F2F
EABFD484
F11529D9
F76A7F2E
FDBFD483
041529D8
0A6A7F2D
10BFD482
171529D7
1D6A7F2C
23BFD481
2A1529D6
306A7F2B
36BFD480
3D1529D5
436A7F2A
49BFD47F
501529D4
566A7F29
5CBFD47E
631529D3
696A7F28
6FBFD47D
761529D2
7C6A7F27
82BFD47C
891529D1
8F6A7F26
95BFD47B
9C1529D0
A26A7F25
A8BFD47A
AF1529CF
B56A7F24
BBBFD479
C21529CE
C86A7F23
CEBFD478
D51529CD
DB6A7F22
E1BFD477
E81529CC
EE6A7F21
F4BFD476
FB1529CB
016A7F20
07BFD475
0E1529CA
146A7F1F
1ABFD474
211529C9
276A7F1E
2DBFD473
341529C8
3A6A7F1D
40BFD472
471529C7
4D6A7F1C
53BFD471
5A1529C6
606A7F1B
66BFD470
6D1529C5
736A7F1A
79BFD46F
801529C4
866A7F19
8CBFD46E
931529C3
996A7F18
9FBFD46D
A61529C2
AC6A7F17
B2BFD46C
B91529C1
BF6A7F16
C5BFD46B
CC1529C0
D26A7F15
D8BFD46A
DF1529BF
E56A7F14
EBBFD469
F21529BE
F86A7F13
FEBFD468
051529BD
0B6A7F12
11BFD467
181529BC
1E6A7F11
24BFD466
2B1529BB
316A7F10
37BFD465
3E1529BA
446A7F0F
4ABFD464
511529B9
576A7F0E
5DBFD463
641529B8
6A6A7F0D
70BFD462
771529B7
7D6A7F0C
83BFD461
8A1529B6
906A7F0B
96BFD460
9D1529B5
A36A7F0A
A9BFD45F
B01529B4
B66A7F09
BCBFD45E
C31529B3
C96A7F08
CFBFD45D
D61529B2
DC6A7F07
E2BFD45C
E91529B1
EF6A7F06
F5BFD45B
FC1529B0
026A7F05
08BFD45A
0F1529AF
156A7F04
1BBFD459
221529AE
286A7F03
2EBFD458
351529AD
3B6A7F02
41BFD457
481529AC
4E6A7F01
54BFD456
5B1529AB
616A7F00
67BFD455
6E1529AA
746A7EFF
7ABFD454
811529A9
876A7EFE
8DBFD453
941529A8
9A6A7EFD
A0BFD452
A71529A7
AD6A7EFC
B3BFD451
BA1529A6
C06A7EFB
C6BFD450
CD1529A5
D36A7EFA
D9BFD44F
E01529A4
E66A7EF9
ECBFD44E
F31529A3
F96A7EF8
FFBFD44D
061529A2
0C6A7EF7
12BFD44C
191529A1
1F6A7EF6
25BFD44B
2C1529A0
326A7EF5
38BFD44A
3F15299F
456A7EF4
4BBFD449
5215299E
586A7EF3
5EBFD448
6515299D
6B6A7EF2
71BFD447
7815299C
7E6A7EF1
84BFD446
8B15299B
916A7EF0
97BFD445
9E15299A
A46A7EEF
AABFD444
B1152999
B76A7EEE
BDBFD443
C4152998
CA6A7EED
D0BFD442
D7152997
DD6A7EEC
E3BFD441
EA152996
F06A7EEB
F6BFD440
FD152995
036A7EEA
09BFD43F
10152994
166A7EE9
1CBFD43E
23152993
296A7EE8
2FBFD43D
36152992
3C6A7EE7
42BFD43C
49152991
4F6A7EE6
55BFD43B
5C152990
626A7EE5
68BFD43A
6F15298F
756A7EE4
7BBFD439
8215298E
886A7EE3
8EBFD438
9515298D
9B6A7EE2
A1BFD437
A815298C
AE6A7EE1
B4BFD436
BB15298B
C16A7EE0
C7BFD435
CE15298A
D46A7EDF
DABFD434
E1152989
E76A7EDE
EDBFD433
F4152988
FA6A7EDD
00BFD432
07152987
0D6A7EDC
13BFD431
1A152986
206A7EDB
26BFD430
2D152985
336A7EDA
39BFD42F
40152984
466A7ED9
4CBFD42E
53152983
596A7ED8
5FBFD42D
66152982
6C6A7ED7
72BFD42C
79152981
7F6A7ED6
85BFD42B
8C152980
926A7ED5
98BFD42A
9F15297F
A56A7ED4
ABBFD429
B215297E
B86A7ED3
BEBFD428
C515297D
CB6A7ED2
D1BFD427
D815297C
DE6A7ED1
E4BFD426
EB15297B
F16A7ED0
F7BFD425
FE15297A
046A7ECF
0ABFD424
11152979
176A7ECE
1DBFD423
24152978
2A6A7ECD
30BFD422
37152977
3D6A7ECC
43BFD421
4A152976
506A7ECB
56BFD420
5D152975
636A7ECA
69BFD41F
70152974
766A7EC9
7CBFD41E
83152973
896A7EC8
8FBFD41D
96152972
9C6A7EC7
A2BFD41C
A9152971
AF6A7EC6
B5BFD41B
BC152970
C26A7EC5
C8BFD41A
CF15296F
D56A7EC4
DBBFD419
E215296E
E86A7EC3
EEBFD418
F515296D
FB6A7EC2
01BFD417
0815296C
0E6A7EC1
14BFD416
1B15296B
216A7EC0
27BFD415
2E15296A
346A7EBF
3ABFD414
41152969
476A7EBE
4DBFD413
54152968
5A6A7EBD
60BFD412
67152967
6D6A7EBC
73BFD411
7A152966
806A7EBB
86BFD410
8D152965
936A7EBA
99BFD40F
A0152964
A66A7EB9
ACBFD40E
B3152963
B96A7EB8
BFBFD40D
C6152962
CC6A7EB7
D2BFD40C
D9152961
DF6A7EB6
E5BFD40B
EC152960
F26A7EB5
F8BFD40A
FF15295F
056A7EB4
0BBFD409
1215295E
186A7EB3
1EBFD408
2515295D
2B6A7EB2
31BFD407
3815295C
3E6A7EB1
44BFD406
4B15295B
516A7EB0
57BFD405
5E15295A
646A7EAF
6ABFD404
71152959
776A7EAE
7DBFD403
84152958
8A6A7EAD
90BFD402
97152957
9D6A7EAC
A3BFD401
AA152956
B06A7EAB
B6BFD400
BD152955
C36A7EAA
C9BFD3FF
D0152954
D66A7EA9
DCBFD3FE
E3152953
E96A7EA8
EFBFD3FD
F6152952
FC6A7EA7
02BFD3FC
09152951
0F6A7EA6
15BFD3FB
1C152950
226A7EA5
28BFD3FA
2F15294F
356A7EA4
3BBFD3F9
4215294E
486A7EA3
4EBFD3F8
5515294D
5B6A7EA2
61BFD3F7
6815294C
6E6A7EA1
74BFD3F6
7B15294B
816A7EA0
87BFD3F5
8E15294A
946A7E9F
9ABFD3F4
A1152949
A76A7E9E
ADBFD3F3
B4152948
BA6A7E9D
C0BFD3F2
C7152947
CD6A7E9C
D3BFD3F1
DA152946
E06A7E9B
E6BFD3F0
ED152945
F36A7E9A
F9BFD3EF
00152944
066A7E99
0CBFD3EE
13152943
196A7E98
1FBFD3ED
26152942
2C6A7E97
32BFD3EC
39152941
3F6A7E96
45BFD3EB
4C152940
526A7E95
58BFD3EA
5F15293F
656A7E94
6BBFD3E9
7215293E
786A7E93
7EBFD3E8
8515293D
8B6A7E92
91BFD3E7
9815293C
9E6A7E91
A4BFD3E6
AB15293B
B16A7E90
B7BFD3E5
BE15293A
C46A7E8F
CABFD3E4
D1152939
D76A7E8E
DDBFD3E3
E4152938
EA6A7E8D
F0BFD3E2
F7152937
FD6A7E8C
03BFD3E1
0A152936
106A7E8B
16BFD3E0
1D152935
236A7E8A
29BFD3DF
30152934
366A7E89
3CBFD3DE
43152933
496A7E88
4FBFD3DD
56152932
5C6A7E87
62BFD3DC
69152931
6F6A7E86
75BFD3DB
7C152930
826A7E85
88BFD3DA
8F15292F
956A7E84
9BBFD3D9
A215292E
A86A7E83
AEBFD3D8
B515292D
BB6A7E82
C1BFD3D7
C815292C
CE6A7E81
D4BFD3D6
DB15292B
E16A7E80
E7BFD3D5
EE15292A
F46A7E7F
FABFD3D4
01152929
076A7E7E
0DBFD3D3
14152928
1A6A7E7D
20BFD3D2
27152927
2D6A7E7C
33BFD3D1
3A152926
406A7E7B
46BFD3D0
4D152925
536A7E7A
59BFD3CF
60152924
666A7E79
6CBFD3CE
73152923
796A7E78
7FBFD3CD
86152922
8C6A7E77
92BFD3CC
99152921
9F6A7E76
A5BFD3CB
AC152920
B26A7E75
B8BFD3CA
BF15291F
C56A7E74
CBBFD3C9
D215291E
D86A7E73
DEBFD3C8
E515291D
EB6A7E72
F1BFD3C7
F815291C
FE6A7E71
04BFD3C6
0B15291B
116A7E70
17BFD3C5
1E15291A
246A7E6F
2ABFD3C4
31152919
376A7E6E
3DBFD3C3
44152918
4A6A7E6D
50BFD3C2
57152917
5D6A7E6C
63BFD3C1
6A152916
706A7E6B
76BFD3C0
7D152915
836A7E6A
89BFD3BF
90152914
966A7E69
9CBFD3BE
A3152913
A96A7E68
AFBFD3BD
B6152912
BC6A7E67
C2BFD3BC
C9152911
CF6A7E66
D5BFD3BB
DC152910
E26A7E65
E8BFD3BA
EF15290F
F56A7E64
FBBFD3B9
0215290E
086A7E63
0EBFD3B8
1515290D
1B6A7E62
21BFD3B7
2815290C
2E6A7E61
34BFD3B6
3B15290B
416A7E60
47BFD3B5
4E15290A
546A7E5F
5ABFD3B4
61152909
676A7E5E
6DBFD3B3
74152908
7A6A7E5D
80BFD3B2
87152907
8D6A7E5C
93BFD3B1
9A152906
A06A7E5B
A6BFD3B0
AD152905
B36A7E5A
B9BFD3AF
C0152904
C66A7E59
CCBFD3AE
D3152903
D96A7E58
DFBFD3AD
E6152902
EC6A7E57
F2BFD3AC
F9152901
FF6A7E56
05BFD3AB
0C152900
126A7E55
18BFD3AA
1F1528FF
256A7E54
2BBFD3A9
321528FE
386A7E53
3EBFD3A8
451528FD
4B6A7E52
51BFD3A7
581528FC
5E6A7E51
64BFD3A6
6B1528FB
716A7E50
77BFD3A5
7E1528FA
846A7E4F
8ABFD3A4
911528F9
976A7E4E
9DBFD3A3
A41528F8
AA6A7E4D
B0BFD3A2
B71528F7
BD6A7E4C
C3BFD3A1
CA1528F6
D06A7E4B
D6BFD3A0
DD1528F5
E36A7E4A
E9BFD39F
F01528F4
F66A7E49
FCBFD39E
031528F3
096A7E48
0FBFD39D
161528F2
1C6A7E47
22BFD39C
291528F1
2F6A7E46
35BFD39B
3C1528F0
426A7E45
48BFD39A
4F1528EF
556A7E44
5BBFD399
621528EE
686A7E43
6EBFD398
751528ED
7B6A7E42
81BFD397
881528EC
8E6A7E41
94BFD396
9B1528EB
A16A7E40
A7BFD395
AE1528EA
B46A7E3F
BABFD394
C11528E9
C76A7E3E
CDBFD393
D41528E8
DA6A7E3D
E0BFD392
E71528E7
ED6A7E3C
F3BFD391
FA1528E6
006A7E3B
06BFD390
0D1528E5
136A7E3A
19BFD38F
201528E4
266A7E39
2CBFD38E
331528E3
396A7E38
3FBFD38D
461528E2
4C6A7E37
52BFD38C
591528E1
5F6A7E36
65BFD38B
6C1528E0
726A7E35
78BFD38A
7F1528DF
856A7E34
8BBFD389
921528DE
986A7E33
9EBFD388
A51528DD
AB6A7E32
B1BFD387
B81528DC
BE6A7E31
C4BFD386
CB1528DB
D16A7E30
D7BFD385
DE1528DA
E46A7E2F
EABFD384
F11528D9
F76A7E2E
FDBFD383
041528D8
0A6A7E2D
10BFD382
171528D7
1D6A7E2C
23BFD381
2A1528D6
306A7E2B
36BFD380
3D1528D5
436A7E2A
49BFD37F
501528D4
566A7E29
5CBFD37E
631528D3
696A7E28
6FBFD37D
761528D2
7C6A7E27
82BFD37C
891528D1
8F6A7E26
95BFD37B
9C1528D0
A26A7E25
A8BFD37A
AF1528CF
B56A7E24
BBBFD379
C21528CE
C86A7E23
CEBFD378
D51528CD
DB6A7E22
E1BFD377
E81528CC
EE6A7E21
F4BFD376
FB1528CB
016A7E20
07BFD375
0E1528CA
146A7E1F
1ABFD374
211528C9
276A7E1E
2DBFD373
341528C8
3A6A7E1D
40BFD372
471528C7
4D6A7E1C
53BFD371
5A1528C6
606A7E1B
66BFD370
6D1528C5
736A7E1A
79BFD36F
801528C4
866A7E19
8CBFD36E
931528C3
996A7E18
9FBFD36D
A61528C2
AC6A7E17
B2BFD36C
B91528C1
BF6A7E16
C5BFD36B
CC1528C0
D26A7E15
D8BFD36A
DF1528BF
E56A7E14
EBBFD369
F21528BE
F86A7E13
FEBFD368
051528BD
0B6A7E12
11BFD367
181528BC
1E6A7E11
24BFD366
2B1528BB
316A7E10
37BFD365
3E1528BA
446A7E0F
4ABFD364
511528B9
576A7E0E
5DBFD363
641528B8
6A6A7E0D
70BFD362
771528B7
7D6A7E0C
83BFD361
8A1528B6
906A7E0B
96BFD360
9D1528B5
A36A7E0A
A9BFD35F
B01528B4
B66A7E09
BCBFD35E
C31528B3
C96A7E08
CFBFD35D
D61528B2
DC6A7E07
E2BFD35C
E91528B1
EF6A7E06
F5BFD35B
FC1528B0
026A7E05
08BFD35A
0F1528AF
156A7E04
1BBFD359
221528AE
286A7E03
2EBFD358
351528AD
3B6A7E02
41BFD357
481528AC
4E6A7E01
54BFD356
5B1528AB
616A7E00
67BFD355
6E1528AA
746A7DFF
7ABFD354
811528A9
876A7DFE
8DBFD353
941528A8
9A6A7DFD
A0BFD352
A71528A7
AD6A7DFC
B3BFD351
BA1528A6
C06A7DFB
C6BFD350
CD1528A5
D36A7DFA
D9BFD34F
E01528A4
E66A7DF9
ECBFD34E
F31528A3
F96A7DF8
FFBFD34D
061528A2
0C6A7DF7
12BFD34C
191528A1
1F6A7DF6
25BFD34B
2C1528A0
326A7DF5
38BFD34A
3F15289F
456A7DF4
4BBFD349
5215289E
586A7DF3
5EBFD348
6515289D
6B6A7DF2
71BFD347
7815289C
7E6A7DF1
84BFD346
8B15289B
916A7DF0
97BFD345
9E15289A
A46A7DEF
AABFD344
B1152899
B76A7DEE
BDBFD343
C4152898
CA6A7DED
D0BFD342
D7152897
DD6A7DEC
E3BFD341
EA152896
F06A7DEB
F6BFD340
FD152895
036A7DEA
09BFD33F
10152894
166A7DE9
1CBFD33E
23152893
296A7DE8
2FBFD33D
36152892
3C6A7DE7
42BFD33C
49152891
4F6A7DE6
55BFD33B
5C152890
626A7DE5
68BFD33A
6F15288F
756A7DE4
7BBFD339
8215288E
886A7DE3
8EBFD338
9515288D
9B6A7DE2
A1BFD337
A815288C
AE6A7DE1
B4BFD336
BB15288B
C16A7DE0
C7BFD335
CE15288A
D46A7DDF
DABFD334
E1152889
E76A7DDE
EDBFD333
F4152888
FA6A7DDD
00BFD332
07152887
0D6A7DDC
13BFD331
1A152886
206A7DDB
26BFD330
2D152885
336A7DDA
39BFD32F
40152884
466A7DD9
4CBFD32E
53152883
596A7DD8
5FBFD32D
66152882
6C6A7DD7
72BFD32C
79152881
7F6A7DD6
85BFD32B
8C152880
926A7DD5
98BFD32A
9F15287F
A56A7DD4
ABBFD329
B215287E
B86A7DD3
BEBFD328
C515287D
CB6A7DD2
D1BFD327
D815287C
DE6A7DD1
E4BFD326
EB15287B
F16A7DD0
F7BFD325
FE15287A
046A7DCF
0ABFD324
11152879
176A7DCE
1DBFD323
24152878
2A6A7DCD
30BFD322
37152877
3D6A7DCC
43BFD321
4A152876
506A7DCB
56BFD320
5D152875
636A7DCA
69BFD31F
70152874
766A7DC9
7CBFD31E
83152873
896A7DC8
8FBFD31D
96152872
9C6A7DC7
A2BFD31C
A9152871
AF6A7DC6
B5BFD31B
BC152870
C26A7DC5
C8BFD31A
CF15286F
D56A7DC4
DBBFD319
E215286E
E86A7DC3
EEBFD318
F515286D
FB6A7DC2
01BFD317
0815286C
0E6A7DC1
14BFD316
1B15286B
216A7DC0
27BFD315
2E15286A
346A7DBF
3ABFD314
41152869
476A7DBE
4DBFD313
54152868
5A6A7DBD
60BFD312
67152867
6D6A7DBC
73BFD311
7A152866
806A7DBB
86BFD310
8D152865
936A7DBA
99BFD30F
A0152864
A66A7DB9
ACBFD30E
B3152863
B96A7DB8
BFBFD30D
C6152862
CC6A7DB7
D2BFD30C
D9152861
DF6A7DB6
E5BFD30B
EC152860
F26A7DB5
F8BFD30A
FF15285F
056A7DB4
0BBFD309
1215285E
186A7DB3
1EBFD308
2515285D
2B6A7DB2
31BFD307
3815285C
3E6A7DB1
44BFD306
4B15285B
516A7DB0
57BFD305
5E15285A
646A7DAF
6ABFD304
71152859
776A7DAE
7DBFD303
84152858
8A6A7DAD
90BFD302
97152857
9D6A7DAC
A3BFD301
AA152856
B06A7DAB
B6BFD300
BD152855
C36A7DAA
C9BFD2FF
D0152854
D66A7DA9
DCBFD2FE
E3152853
E96A7DA8
EFBFD2FD
F6152852
FC6A7DA7
02BFD2FC
09152851
0F6A7DA6
15BFD2FB
1C152850
226A7DA5
28BFD2FA
2F15284F
356A7DA4
3BBFD2F9
4215284E
486A7DA3
4EBFD2F8
5515284D
5B6A7DA2
61BFD2F7
6815284C
6E6A7DA1
74BFD2F6
7B15284B
816A7DA0
87BFD2F5
8E15284A
946A7D9F
9ABFD2F4
A1152849
A76A7D9E
ADBFD2F3
B4152848
BA6A7D9D
C0BFD2F2
C7152847
CD6A7D9C
D3BFD2F1
DA152846
E06A7D9B
E6BFD2F0
ED152845
F36A7D9A
F9BFD2EF
00152844
066A7D99
0CBFD2EE
13152843
196A7D98
1FBFD2ED
26152842
2C6A7D97
32BFD2EC
39152841
3F6A7D96
45BFD2EB
4C152840
526A7D95
58BFD2EA
5F15283F
656A7D94
6BBFD2E9
7215283E
786A7D93
7EBFD2E8
8515283D
8B6A7D92
91BFD2E7
9815283C
9E6A7D91
A4BFD2E6
AB15283B
B16A7D90
B7BFD2E5
BE15283A
C46A7D8F
CABFD2E4
D1152839
D76A7D8E
DDBFD2E3
E4152838
EA6A7D8D
F0BFD2E2
F7152837
FD6A7D8C
03BFD2E1
0A152836
106A7D8B
16BFD2E0
1D152835
236A7D8A
29BFD2DF
30152834
366A7D89
3CBFD2DE
43152833
496A7D88
4FBFD2DD
56152832
5C6A7D87
62BFD2DC
69152831
6F6A7D86
75BFD2DB
7C152830
826A7D85
88BFD2DA
8F15282F
956A7D84
9BBFD2D9
A215282E
A86A7D83
AEBFD2D8
B515282D
BB6A7D82
C1BFD2D7
C815282C
CE6A7D81
D4BFD2D6
DB15282B
E16A7D80
E7BFD2D5
EE15282A
F46A7D7F
FABFD2D4
01152829
076A7D7E
0DBFD2D3
14152828
1A6A7D7D
20BFD2D2
27152827
2D6A7D7C
33BFD2D1
3A152826
406A7D7B
46BFD2D0
4D152825
536A7D7A
59BFD2CF
60152824
666A7D79
6CBFD2CE
73152823
796A7D78
7FBFD2CD
86152822
8C6A7D77
92BFD2CC
99152821
9F6A7D76
A5BFD2CB
AC152820
B26A7D75
B8BFD2CA
BF15281F
C56A7D74
CBBFD2C9
D215281E
D86A7D73
DEBFD2C8
E515281D
EB6A7D72
F1BFD2C7
F815281C
FE6A7D71
04BFD2C6
0B15281B
116A7D70
17BFD2C5
1E15281A
246A7D6F
2ABFD2C4
31152819
376A7D6E
3DBFD2C3
44152818
4A6A7D6D
50BFD2C2
57152817
5D6A7D6C
63BFD2C1
6A152816
706A7D6B
76BFD2C0
7D152815
836A7D6A
89BFD2BF
90152814
966A7D69
9CBFD2BE
A3152813
A96A7D68
AFBFD2BD
B6152812
BC6A7D67
C2BFD2BC
C9152811
CF6A7D66
D5BFD2BB
DC152810
E26A7D65
E8BFD2BA
EF15280F
F56A7D64
FBBFD2B9
0215280E
086A7D63
0EBFD2B8
1515280D
1B6A7D62
21BFD2B7
2815280C
2E6A7D61
34BFD2B6
3B15280B
416A7D60
47BFD2B5
4E15280A
546A7D5F
5ABFD2B4
61152809
676A7D5E
6DBFD2B3
74152808
7A6A7D5D
80BFD2B2
87152807
8D6A7D5C
93BFD2B1
9A152806
A06A7D5B
A6BFD2B0
AD152805
B36A7D5A
B9BFD2AF
C0152804
C66A7D59
CCBFD2AE
D3152803
D96A7D58
DFBFD2AD
E6152802
EC6A7D57
F2BFD2AC
F9152801
FF6A7D56
05BFD2AB
0C152800
126A7D55
18BFD2AA
1F1527FF
256A7D54
2BBFD2A9
321527FE
386A7D53
3EBFD2A8
451527FD
4B6A7D52
51BFD2A7
581527FC
5E6A7D51
64BFD2A6
6B1527FB
716A7D50
77BFD2A5
7E1527FA
846A7D4F
8ABFD2A4
911527F9
976A7D4E
9DBFD2A3
A41527F8
AA6A7D4D
B0BFD2A2
B71527F7
BD6A7D4C
C3BFD2A1
CA1527F6
D06A7D4B
D6BFD2A0
DD1527F5
E36A7D4A
E9BFD29F
F01527F4
F66A7D49
FCBFD29E
031527F3
096A7D48
0FBFD29D
161527F2
1C6A7D47
22BFD29C
291527F1
2F6A7D46
35BFD29B
3C1527F0
426A7D45
48BFD29A
4F1527EF
556A7D44
5BBFD299
621527EE
686A7D43
6EBFD298
751527ED
7B6A7D42
81BFD297
881527EC
8E6A7D41
94BFD296
9B1527EB
A16A7D40
A7BFD295
AE1527EA
B46A7D3F
BABFD294
C11527E9
C76A7D3E
CDBFD293
D41527E8
DA6A7D3D
E0BFD292
E71527E7
ED6A7D3C
F3BFD291
FA1527E6
006A7D3B
06BFD290
0D1527E5
136A7D3A
19BFD28F
201527E4
266A7D39
2CBFD28E
331527E3
396A7D38
3FBFD28D
461527E2
4C6A7D37
52BFD28C
591527E1
5F6A7D36
65BFD28B
6C1527E0
726A7D35
78BFD28A
7F1527DF
856A7D34
8BBFD289
921527DE
986A7D33
9EBFD288
A51527DD
AB6A7D32
B1BFD287
B81527DC
BE6A7D31
C4BFD286
CB1527DB
D16A7D30
D7BFD285
DE1527DA
E46A7D2F
EABFD284
F11527D9
F76A7D2E
FDBFD283
041527D8
0A6A7D2D
10BFD282
171527D7
1D6A7D2C
23BFD281
2A1527D6
306A7D2B
36BFD280
3D1527D5
436A7D2A
49BFD27F
501527D4
566A7D29
5CBFD27E
631527D3
696A7D28
6FBFD27D
761527D2
7C6A7D27
82BFD27C
891527D1
8F6A7D26
95BFD27B
9C1527D0
A26A7D25
A8BFD27A
AF1527CF
B56A7D24
BBBFD279
C21527CE
C86A7D23
CEBFD278
D51527CD
DB6A7D22
E1BFD277
E81527CC
EE6A7D21
F4BFD276
FB1527CB
016A7D20
07BFD275
0E1527CA
146A7D1F
1ABFD274
211527C9
276A7D1E
2DBFD273
341527C8
3A6A7D1D
40BFD272
471527C7
4D6A7D1C
53BFD271
5A1527C6
606A7D1B
66BFD270
6D1527C5
736A7D1A
79BFD26F
801527C4
866A7D19
8CBFD26E
931527C3
996A7D18
9FBFD26D
A61527C2
AC6A7D17
B2BFD26C
B91527C1
BF6A7D16
C5BFD26B
CC1527C0
D26A7D15
D8BFD26A
DF1527BF
E56A7D14
EBBFD269
F21527BE
F86A7D13
FEBFD268
051527BD
0B6A7D12
11BFD267
181527BC
1E6A7D11
24BFD266
2B1527BB
316A7D10
37BFD265
3E1527BA
446A7D0F
4ABFD264
511527B9
576A7D0E
5DBFD263
641527B8
6A6A7D0D
70BFD262
771527B7
7D6A7D0C
83BFD261
8A1527B6
906A7D0B
96BFD260
9D1527B5
A36A7D0A
A9BFD25F
B01527B4
B66A7D09
BCBFD25E
C31527B3
C96A7D08
CFBFD25D
D61527B2
DC6A7D07
E2BFD25C
E91527B1
EF6A7D06
F5BFD25B
FC1527B0
026A7D05
08BFD25A
0F1527AF
156A7D04
1BBFD259
221527AE
286A7D03
2EBFD258
351527AD
3B6A7D02
41BFD257
481527AC
4E6A7D01
54BFD256
5B1527AB
616A7D00
67BFD255
6E1527AA
746A7CFF
7ABFD254
811527A9
876A7CFE
8DBFD253
941527A8
9A6A7CFD
A0BFD252
A71527A7
AD6A7CFC
B3BFD251
BA1527A6
C06A7CFB
C6BFD250
CD1527A5
D36A7CFA
D9BFD24F
E01527A4
E66A7CF9
ECBFD24E
F31527A3
F96A7CF8
FFBFD24D
061527A2
0C6A7CF7
12BFD24C
191527A1
1F6A7CF6
25BFD24B
2C1527A0
326A7CF5
38BFD24A
3F15279F
456A7CF4
4BBFD249
5215279E
586A7CF3
5EBFD248
6515279D
6B6A7CF2
71BFD247
7815279C
7E6A7CF1
84BFD246
8B15279B
916A7CF0
97BFD245
9E15279A
A46A7CEF
AABFD244
B1152799
B76A7CEE
BDBFD243
C4152798
CA6A7CED
D0BFD242
D7152797
DD6A7CEC
E3BFD241
EA152796
F06A7CEB
F6BFD240
FD152795
036A7CEA
09BFD23F
10152794
166A7CE9
1CBFD23E
23152793
296A7CE8
2FBFD23D
36152792
3C6A7CE7
42BFD23C
49152791
4F6A7CE6
55BFD23B
5C152790
626A7CE5
68BFD23A
6F15278F
756A7CE4
7BBFD239
8215278E
886A7CE3
8EBFD238
9515278D
9B6A7CE2
A1BFD237
A815278C
AE6A7CE1
B4BFD236
BB15278B
C16A7CE0
C7BFD235
CE15278A
D46A7CDF
DABFD234
E1152789
E76A7CDE
EDBFD233
F4152788
FA6A7CDD
00BFD232
07152787
0D6A7CDC
13BFD231
1A152786
206A7CDB
26BFD230
2D152785
336A7CDA
39BFD22F
40152784
466A7CD9
4CBFD22E
53152783
596A7CD8
5FBFD22D
66152782
6C6A7CD7
72BFD22C
79152781
7F6A7CD6
85BFD22B
8C152780
926A7CD5
98BFD22A
9F15277F
A56A7CD4
ABBFD229
B215277E
B86A7CD3
BEBFD228
C515277D
CB6A7CD2
D1BFD227
D815277C
DE6A7CD1
E4BFD226
EB15277B
F16A7CD0
F7BFD225
FE15277A
046A7CCF
0ABFD224
11152779
176A7CCE
1DBFD223
24152778
2A6A7CCD
30BFD222
37152777
3D6A7CCC
43BFD221
4A152776
506A7CCB
56BFD220
5D152775
636A7CCA
69BFD21F
70152774
766A7CC9
7CBFD21E
83152773
896A7CC8
8FBFD21D
96152772
9C6A7CC7
A2BFD21C
A9152771
AF6A7CC6
B5BFD21B
BC152770
C26A7CC5
C8BFD21A
CF15276F
D56A7CC4
DBBFD219
E215276E
E86A7CC3
EEBFD218
F515276D
FB6A7CC2
01BFD217
0815276C
0E6A7CC1
14BFD216
1B15276B
216A7CC0
27BFD215
2E15276A
346A7CBF
3ABFD214
41152769
476A7CBE
4DBFD213
54152768
5A6A7CBD
60BFD212
67152767
6D6A7CBC
73BFD211
7A152766
806A7CBB
86BFD210
8D152765
936A7CBA
99BFD20F
A0152764
A66A7CB9
ACBFD20E
B3152763
B96A7CB8
BFBFD20D
C6152762
CC6A7CB7
D2BFD20C
D9152761
DF6A7CB6
E5BFD20B
EC152760
F26A7CB5
F8BFD20A
FF15275F
056A7CB4
0BBFD209
1215275E
186A7CB3
1EBFD208
2515275D
2B6A7CB2
31BFD207
3815275C
3E6A7CB1
44BFD206
4B15275B
516A7CB0
57BFD205
5E15275A
646A7CAF
6ABFD204
71152759
776A7CAE
7DBFD203
84152758
8A6A7CAD
90BFD202
97152757
9D6A7CAC
A3BFD201
AA152756
B06A7CAB
B6BFD200
BD152755
C36A7CAA
C9BFD1FF
D0152754
D66A7CA9
DCBFD1FE
E3152753
E96A7CA8
EFBFD1FD
F6152752
FC6A7CA7
02BFD1FC
09152751
0F6A7CA6
15BFD1FB
1C152750
226A7CA5
28BFD1FA
2F15274F
356A7CA4
3BBFD1F9
4215274E
486A7CA3
4EBFD1F8
5515274D
5B6A7CA2
61BFD1F7
6815274C
6E6A7CA1
74BFD1F6
7B15274B
816A7CA0
87BFD1F5
8E15274A
946A7C9F
9ABFD1F4
A1152749
A76A7C9E
ADBFD1F3
B4152748
BA6A7C9D
C0BFD1F2
C7152747
CD6A7C9C
D3BFD1F1
DA152746
E06A7C9B
E6BFD1F0
ED152745
F36A7C9A
F9BFD1EF
00152744
066A7C99
0CBFD1EE
13152743
196A7C98
1FBFD1ED
26152742
2C6A7C97
32BFD1EC
39152741
3F6A7C96
45BFD1EB
4C152740
526A7C95
58BFD1EA
5F15273F
656A7C94
6BBFD1E9
7215273E
786A7C93
7EBFD1E8
8515273D
8B6A7C92
91BFD1E7
9815273C
9E6A7C91
A4BFD1E6
AB15273B
B16A7C90
B7BFD1E5
BE15273A
C46A7C8F
CABFD1E4
D1152739
D76A7C8E
DDBFD1E3
E4152738
EA6A7C8D
F0BFD1E2
F7152737
FD6A7C8C
03BFD1E1
0A152736
106A7C8B
16BFD1E0
1D152735
236A7C8A
29BFD1DF
30152734
366A7C89
3CBFD1DE
43152733
496A7C88
4FBFD1DD
56152732
5C6A7C87
62BFD1DC
69152731
6F6A7C86
75BFD1DB
7C152730
826A7C85
88BFD1DA
8F15272F
956A7C84
9BBFD1D9
A215272E
A86A7C83
AEBFD1D8
B515272D
BB6A7C82
C1BFD1D7
C815272C
CE6A7C81
D4BFD1D6
DB15272B
E16A7C80
E7BFD1D5
EE15272A
F46A7C7F
FABFD1D4
01152729
076A7C7E
0DBFD1D3
14152728
1A6A7C7D
20BFD1D2
27152727
2D6A7C7C
33BFD1D1
3A152726
406A7C7B
46BFD1D0
4D152725
536A7C7A
59BFD1CF
60152724
666A7C79
6CBFD1CE
73152723
796A7C78
7FBFD1CD
86152722
8C6A7C77
92BFD1CC
99152721
9F6A7C76
A5BFD1CB
AC152720
B26A7C75
B8BFD1CA
BF15271F
C56A7C74
CBBFD1C9
D215271E
D86A7C73
DEBFD1C8
E515271D
EB6A7C72
F1BFD1C7
F815271C
FE6A7C71
04BFD1C6
0B15271B
116A7C70
17BFD1C5
1E15271A
246A7C6F
2ABFD1C4
31152719
376A7C6E
3DBFD1C3
44152718
4A6A7C6D
50BFD1C2
57152717
5D6A7C6C
63BFD1C1
6A152716
706A7C6B
76BFD1C0
7D152715
836A7C6A
89BFD1BF
90152714
966A7C69
9CBFD1BE
A3152713
A96A7C68
AFBFD1BD
B6152712
BC6A7C67
C2BFD1BC
C9152711
CF6A7C66
D5BFD1BB
DC152710
E26A7C65
E8BFD1BA
EF15270F
F56A7C64
FBBFD1B9
0215270E
086A7C63
0EBFD1B8
1515270D
1B6A7C62
21BFD1B7
2815270C
2E6A7C61
34BFD1B6
3B15270B
416A7C60
47BFD1B5
4E15270A
546A7C5F
5ABFD1B4
61152709
676A7C5E
6DBFD1B3
74152708
7A6A7C5D
80BFD1B2
87152707
8D6A7C5C
93BFD1B1
9A152706
A06A7C5B
A6BFD1B0
AD152705
B36A7C5A
B9BFD1AF
C0152704
C66A7C59
CCBFD1AE
D3152703
D96A7C58
DFBFD1AD
E6152702
EC6A7C57
F2BFD1AC
F9152701
FF6A7C56
05BFD1AB
0C152700
126A7C55
18BFD1AA
1F1526FF
256A7C54
2BBFD1A9
321526FE
386A7C53
3EBFD1A8
451526FD
4B6A7C52
51BFD1A7
581526FC
5E6A7C51
64BFD1A6
6B1526FB
716A7C50
77BFD1A5
7E1526FA
846A7C4F
8ABFD1A4
911526F9
976A7C4E
9DBFD1A3
A41526F8
AA6A7C4D
B0BFD1A2
B71526F7
BD6A7C4C
C3BFD1A1
CA1526F6
D06A7C4B
D6BFD1A0
DD1526F5
E36A7C4A
E9BFD19F
F01526F4
F66A7C49
FCBFD19E
031526F3
096A7C48
0FBFD19D
161526F2
1C6A7C47
22BFD19C
291526F1
2F6A7C46
35BFD19B
3C1526F0
426A7C45
48BFD19A
4F1526EF
556A7C44
5BBFD199
621526EE
686A7C43
6EBFD198
751526ED
7B6A7C42
81BFD197
881526EC
8E6A7C41
94BFD196
9B1526EB
A16A7C40
A7BFD195
AE1526EA
B46A7C3F
BABFD194
C11526E9
C76A7C3E
CDBFD193
D41526E8
DA6A7C3D
E0BFD192
E71526E7
ED6A7C3C
F3BFD191
FA1526E6
006A7C3B
06BFD190
0D1526E5
136A7C3A
19BFD18F
201526E4
266A7C39
2CBFD18E
331526E3
396A7C38
3FBFD18D
461526E2
4C6A7C37
52BFD18C
591526E1
5F6A7C36
65BFD18B
6C1526E0
726A7C35
78BFD18A
7F1526DF
856A7C34
8BBFD189
921526DE
986A7C33
9EBFD188
A51526DD
AB6A7C32
B1BFD187
B81526DC
BE6A7C31
C4BFD186
CB1526DB
D16A7C30
D7BFD185
DE1526DA
E46A7C2F
EABFD184
F11526D9
F76A7C2E
FDBFD183
041526D8
0A6A7C2D
10BFD182
171526D7
1D6A7C2C
23BFD181
2A1526D6
306A7C2B
36BFD180
3D1526D5
436A7C2A
49BFD17F
501526D4
566A7C29
5CBFD17E
631526D3
696A7C28
6FBFD17D
761526D2
7C6A7C27
82BFD17C
891526D1
8F6A7C26
95BFD17B
9C1526D0
A26A7C25
A8BFD17A
AF1526CF
B56A7C24
BBBFD179
C21526CE
C86A7C23
CEBFD178
D51526CD
DB6A7C22
E1BFD177
E81526CC
EE6A7C21
F4BFD176
FB1526CB
016A7C20
07BFD175
0E1526CA
146A7C1F
1ABFD174
211526C9
276A7C1E
2DBFD173
341526C8
3A6A7C1D
40BFD172
471526C7
4D6A7C1C
53BFD171
5A1526C6
606A7C1B
66BFD170
6D1526C5
736A7C1A
79BFD16F
801526C4
866A7C19
8CBFD16E
931526C3
996A7C18
9FBFD16D
A61526C2
AC6A7C17
B2BFD16C
B91526C1
BF6A7C16
C5BFD16B
CC1526C0
D26A7C15
D8BFD16A
DF1526BF
E56A7C14
EBBFD169
F21526BE
F86A7C13
FEBFD168
051526BD
0B6A7C12
11BFD167
181526BC
1E6A7C11
24BFD166
2B1526BB
316A7C10
37BFD165
3E1526BA
446A7C0F
4ABFD164
511526B9
576A7C0E
5DBFD163
641526B8
6A6A7C0D
70BFD162
771526B7
7D6A7C0C
83BFD161
8A1526B6
906A7C0B
96BFD160
9D1526B5
A36A7C0A
A9BFD15F
B01526B4
B66A7C09
BCBFD15E
C31526B3
C96A7C08
CFBFD15D
D61526B2
DC6A7C07
E2BFD15C
E91526B1
EF6A7C06
F5BFD15B
FC1526B0
026A7C05
08BFD15A
0F1526AF
156A7C04
1BBFD159
221526AE
286A7C03
2EBFD158
351526AD
3B6A7C02
41BFD157
481526AC
4E6A7C01
54BFD156
5B1526AB
616A7C00
67BFD155
6E1526AA
746A7BFF
7ABFD154
811526A9
876A7BFE
8DBFD153
941526A8
9A6A7BFD
A0BFD152
A71526A7
AD6A7BFC
B3BFD151
BA1526A6
C06A7BFB
C6BFD150
CD1526A5
D36A7BFA
D9BFD14F
E01526A4
E66A7BF9
ECBFD14E
F31526A3
F96A7BF8
FFBFD14D
061526A2
0C6A7BF7
12BFD14C
191526A1
1F6A7BF6
25BFD14B
2C1526A0
326A7BF5
38BFD14A
3F15269F
456A7BF4
4BBFD149
5215269E
586A7BF3
5EBFD148
6515269D
6B6A7BF2
71BFD147
7815269C
7E6A7BF1
84BFD146
8B15269B
916A7BF0
97BFD145
9E15269A
A46A7BEF
AABFD144
B1152699
B76A7BEE
BDBFD143
C4152698
CA6A7BED
D0BFD142
D7152697
DD6A7BEC
E3BFD141
EA152696
F06A7BEB
F6BFD140
FD152695
036A7BEA
09BFD13F
10152694
166A7BE9
1CBFD13E
23152693
296A7BE8
2FBFD13D
36152692
3C6A7BE7
42BFD13C
49152691
4F6A7BE6
55BFD13B
5C152690
626A7BE5
68BFD13A
6F15268F
756A7BE4
7BBFD139
8215268E
886A7BE3
8EBFD138
9515268D
9B6A7BE2
A1BFD137
A815268C
AE6A7BE1
B4BFD136
BB15268B
C16A7BE0
C7BFD135
CE15268A
D46A7BDF
DABFD134
E1152689
E76A7BDE
EDBFD133
F4152688
FA6A7BDD
00BFD132
07152687
0D6A7BDC
13BFD131
1A152686
206A7BDB
26BFD130
2D152685
336A7BDA
39BFD12F
40152684
466A7BD9
4CBFD12E
53152683
596A7BD8
5FBFD12D
66152682
6C6A7BD7
72BFD12C
79152681
7F6A7BD6
85BFD12B
8C152680
926A7BD5
98BFD12A
9F15267F
A56A7BD4
ABBFD129
B215267E
B86A7BD3
BEBFD128
C515267D
CB6A7BD2
D1BFD127
D815267C
DE6A7BD1
E4BFD126
EB15267B
F16A7BD0
F7BFD125
FE15267A
046A7BCF
0ABFD124
11152679
176A7BCE
1DBFD123
24152678
2A6A7BCD
30BFD122
37152677
3D6A7BCC
43BFD121
4A152676
506A7BCB
56BFD120
5D152675
636A7BCA
69BFD11F
70152674
766A7BC9
7CBFD11E
83152673
896A7BC8
8FBFD11D
96152672
9C6A7BC7
A2BFD11C
A9152671
AF6A7BC6
B5BFD11B
BC152670
C26A7BC5
C8BFD11A
CF15266F
D56A7BC4
DBBFD119
E215266E
E86A7BC3
EEBFD118
F515266D
FB6A7BC2
01BFD117
0815266C
0E6A7BC1
14BFD116
1B15266B
216A7BC0
27BFD115
2E15266A
346A7BBF
3ABFD114
41152669
476A7BBE
4DBFD113
54152668
5A6A7BBD
60BFD112
67152667
6D6A7BBC
73BFD111
7A152666
806A7BBB
86BFD110
8D152665
936A7BBA
99BFD10F
A0152664
A66A7BB9
ACBFD10E
B3152663
B96A7BB8
BFBFD10D
C6152662
CC6A7BB7
D2BFD10C
D9152661
DF6A7BB6
E5BFD10B
EC152660
F26A7BB5
F8BFD10A
FF15265F
056A7BB4
0BBFD109
1215265E
186A7BB3
1EBFD108
2515265D
2B6A7BB2
31BFD107
3815265C
3E6A7BB1
44BFD106
4B15265B
516A7BB0
57BFD105
5E15265A
646A7BAF
6ABFD104
71152659
776A7BAE
7DBFD103
84152658
8A6A7BAD
90BFD102
97152657
9D6A7BAC
A3BFD101
AA152656
B06A7BAB
B6BFD100
BD152655
C36A7BAA
C9BFD0FF
D0152654
D66A7BA9
DCBFD0FE
E3152653
E96A7BA8
EFBFD0FD
F6152652
FC6A7BA7
02BFD0FC
09152651
0F6A7BA6
15BFD0FB
1C152650
226A7BA5
28BFD0FA
2F15264F
356A7BA4
3BBFD0F9
4215264E
486A7BA3
4EBFD0F8
5515264D
5B6A7BA2
61BFD0F7
6815264C
6E6A7BA1
74BFD0F6
7B15264B
816A7BA0
87BFD0F5
8E15264A
946A7B9F
9ABFD0F4
A1152649
A76A7B9E
ADBFD0F3
B4152648
BA6A7B9D
C0BFD0F2
C7152647
CD6A7B9C
D3BFD0F1
DA152646
E06A7B9B
E6BFD0F0
ED152645
F36A7B9A
F9BFD0EF
00152644
066A7B99
0CBFD0EE
13152643
196A7B98
1FBFD0ED
26152642
2C6A7B97
32BFD0EC
39152641
3F6A7B96
45BFD0EB
4C152640
526A7B95
58BFD0EA
5F15263F
656A7B94
6BBFD0E9
7215263E
786A7B93
7EBFD0E8
8515263D
8B6A7B92
91BFD0E7
9815263C
9E6A7B91
A4BFD0E6
AB15263B
B16A7B90
B7BFD0E5
BE15263A
C46A7B8F
CABFD0E4
D1152639
D76A7B8E
DDBFD0E3
E4152638
EA6A7B8D
F0BFD0E2
F7152637
FD6A7B8C
03BFD0E1
0A152636
106A7B8B
16BFD0E0
1D152635
236A7B8A
29BFD0DF
30152634
366A7B89
3CBFD0DE
43152633
496A7B88
4FBFD0DD
56152632
5C6A7B87
62BFD0DC
69152631
6F6A7B86
75BFD0DB
7C152630
826A7B85
88BFD0DA
8F15262F
956A7B84
9BBFD0D9
A215262E
A86A7B83
AEBFD0D8
B515262D
BB6A7B82
C1BFD0D7
C815262C
CE6A7B81
D4BFD0D6
DB15262B
E16A7B80
E7BFD0D5
EE15262A
F46A7B7F
FABFD0D4
01152629
076A7B7E
0DBFD0D3
14152628
1A6A7B7D
20BFD0D2
27152627
2D6A7B7C
33BFD0D1
3A152626
406A7B7B
46BFD0D0
4D152625
536A7B7A
59BFD0CF
60152624
666A7B79
6CBFD0CE
73152623
796A7B78
7FBFD0CD
86152622
8C6A7B77
92BFD0CC
99152621
9F6A7B76
A5BFD0CB
AC152620
B26A7B75
B8BFD0CA
BF15261F
C56A7B74
CBBFD0C9
D215261E
D86A7B73
DEBFD0C8
E515261D
EB6A7B72
F1BFD0C7
F815261C
FE6A7B71
04BFD0C6
0B15261B
116A7B70
17BFD0C5
1E15261A
246A7B6F
2ABFD0C4
31152619
376A7B6E
3DBFD0C3
44152618
4A6A7B6D
50BFD0C2
57152617
5D6A7B6C
63BFD0C1
6A152616
706A7B6B
76BFD0C0
7D152615
836A7B6A
89BFD0BF
90152614
966A7B69
9CBFD0BE
A3152613
A96A7B68
AFBFD0BD
B6152612
BC6A7B67
C2BFD0BC
C9152611
CF6A7B66
D5BFD0BB
DC152610
E26A7B65
E8BFD0BA
EF15260F
F56A7B64
FBBFD0B9
0215260E
086A7B63
0EBFD0B8
1515260D
1B6A7B62
21BFD0B7
2815260C
2E6A7B61
34BFD0B6
3B15260B
416A7B60
47BFD0B5
4E15260A
546A7B5F
5ABFD0B4
61152609
676A7B5E
6DBFD0B3
74152608
7A6A7B5D
80BFD0B2
87152607
8D6A7B5C
93BFD0B1
9A152606
A06A7B5B
A6BFD0B0
AD152605
B36A7B5A
B9BFD0AF
C0152604
C66A7B59
CCBFD0AE
D3152603
D96A7B58
DFBFD0AD
E6152602
EC6A7B57
F2BFD0AC
F9152601
FF6A7B56
05BFD0AB
0C152600
126A7B55
18BFD0AA
1F1525FF
256A7B54
2BBFD0A9
321525FE
386A7B53
3EBFD0A8
451525FD
4B6A7B52
51BFD0A7
581525FC
5E6A7B51
64BFD0A6
6B1525FB
716A7B50
77BFD0A5
7E1525FA
846A7B4F
8ABFD0A4
911525F9
976A7B4E
9DBFD0A3
A41525F8
AA6A7B4D
B0BFD0A2
B71525F7
BD6A7B4C
C3BFD0A1
CA1525F6
D06A7B4B
D6BFD0A0
DD1525F5
E36A7B4A
E9BFD09F
F01525F4
F66A7B49
FCBFD09E
031525F3
096A7B48
0FBFD09D
161525F2
1C6A7B47
22BFD09C
291525F1
2F6A7B46
35BFD09B
3C1525F0
426A7B45
48BFD09A
4F1525EF
556A7B44
5BBFD099
621525EE
686A7B43
6EBFD098
751525ED
7B6A7B42
81BFD097
881525EC
8E6A7B41
94BFD096
9B1525EB
A16A7B40
A7BFD095
AE1525EA
B46A7B3F
BABFD094
C11525E9
C76A7B3E
CDBFD093
D41525E8
DA6A7B3D
E0BFD092
E71525E7
ED6A7B3C
F3BFD091
FA1525E6
006A7B3B
06BFD090
0D1525E5
136A7B3A
19BFD08F
201525E4
266A7B39
2CBFD08E
331525E3
396A7B38
3FBFD08D
461525E2
4C6A7B37
52BFD08C
591525E1
5F6A7B36
65BFD08B
6C1525E0
726A7B35
78BFD08A
7F1525DF
856A7B34
8BBFD089
921525DE
986A7B33
9EBFD088
A51525DD
AB6A7B32
B1BFD087
B81525DC
BE6A7B31
C4BFD086
CB1525DB
D16A7B30
D7BFD085
DE1525DA
E46A7B2F
EABFD084
F11525D9
F76A7B2E
FDBFD083
041525D8
0A6A7B2D
10BFD082
171525D7
1D6A7B2C
23BFD081
2A1525D6
306A7B2B
36BFD080
3D1525D5
436A7B2A
49BFD07F
501525D4
566A7B29
5CBFD07E
631525D3
696A7B28
6FBFD07D
761525D2
7C6A7B27
82BFD07C
891525D1
8F6A7B26
95BFD07B
9C1525D0
A26A7B25
A8BFD07A
AF1525CF
B56A7B24
BBBFD079
C21525CE
C86A7B23
CEBFD078
D51525CD
DB6A7B22
E1BFD077
E81525CC
EE6A7B21
F4BFD076
FB1525CB
016A7B20
07BFD075
0E1525CA
146A7B1F
1ABFD074
211525C9
276A7B1E
2DBFD073
341525C8
3A6A7B1D
40BFD072
471525C7
4D6A7B1C
53BFD071
5A1525C6
606A7B1B
66BFD070
6D1525C5
736A7B1A
79BFD06F
801525C4
866A7B19
8CBFD06E
931525C3
996A7B18
9FBFD06D
A61525C2
AC6A7B17
B2BFD06C
B91525C1
BF6A7B16
C5BFD06B
CC1525C0
D26A7B15
D8BFD06A
DF1525BF
E56A7B14
EBBFD069
F21525BE
F86A7B13
FEBFD068
051525BD
0B6A7B12
11BFD067
181525BC
1E6A7B11
24BFD066
2B1525BB
316A7B10
37BFD065
3E1525BA
446A7B0F
4ABFD064
511525B9
576A7B0E
5DBFD063
641525B8
6A6A7B0D
70BFD062
771525B7
7D6A7B0C
83BFD061
8A1525B6
906A7B0B
96BFD060
9D1525B5
A36A7B0A
A9BFD05F
B01525B4
B66A7B09
BCBFD05E
C31525B3
C96A7B08
CFBFD05D
D61525B2
DC6A7B07
E2BFD05C
E91525B1
EF6A7B06
F5BFD05B
FC1525B0
026A7B05
08BFD05A
0F1525AF
156A7B04
1BBFD059
221525AE
286A7B03
2EBFD058
351525AD
3B6A7B02
41BFD057
481525AC
4E6A7B01
54BFD056
5B1525AB
616A7B00
67BFD055
6E1525AA
746A7AFF
7ABFD054
811525A9
876A7AFE
8DBFD053
941525A8
9A6A7AFD
A0BFD052
A71525A7
AD6A7AFC
B3BFD051
BA1525A6
C06A7AFB
C6BFD050
CD1525A5
D36A7AFA
D9BFD04F
E01525A4
E66A7AF9
ECBFD04E
F31525A3
F96A7AF8
FFBFD04D
061525A2
0C6A7AF7
12BFD04C
191525A1
1F6A7AF6
25BFD04B
2C1525A0
326A7AF5
38BFD04A
3F15259F
456A7AF4
4BBFD049
5215259E
586A7AF3
5EBFD048
6515259D
6B6A7AF2
71BFD047
7815259C
7E6A7AF1
84BFD046
8B15259B
916A7AF0
97BFD045
9E15259A
A46A7AEF
AABFD044
B1152599
B76A7AEE
BDBFD043
C4152598
CA6A7AED
D0BFD042
D7152597
DD6A7AEC
E3BFD041
EA152596
F06A7AEB
F6BFD040
FD152595
036A7AEA
09BFD03F
10152594
166A7AE9
1CBFD03E
23152593
296A7AE8
2FBFD03D
36152592
3C6A7AE7
42BFD03C
49152591
4F6A7AE6
55BFD03B
5C152590
626A7AE5
68BFD03A
6F15258F
756A7AE4
7BBFD039
8215258E
886A7AE3
8EBFD038
9515258D
9B6A7AE2
A1BFD037
A815258C
AE6A7AE1
B4BFD036
BB15258B
C16A7AE0
C7BFD035
CE15258A
D46A7ADF
DABFD034
E1152589
E76A7ADE
EDBFD033
F4152588
FA6A7ADD
00BFD032
07152587
0D6A7ADC
13BFD031
1A152586
206A7ADB
26BFD030
2D152585
336A7ADA
39BFD02F
40152584
466A7AD9
4CBFD02E
53152583
596A7AD8
5FBFD02D
66152582
6C6A7AD7
72BFD02C
79152581
7F6A7AD6
85BFD02B
8C152580
926A7AD5
98BFD02A
9F15257F
A56A7AD4
ABBFD029
B215257E
B86A7AD3
BEBFD028
C515257D
CB6A7AD2
D1BFD027
D815257C
DE6A7AD1
E4BFD026
EB15257B
F16A7AD0
F7BFD025
FE15257A
046A7ACF
0ABFD024
11152579
176A7ACE
1DBFD023
24152578
2A6A7ACD
30BFD022
37152577
3D6A7ACC
43BFD021
4A152576
506A7ACB
56BFD020
5D152575
636A7ACA
69BFD01F
70152574
766A7AC9
7CBFD01E
83152573
896A7AC8
8FBFD01D
96152572
9C6A7AC7
A2BFD01C
A9152571
AF6A7AC6
B5BFD01B
BC152570
C26A7AC5
C8BFD01A
CF15256F
D56A7AC4
DBBFD019
E215256E
E86A7AC3
EEBFD018
F515256D
FB6A7AC2
01BFD017
0815256C
0E6A7AC1
14BFD016
1B15256B
216A7AC0
27BFD015
2E15256A
346A7ABF
3ABFD014
41152569
476A7ABE
4DBFD013
54152568
5A6A7ABD
60BFD012
67152567
6D6A7ABC
73BFD011
7A152566
806A7ABB
86BFD010
8D152565
936A7ABA
99BFD00F
A0152564
A66A7AB9
ACBFD00E
B3152563
B96A7AB8
BFBFD00D
C6152562
CC6A7AB7
D2BFD00C
D9152561
DF6A7AB6
E5BFD00B
EC152560
F26A7AB5
F8BFD00A
FF15255F
056A7AB4
0BBFD009
1215255E
186A7AB3
1EBFD008
2515255D
2B6A7AB2
31BFD007
3815255C
3E6A7AB1
44BFD006
4B15255B
516A7AB0
57BFD005
5E15255A
646A7AAF
6ABFD004
71152559
776A7AAE
7DBFD003
84152558
8A6A7AAD
90BFD002
97152557
9D6A7AAC
A3BFD001
AA152556
B06A7AAB
B6BFD000
BD152555
C36A7AAA
C9BFCFFF
D0152554
D66A7AA9
DCBFCFFE
E3152553
E96A7AA8
EFBFCFFD
F6152552
FC6A7AA7
02BFCFFC
09152551
0F6A7AA6
15BFCFFB
1C152550
226A7AA5
28BFCFFA
2F15254F
356A7AA4
3BBFCFF9
4215254E
486A7AA3
4EBFCFF8
5515254D
5B6A7AA2
61BFCFF7
6815254C
6E6A7AA1
74BFCFF6
7B15254B
816A7AA0
87BFCFF5
8E15254A
946A7A9F
9ABFCFF4
A1152549
A76A7A9E
ADBFCFF3
B4152548
BA6A7A9D
C0BFCFF2
C7152547
CD6A7A9C
D3BFCFF1
DA152546
E06A7A9B
E6BFCFF0
ED152545
F36A7A9A
F9BFCFEF
00152544
066A7A99
0CBFCFEE
13152543
196A7A98
1FBFCFED
26152542
2C6A7A97
32BFCFEC
39152541
3F6A7A96
45BFCFEB
4C152540
526A7A95
58BFCFEA
5F15253F
656A7A94
6BBFCFE9
7215253E
786A7A93
7EBFCFE8
8515253D
8B6A7A92
91BFCFE7
9815253C
9E6A7A91
A4BFCFE6
AB15253B
B16A7A90
B7BFCFE5
BE15253A
C46A7A8F
CABFCFE4
D1152539
D76A7A8E
DDBFCFE3
E4152538
EA6A7A8D
F0BFCFE2
F7152537
FD6A7A8C
03BFCFE1
0A152536
106A7A8B
16BFCFE0
1D152535
236A7A8A
29BFCFDF
30152534
366A7A89
3CBFCFDE
43152533
496A7A88
4FBFCFDD
56152532
5C6A7A87
62BFCFDC
69152531
6F6A7A86
75BFCFDB
7C152530
826A7A85
88BFCFDA
8F15252F
956A7A84
9BBFCFD9
A215252E
A86A7A83
AEBFCFD8
B515252D
BB6A7A82
C1BFCFD7
C815252C
CE6A7A81
D4BFCFD6
DB15252B
E16A7A80
E7BFCFD5
EE15252A
F46A7A7F
FABFCFD4
01152529
076A7A7E
0DBFCFD3
14152528
1A6A7A7D
20BFCFD2
27152527
2D6A7A7C
33BFCFD1
3A152526
406A7A7B
46BFCFD0
4D152525
536A7A7A
59BFCFCF
60152524
666A7A79
6CBFCFCE
73152523
796A7A78
7FBFCFCD
86152522
8C6A7A77
92BFCFCC
99152521
9F6A7A76
A5BFCFCB
AC152520
B26A7A75
B8BFCFCA
BF15251F
C56A7A74
CBBFCFC9
D215251E
D86A7A73
DEBFCFC8
E515251D
EB6A7A72
F1BFCFC7
F815251C
FE6A7A71
04BFCFC6
0B15251B
116A7A70
17BFCFC5
1E15251A
246A7A6F
2ABFCFC4
31152519
376A7A6E
3DBFCFC3
44152518
4A6A7A6D
50BFCFC2
57152517
5D6A7A6C
63BFCFC1
6A152516
706A7A6B
76BFCFC0
7D152515
836A7A6A
89BFCFBF
90152514
966A7A69
9CBFCFBE
A3152513
A96A7A68
AFBFCFBD
B6152512
BC6A7A67
C2BFCFBC
C9152511
CF6A7A66
D5BFCFBB
DC152510
E26A7A65
E8BFCFBA
EF15250F
F56A7A64
FBBFCFB9
0215250E
086A7A63
0EBFCFB8
1515250D
1B6A7A62
21BFCFB7
2815250C
2E6A7A61
34BFCFB6
3B15250B
416A7A60
47BFCFB5
4E15250A
546A7A5F
5ABFCFB4
61152509
676A7A5E
6DBFCFB3
74152508
7A6A7A5D
80BFCFB2
87152507
8D6A7A5C
93BFCFB1
9A152506
A06A7A5B
A6BFCFB0
AD152505
B36A7A5A
B9BFCFAF
C0152504
C66A7A59
CCBFCFAE
D3152503
D96A7A58
DFBFCFAD
E6152502
EC6A7A57
F2BFCFAC
F9152501
FF6A7A56
05BFCFAB
0C152500
126A7A55
18BFCFAA
1F1524FF
256A7A54
2BBFCFA9
321524FE
386A7A53
3EBFCFA8
451524FD
4B6A7A52
51BFCFA7
581524FC
5E6A7A51
64BFCFA6
6B1524FB
716A7A50
77BFCFA5
7E1524FA
846A7A4F
8ABFCFA4
911524F9
976A7A4E
9DBFCFA3
A41524F8
AA6A7A4D
B0BFCFA2
B71524F7
BD6A7A4C
C3BFCFA1
CA1524F6
D06A7A4B
D6BFCFA0
DD1524F5
E36A7A4A
E9BFCF9F
F01524F4
F66A7A49
FCBFCF9E
031524F3
096A7A48
0FBFCF9D
161524F2
1C6A7A47
22BFCF9C
291524F1
2F6A7A46
35BFCF9B
3C1524F0
426A7A45
48BFCF9A
4F1524EF
556A7A44
5BBFCF99
621524EE
686A7A43
6EBFCF98
751524ED
7B6A7A42
81BFCF97
881524EC
8E6A7A41
94BFCF96
9B1524EB
A16A7A40
A7BFCF95
AE1524EA
B46A7A3F
BABFCF94
C11524E9
C76A7A3E
CDBFCF93
D41524E8
DA6A7A3D
E0BFCF92
E71524E7
ED6A7A3C
F3BFCF91
FA1524E6
006A7A3B
06BFCF90
0D1524E5
136A7A3A
19BFCF8F
201524E4
266A7A39
2CBFCF8E
331524E3
396A7A38
3FBFCF8D
461524E2
4C6A7A37
52BFCF8C
591524E1
5F6A7A36
65BFCF8B
6C1524E0
726A7A35
78BFCF8A
7F1524DF
856A7A34
8BBFCF89
921524DE
986A7A33
9EBFCF88
A51524DD
AB6A7A32
B1BFCF87
B81524DC
BE6A7A31
C4BFCF86
CB1524DB
D16A7A30
D7BFCF85
DE1524DA
E46A7A2F
EABFCF84
F11524D9
F76A7A2E
FDBFCF83
041524D8
0A6A7A2D
10BFCF82
171524D7
1D6A7A2C
23BFCF81
2A1524D6
306A7A2B
36BFCF80
3D1524D5
436A7A2A
49BFCF7F
501524D4
566A7A29
5CBFCF7E
631524D3
696A7A28
6FBFCF7D
761524D2
7C6A7A27
82BFCF7C
891524D1
8F6A7A26
95BFCF7B
9C1524D0
A26A7A25
A8BFCF7A
AF1524CF
B56A7A24
BBBFCF79
C21524CE
C86A7A23
CEBFCF78
D51524CD
DB6A7A22
E1BFCF77
E81524CC
EE6A7A21
F4BFCF76
FB1524CB
016A7A20
07BFCF75
0E1524CA
146A7A1F
1ABFCF74
211524C9
276A7A1E
2DBFCF73
341524C8
3A6A7A1D
40BFCF72
471524C7
4D6A7A1C
53BFCF71
5A1524C6
606A7A1B
66BFCF70
6D1524C5
736A7A1A
79BFCF6F
801524C4
866A7A19
8CBFCF6E
931524C3
996A7A18
9FBFCF6D
A61524C2
AC6A7A17
B2BFCF6C
B91524C1
BF6A7A16
C5BFCF6B
CC1524C0
D26A7A15
D8BFCF6A
DF1524BF
E56A7A14
EBBFCF69
F21524BE
F86A7A13
FEBFCF68
051524BD
0B6A7A12
11BFCF67
181524BC
1E6A7A11
24BFCF66
2B1524BB
316A7A10
37BFCF65
3E1524BA
446A7A0F
4ABFCF64
511524B9
576A7A0E
5DBFCF63
641524B8
6A6A7A0D
70BFCF62
771524B7
7D6A7A0C
83BFCF61
8A1524B6
906A7A0B
96BFCF60
9D1524B5
A36A7A0A
A9BFCF5F
B01524B4
B66A7A09
BCBFCF5E
C31524B3
C96A7A08
CFBFCF5D
D61524B2
DC6A7A07
E2BFCF5C
E91524B1
EF6A7A06
F5BFCF5B
FC1524B0
026A7A05
08BFCF5A
0F1524AF
156A7A04
1BBFCF59
221524AE
286A7A03
2EBFCF58
351524AD
3B6A7A02
41BFCF57
481524AC
4E6A7A01
54BFCF56
5B1524AB
616A7A00
67BFCF55
6E1524AA
746A79FF
7ABFCF54
811524A9
876A79FE
8DBFCF53
941524A8
9A6A79FD
A0BFCF52
A71524A7
AD6A79FC
B3BFCF51
BA1524A6
C06A79FB
C6BFCF50
CD1524A5
D36A79FA
D9BFCF4F
E01524A4
E66A79F9
ECBFCF4E
F31524A3
F96A79F8
FFBFCF4D
061524A2
0C6A79F7
12BFCF4C
191524A1
1F6A79F6
25BFCF4B
2C1524A0
326A79F5
38BFCF4A
3F15249F
456A79F4
4BBFCF49
5215249E
586A79F3
5EBFCF48
6515249D
6B6A79F2
71BFCF47
7815249C
7E6A79F1
84BFCF46
8B15249B
916A79F0
97BFCF45
9E15249A
A46A79EF
AABFCF44
B1152499
B76A79EE
BDBFCF43
C4152498
CA6A79ED
D0BFCF42
D7152497
DD6A79EC
E3BFCF41
EA152496
F06A79EB
F6BFCF40
FD152495
036A79EA
09BFCF3F
10152494
166A79E9
1CBFCF3E
23152493
296A79E8
2FBFCF3D
36152492
3C6A79E7
42BFCF3C
49152491
4F6A79E6
55BFCF3B
5C152490
626A79E5
68BFCF3A
6F15248F
756A79E4
7BBFCF39
8215248E
886A79E3
8EBFCF38
9515248D
9B6A79E2
A1BFCF37
A815248C
AE6A79E1
B4BFCF36
BB15248B
C16A79E0
C7BFCF35
CE15248A
D46A79DF
DABFCF34
E1152489
E76A79DE
EDBFCF33
F4152488
FA6A79DD
00BFCF32
07152487
0D6A79DC
13BFCF31
1A152486
206A79DB
26BFCF30
2D152485
336A79DA
39BFCF2F
40152484
466A79D9
4CBFCF2E
53152483
596A79D8
5FBFCF2D
66152482
6C6A79D7
72BFCF2C
79152481
7F6A79D6
85BFCF2B
8C152480
926A79D5
98BFCF2A
9F15247F
A56A79D4
ABBFCF29
B215247E
B86A79D3
BEBFCF28
C515247D
CB6A79D2
D1BFCF27
D815247C
DE6A79D1
E4BFCF26
EB15247B
F16A79D0
F7BFCF25
FE15247A
046A79CF
0ABFCF24
11152479
176A79CE
1DBFCF23
24152478
2A6A79CD
30BFCF22
37152477
3D6A79CC
43BFCF21
4A152476
506A79CB
56BFCF20
5D152475
636A79CA
69BFCF1F
70152474
766A79C9
7CBFCF1E
83152473
896A79C8
8FBFCF1D
96152472
9C6A79C7
A2BFCF1C
A9152471
AF6A79C6
B5BFCF1B
BC152470
C26A79C5
C8BFCF1A
CF15246F
D56A79C4
DBBFCF19
E215246E
E86A79C3
EEBFCF18
F515246D
FB6A79C2
01BFCF17
0815246C
0E6A79C1
14BFCF16
1B15246B
216A79C0
27BFCF15
2E15246A
346A79BF
3ABFCF14
41152469
476A79BE
4DBFCF13
54152468
5A6A79BD
60BFCF12
67152467
6D6A79BC
73BFCF11
7A152466
806A79BB
86BFCF10
8D152465
936A79BA
99BFCF0F
A0152464
A66A79B9
ACBFCF0E
B3152463
B96A79B8
BFBFCF0D
C6152462
CC6A79B7
D2BFCF0C
D9152461
DF6A79B6
E5BFCF0B
EC152460
F26A79B5
F8BFCF0A
FF15245F
056A79B4
0BBFCF09
1215245E
186A79B3
1EBFCF08
2515245D
2B6A79B2
31BFCF07
3815245C
3E6A79B1
44BFCF06
4B15245B
516A79B0
57BFCF05
5E15245A
646A79AF
6ABFCF04
71152459
776A79AE
7DBFCF03
84152458
8A6A79AD
90BFCF02
97152457
9D6A79AC
A3BFCF01
AA152456
B06A79AB
B6BFCF00
BD152455
C36A79AA
C9BFCEFF
D0152454
D66A79A9
DCBFCEFE
E3152453
E96A79A8
EFBFCEFD
F6152452
FC6A79A7
02BFCEFC
09152451
0F6A79A6
15BFCEFB
1C152450
226A79A5
28BFCEFA
2F15244F
356A79A4
3BBFCEF9
4215244E
486A79A3
4EBFCEF8
5515244D
5B6A79A2
61BFCEF7
6815244C
6E6A79A1
74BFCEF6
7B15244B
816A79A0
87BFCEF5
8E15244A
946A799F
9ABFCEF4
A1152449
A76A799E
ADBFCEF3
B4152448
BA6A799D
C0BFCEF2
C7152447
CD6A799C
D3BFCEF1
DA152446
E06A799B
E6BFCEF0
ED152445
F36A799A
F9BFCEEF
00152444
066A7999
0CBFCEEE
13152443
196A7998
1FBFCEED
26152442
2C6A7997
32BFCEEC
39152441
3F6A7996
45BFCEEB
4C152440
526A7995
58BFCEEA
5F15243F
656A7994
6BBFCEE9
7215243E
786A7993
7EBFCEE8
8515243D
8B6A7992
91BFCEE7
9815243C
9E6A7991
A4BFCEE6
AB15243B
B16A7990
B7BFCEE5
BE15243A
C46A798F
CABFCEE4
D1152439
D76A798E
DDBFCEE3
E4152438
EA6A798D
F0BFCEE2
F7152437
FD6A798C
03BFCEE1
0A152436
106A798B
16BFCEE0
1D152435
236A798A
29BFCEDF
30152434
366A7989
3CBFCEDE
43152433
496A7988
4FBFCEDD
56152432
5C6A7987
62BFCEDC
69152431
6F6A7986
75BFCEDB
7C152430
826A7985
88BFCEDA
8F15242F
956A7984
9BBFCED9
A215242E
A86A7983
AEBFCED8
B515242D
BB6A7982
C1BFCED7
C815242C
CE6A7981
D4BFCED6
DB15242B
E16A7980
E7BFCED5
EE15242A
F46A797F
FABFCED4
01152429
076A797E
0DBFCED3
14152428
1A6A797D
20BFCED2
27152427
2D6A797C
33BFCED1
3A152426
406A797B
46BFCED0
4D152425
536A797A
59BFCECF
60152424
666A7979
6CBFCECE
73152423
796A7978
7FBFCECD
86152422
8C6A7977
92BFCECC
99152421
9F6A7976
A5BFCECB
AC152420
B26A7975
B8BFCECA
BF15241F
C56A7974
CBBFCEC9
D215241E
D86A7973
DEBFCEC8
E515241D
EB6A7972
F1BFCEC7
F815241C
FE6A7971
04BFCEC6
0B15241B
116A7970
17BFCEC5
1E15241A
246A796F
2ABFCEC4
31152419
376A796E
3DBFCEC3
44152418
4A6A796D
50BFCEC2
57152417
5D6A796C
63BFCEC1
6A152416
706A796B
76BFCEC0
7D152415
836A796A
89BFCEBF
90152414
966A7969
9CBFCEBE
A3152413
A96A7968
AFBFCEBD
B6152412
BC6A7967
C2BFCEBC
C9152411
CF6A7966
D5BFCEBB
DC152410
E26A7965
E8BFCEBA
EF15240F
F56A7964
FBBFCEB9
0215240E
086A7963
0EBFCEB8
1515240D
1B6A7962
21BFCEB7
2815240C
2E6A7961
34BFCEB6
3B15240B
416A7960
47BFCEB5
4E15240A
546A795F
5ABFCEB4
61152409
676A795E
6DBFCEB3
74152408
7A6A795D
80BFCEB2
87152407
8D6A795C
93BFCEB1
9A152406
A06A795B
A6BFCEB0
AD152405
B36A795A
B9BFCEAF
C0152404
C66A7959
CCBFCEAE
D3152403
D96A7958
DFBFCEAD
E6152402
EC6A7957
F2BFCEAC
F9152401
FF6A7956
05BFCEAB
0C152400
126A7955
18BFCEAA
1F1523FF
256A7954
2BBFCEA9
321523FE
386A7953
3EBFCEA8
451523FD
4B6A7952
51BFCEA7
581523FC
5E6A7951
64BFCEA6
6B1523FB
716A7950
77BFCEA5
7E1523FA
846A794F
8ABFCEA4
911523F9
976A794E
9DBFCEA3
A41523F8
AA6A794D
B0BFCEA2
B71523F7
BD6A794C
C3BFCEA1
CA1523F6
D06A794B
D6BFCEA0
DD1523F5
E36A794A
E9BFCE9F
F01523F4
F66A7949
FCBFCE9E
031523F3
096A7948
0FBFCE9D
161523F2
1C6A7947
22BFCE9C
291523F1
2F6A7946
35BFCE9B
3C1523F0
426A7945
48BFCE9A
4F1523EF
556A7944
5BBFCE99
621523EE
686A7943
6EBFCE98
751523ED
7B6A7942
81BFCE97
881523EC
8E6A7941
94BFCE96
9B1523EB
A16A7940
A7BFCE95
AE1523EA
B46A793F
BABFCE94
C11523E9
C76A793E
CDBFCE93
D41523E8
DA6A793D
E0BFCE92
E71523E7
ED6A793C
F3BFCE91
FA1523E6
006A793B
06BFCE90
0D1523E5
136A793A
19BFCE8F
201523E4
266A7939
2CBFCE8E
331523E3
396A7938
3FBFCE8D
461523E2
4C6A7937
52BFCE8C
591523E1
5F6A7936
65BFCE8B
6C1523E0
726A7935
78BFCE8A
7F1523DF
856A7934
8BBFCE89
921523DE
986A7933
9EBFCE88
A51523DD
AB6A7932
B1BFCE87
B81523DC
BE6A7931
C4BFCE86
CB1523DB
D16A7930
D7BFCE85
DE1523DA
E46A792F
EABFCE84
F11523D9
F76A792E
FDBFCE83
041523D8
0A6A792D
10BFCE82
171523D7
1D6A792C
23BFCE81
2A1523D6
306A792B
36BFCE80
3D1523D5
436A792A
49BFCE7F
501523D4
566A7929
5CBFCE7E
631523D3
696A7928
6FBFCE7D
761523D2
7C6A7927
82BFCE7C
891523D1
8F6A7926
95BFCE7B
9C1523D0
A26A7925
A8BFCE7A
AF1523CF
B56A7924
BBBFCE79
C21523CE
C86A7923
CEBFCE78
D51523CD
DB6A7922
E1BFCE77
E81523CC
EE6A7921
F4BFCE76
FB1523CB
016A7920
07BFCE75
0E1523CA
146A791F
1ABFCE74
211523C9
276A791E
2DBFCE73
341523C8
3A6A791D
40BFCE72
471523C7
4D6A791C
53BFCE71
5A1523C6
606A791B
66BFCE70
6D1523C5
736A791A
79BFCE6F
801523C4
866A7919
8CBFCE6E
931523C3
996A7918
9FBFCE6D
A61523C2
AC6A7917
B2BFCE6C
B91523C1
BF6A7916
C5BFCE6B
CC1523C0
D26A7915
D8BFCE6A
DF1523BF
E56A7914
EBBFCE69
F21523BE
F86A7913
FEBFCE68
051523BD
0B6A7912
11BFCE67
181523BC
1E6A7911
24BFCE66
2B1523BB
316A7910
37BFCE65
3E1523BA
446A790F
4ABFCE64
511523B9
576A790E
5DBFCE63
641523B8
6A6A790D
70BFCE62
771523B7
7D6A790C
83BFCE61
8A1523B6
906A790B
96BFCE60
9D1523B5
A36A790A
A9BFCE5F
B01523B4
B66A7909
BCBFCE5E
C31523B3
C96A7908
CFBFCE5D
D61523B2
DC6A7907
E2BFCE5C
E91523B1
EF6A7906
F5BFCE5B
FC1523B0
026A7905
08BFCE5A
0F1523AF
156A7904
1BBFCE59
221523AE
286A7903
2EBFCE58
351523AD
3B6A7902
41BFCE57
481523AC
4E6A7901
54BFCE56
5B1523AB
616A7900
67BFCE55
6E1523AA
746A78FF
7ABFCE54
811523A9
876A78FE
8DBFCE53
941523A8
9A6A78FD
A0BFCE52
A71523A7
AD6A78FC
B3BFCE51
BA1523A6
C06A78FB
C6BFCE50
CD1523A5
D36A78FA
D9BFCE4F
E01523A4
E66A78F9
ECBFCE4E
F31523A3
F96A78F8
FFBFCE4D
061523A2
0C6A78F7
12BFCE4C
191523A1
1F6A78F6
25BFCE4B
2C1523A0
326A78F5
38BFCE4A
3F15239F
456A78F4
4BBFCE49
5215239E
586A78F3
5EBFCE48
6515239D
6B6A78F2
71BFCE47
7815239C
7E6A78F1
84BFCE46
8B15239B
916A78F0
97BFCE45
9E15239A
A46A78EF
AABFCE44
B1152399
B76A78EE
BDBFCE43
C4152398
CA6A78ED
D0BFCE42
D7152397
DD6A78EC
E3BFCE41
EA152396
F06A78EB
F6BFCE40
FD152395
036A78EA
09BFCE3F
10152394
166A78E9
1CBFCE3E
23152393
296A78E8
2FBFCE3D
36152392
3C6A78E7
42BFCE3C
49152391
4F6A78E6
55BFCE3B
5C152390
626A78E5
68BFCE3A
6F15238F
756A78E4
7BBFCE39
8215238E
886A78E3
8EBFCE38
9515238D
9B6A78E2
A1BFCE37
A815238C
AE6A78E1
B4BFCE36
BB15238B
C16A78E0
C7BFCE35
CE15238A
D46A78DF
DABFCE34
E1152389
E76A78DE
EDBFCE33
F4152388
FA6A78DD
00BFCE32
07152387
0D6A78DC
13BFCE31
1A152386
206A78DB
26BFCE30
2D152385
336A78DA
39BFCE2F
40152384
466A78D9
4CBFCE2E
53152383
596A78D8
5FBFCE2D
66152382
6C6A78D7
72BFCE2C
79152381
7F6A78D6
85BFCE2B
8C152380
926A78D5
98BFCE2A
9F15237F
A56A78D4
ABBFCE29
B215237E
B86A78D3
BEBFCE28
C515237D
CB6A78D2
D1BFCE27
D815237C
DE6A78D1
E4BFCE26
EB15237B
F16A78D0
F7BFCE25
FE15237A
046A78CF
0ABFCE24
11152379
176A78CE
1DBFCE23
24152378
2A6A78CD
30BFCE22
37152377
3D6A78CC
43BFCE21
4A152376
506A78CB
56BFCE20
5D152375
636A78CA
69BFCE1F
70152374
766A78C9
7CBFCE1E
83152373
896A78C8
8FBFCE1D
96152372
9C6A78C7
A2BFCE1C
A9152371
AF6A78C6
B5BFCE1B
BC152370
C26A78C5
C8BFCE1A
CF15236F
D56A78C4
DBBFCE19
E215236E
E86A78C3
EEBFCE18
F515236D
FB6A78C2
01BFCE17
0815236C
0E6A78C1
14BFCE16
1B15236B
216A78C0
27BFCE15
2E15236A
346A78BF
3ABFCE14
41152369
476A78BE
4DBFCE13
54152368
5A6A78BD
60BFCE12
67152367
6D6A78BC
73BFCE11
7A152366
806A78BB
86BFCE10
8D152365
936A78BA
99BFCE0F
A0152364
A66A78B9
ACBFCE0E
B3152363
B96A78B8
BFBFCE0D
C6152362
CC6A78B7
D2BFCE0C
D9152361
DF6A78B6
E5BFCE0B
EC152360
F26A78B5
F8BFCE0A
FF15235F
056A78B4
0BBFCE09
1215235E
186A78B3
1EBFCE08
2515235D
2B6A78B2
31BFCE07
3815235C
3E6A78B1
44BFCE06
4B15235B
516A78B0
57BFCE05
5E15235A
646A78AF
6ABFCE04
71152359
776A78AE
7DBFCE03
84152358
8A6A78AD
90BFCE02
97152357
9D6A78AC
A3BFCE01
AA152356
B06A78AB
B6BFCE00
BD152355
C36A78AA
C9BFCDFF
D0152354
D66A78A9
DCBFCDFE
E3152353
E96A78A8
EFBFCDFD
F6152352
FC6A78A7
02BFCDFC
09152351
0F6A78A6
15BFCDFB
1C152350
226A78A5
28BFCDFA
2F15234F
356A78A4
3BBFCDF9
4215234E
486A78A3
4EBFCDF8
5515234D
5B6A78A2
61BFCDF7
6815234C
6E6A78A1
74BFCDF6
7B15234B
816A78A0
87BFCDF5
8E15234A
946A789F
9ABFCDF4
A1152349
A76A789E
ADBFCDF3
B4152348
BA6A789D
C0BFCDF2
C7152347
CD6A789C
D3BFCDF1
DA152346
E06A789B
E6BFCDF0
ED152345
F36A789A
F9BFCDEF
00152344
066A7899
0CBFCDEE
13152343
196A7898
1FBFCDED
26152342
2C6A7897
32BFCDEC
39152341
3F6A7896
45BFCDEB
4C152340
526A7895
58BFCDEA
5F15233F
656A7894
6BBFCDE9
7215233E
786A7893
7EBFCDE8
8515233D
8B6A7892
91BFCDE7
9815233C
9E6A7891
A4BFCDE6
AB15233B
B16A7890
B7BFCDE5
BE15233A
C46A788F
CABFCDE4
D1152339
D76A788E
DDBFCDE3
E4152338
EA6A788D
F0BFCDE2
F7152337
FD6A788C
03BFCDE1
0A152336
106A788B
16BFCDE0
1D152335
236A788A
29BFCDDF
30152334
366A7889
3CBFCDDE
43152333
496A7888
4FBFCDDD
56152332
5C6A7887
62BFCDDC
69152331
6F6A7886
75BFCDDB
7C152330
826A7885
88BFCDDA
8F15232F
956A7884
9BBFCDD9
A215232E
A86A7883
AEBFCDD8
B515232D
BB6A7882
C1BFCDD7
C815232C
CE6A7881
D4BFCDD6
DB15232B
E16A7880
E7BFCDD5
EE15232A
F46A787F
FABFCDD4
01152329
076A787E
0DBFCDD3
14152328
1A6A787D
20BFCDD2
27152327
2D6A787C
33BFCDD1
3A152326
406A787B
46BFCDD0
4D152325
536A787A
59BFCDCF
60152324
666A7879
6CBFCDCE
73152323
796A7878
7FBFCDCD
86152322
8C6A7877
92BFCDCC
99152321
9F6A7876
A5BFCDCB
AC152320
B26A7875
B8BFCDCA
BF15231F
C56A7874
CBBFCDC9
D215231E
D86A7873
DEBFCDC8
E515231D
EB6A7872
F1BFCDC7
F815231C
FE6A7871
04BFCDC6
0B15231B
116A7870
17BFCDC5
1E15231A
246A786F
2ABFCDC4
31152319
376A786E
3DBFCDC3
44152318
4A6A786D
50BFCDC2
57152317
5D6A786C
63BFCDC1
6A152316
706A786B
76BFCDC0
7D152315
836A786A
89BFCDBF
90152314
966A7869
9CBFCDBE
A3152313
A96A7868
AFBFCDBD
B6152312
BC6A7867
C2BFCDBC
C9152311
CF6A7866
D5BFCDBB
DC152310
E26A7865
E8BFCDBA
EF15230F
F56A7864
FBBFCDB9
0215230E
086A7863
0EBFCDB8
1515230D
1B6A7862
21BFCDB7
2815230C
2E6A7861
34BFCDB6
3B15230B
416A7860
47BFCDB5
4E15230A
546A785F
5ABFCDB4
61152309
676A785E
6DBFCDB3
74152308
7A6A785D
80BFCDB2
87152307
8D6A785C
93BFCDB1
9A152306
A06A785B
A6BFCDB0
AD152305
B36A785A
B9BFCDAF
C0152304
C66A7859
CCBFCDAE
D3152303
D96A7858
DFBFCDAD
E6152302
EC6A7857
F2BFCDAC
F9152301
FF6A7856
05BFCDAB
0C152300
126A7855
18BFCDAA
1F1522FF
256A7854
2BBFCDA9
321522FE
386A7853
3EBFCDA8
451522FD
4B6A7852
51BFCDA7
581522FC
5E6A7851
64BFCDA6
6B1522FB
716A7850
77BFCDA5
7E1522FA
846A784F
8ABFCDA4
911522F9
976A784E
9DBFCDA3
A41522F8
AA6A784D
B0BFCDA2
B71522F7
BD6A784C
C3BFCDA1
CA1522F6
D06A784B
D6BFCDA0
DD1522F5
E36A784A
E9BFCD9F
F01522F4
F66A7849
FCBFCD9E
031522F3
096A7848
0FBFCD9D
161522F2
1C6A7847
22BFCD9C
291522F1
2F6A7846
35BFCD9B
3C1522F0
426A7845
48BFCD9A
4F1522EF
556A7844
5BBFCD99
621522EE
686A7843
6EBFCD98
751522ED
7B6A7842
81BFCD97
881522EC
8E6A7841
94BFCD96
9B1522EB
A16A7840
A7BFCD95
AE1522EA
B46A783F
BABFCD94
C11522E9
C76A783E
CDBFCD93
D41522E8
DA6A783D
E0BFCD92
E71522E7
ED6A783C
F3BFCD91
FA1522E6
006A783B
06BFCD90
0D1522E5
136A783A
19BFCD8F
201522E4
266A7839
2CBFCD8E
331522E3
396A7838
3FBFCD8D
461522E2
4C6A7837
52BFCD8C
591522E1
5F6A7836
65BFCD8B
6C1522E0
726A7835
78BFCD8A
7F1522DF
856A7834
8BBFCD89
921522DE
986A7833
9EBFCD88
A51522DD
AB6A7832
B1BFCD87
B81522DC
BE6A7831
C4BFCD86
CB1522DB
D16A7830
D7BFCD85
DE1522DA
E46A782F
EABFCD84
F11522D9
F76A782E
FDBFCD83
041522D8
0A6A782D
10BFCD82
171522D7
1D6A782C
23BFCD81
2A1522D6
306A782B
36BFCD80
3D1522D5
436A782A
49BFCD7F
501522D4
566A7829
5CBFCD7E
631522D3
696A7828
6FBFCD7D
761522D2
7C6A7827
82BFCD7C
891522D1
8F6A7826
95BFCD7B
9C1522D0
A26A7825
A8BFCD7A
AF1522CF
B56A7824
BBBFCD79
C21522CE
C86A7823
CEBFCD78
D51522CD
DB6A7822
E1BFCD77
E81522CC
EE6A7821
F4BFCD76
FB1522CB
016A7820
07BFCD75
0E1522CA
146A781F
1ABFCD74
211522C9
276A781E
2DBFCD73
341522C8
3A6A781D
40BFCD72
471522C7
4D6A781C
53BFCD71
5A1522C6
606A781B
66BFCD70
6D1522C5
736A781A
79BFCD6F
801522C4
866A7819
8CBFCD6E
931522C3
996A7818
9FBFCD6D
A61522C2
AC6A7817
B2BFCD6C
B91522C1
BF6A7816
C5BFCD6B
CC1522C0
D26A7815
D8BFCD6A
DF1522BF
E56A7814
EBBFCD69
F21522BE
F86A7813
FEBFCD68
051522BD
0B6A7812
11BFCD67
181522BC
1E6A7811
24BFCD66
2B1522BB
316A7810
37BFCD65
3E1522BA
446A780F
4ABFCD64
511522B9
576A780E
5DBFCD63
641522B8
6A6A780D
70BFCD62
771522B7
7D6A780C
83BFCD61
8A1522B6
906A780B
96BFCD60
9D1522B5
A36A780A
A9BFCD5F
B01522B4
B66A7809
BCBFCD5E
C31522B3
C96A7808
CFBFCD5D
D61522B2
DC6A7807
E2BFCD5C
E91522B1
EF6A7806
F5BFCD5B
FC1522B0
026A7805
08BFCD5A
0F1522AF
156A7804
1BBFCD59
221522AE
286A7803
2EBFCD58
351522AD
3B6A7802
41BFCD57
481522AC
4E6A7801
54BFCD56
5B1522AB
616A7800
67BFCD55
6E1522AA
746A77FF
7ABFCD54
811522A9
876A77FE
8DBFCD53
941522A8
9A6A77FD
A0BFCD52
A71522A7
AD6A77FC
B3BFCD51
BA1522A6
C06A77FB
C6BFCD50
CD1522A5
D36A77FA
D9BFCD4F
E01522A4
E66A77F9
ECBFCD4E
F31522A3
F96A77F8
FFBFCD4D
061522A2
0C6A77F7
12BFCD4C
191522A1
1F6A77F6
25BFCD4B
2C1522A0
326A77F5
38BFCD4A
3F15229F
456A77F4
4BBFCD49
5215229E
586A77F3
5EBFCD48
6515229D
6B6A77F2
71BFCD47
7815229C
7E6A77F1
84BFCD46
8B15229B
916A77F0
97BFCD45
9E15229A
A46A77EF
AABFCD44
B1152299
B76A77EE
BDBFCD43
C4152298
CA6A77ED
D0BFCD42
D7152297
DD6A77EC
E3BFCD41
EA152296
F06A77EB
F6BFCD40
FD152295
036A77EA
09BFCD3F
10152294
166A77E9
1CBFCD3E
23152293
296A77E8
2FBFCD3D
36152292
3C6A77E7
42BFCD3C
49152291
4F6A77E6
55BFCD3B
5C152290
626A77E5
68BFCD3A
6F15228F
756A77E4
7BBFCD39
8215228E
886A77E3
8EBFCD38
9515228D
9B6A77E2
A1BFCD37
A815228C
AE6A77E1
B4BFCD36
BB15228B
C16A77E0
C7BFCD35
CE15228A
D46A77DF
DABFCD34
E1152289
E76A77DE
EDBFCD33
F4152288
FA6A77DD
00BFCD32
07152287
0D6A77DC
13BFCD31
1A152286
206A77DB
26BFCD30
2D152285
336A77DA
39BFCD2F
40152284
466A77D9
4CBFCD2E
53152283
596A77D8
5FBFCD2D
66152282
6C6A77D7
72BFCD2C
79152281
7F6A77D6
85BFCD2B
8C152280
926A77D5
98BFCD2A
9F15227F
A56A77D4
ABBFCD29
B215227E
B86A77D3
BEBFCD28
C515227D
CB6A77D2
D1BFCD27
D815227C
DE6A77D1
E4BFCD26
EB15227B
F16A77D0
F7BFCD25
FE15227A
046A77CF
0ABFCD24
11152279
176A77CE
1DBFCD23
24152278
2A6A77CD
30BFCD22
37152277
3D6A77CC
43BFCD21
4A152276
506A77CB
56BFCD20
5D152275
636A77CA
69BFCD1F
70152274
766A77C9
7CBFCD1E
83152273
896A77C8
8FBFCD1D
96152272
9C6A77C7
A2BFCD1C
A9152271
AF6A77C6
B5BFCD1B
BC152270
C26A77C5
C8BFCD1A
CF15226F
D56A77C4
DBBFCD19
E215226E
E86A77C3
EEBFCD18
F515226D
FB6A77C2
01BFCD17
0815226C
0E6A77C1
14BFCD16
1B15226B
216A77C0
27BFCD15
2E15226A
346A77BF
3ABFCD14
41152269
476A77BE
4DBFCD13
54152268
5A6A77BD
60BFCD12
67152267
6D6A77BC
73BFCD11
7A152266
806A77BB
86BFCD10
8D152265
936A77BA
99BFCD0F
A0152264
A66A77B9
ACBFCD0E
B3152263
B96A77B8
BFBFCD0D
C6152262
CC6A77B7
D2BFCD0C
D9152261
DF6A77B6
E5BFCD0B
EC152260
F26A77B5
F8BFCD0A
FF15225F
056A77B4
0BBFCD09
1215225E
186A77B3
1EBFCD08
2515225D
2B6A77B2
31BFCD07
3815225C
3E6A77B1
44BFCD06
4B15225B
516A77B0
57BFCD05
5E15225A
646A77AF
6ABFCD04
71152259
776A77AE
7DBFCD03
84152258
8A6A77AD
90BFCD02
97152257
9D6A77AC
A3BFCD01
AA152256
B06A77AB
B6BFCD00
BD152255
C36A77AA
C9BFCCFF
D0152254
D66A77A9
DCBFCCFE
E3152253
E96A77A8
EFBFCCFD
F6152252
FC6A77A7
02BFCCFC
09152251
0F6A77A6
15BFCCFB
1C152250
226A77A5
28BFCCFA
2F15224F
356A77A4
3BBFCCF9
4215224E
486A77A3
4EBFCCF8
5515224D
5B6A77A2
61BFCCF7
6815224C
6E6A77A1
74BFCCF6
7B15224B
816A77A0
87BFCCF5
8E15224A
946A779F
9ABFCCF4
A1152249
A76A779E
ADBFCCF3
B4152248
BA6A779D
C0BFCCF2
C7152247
CD6A779C
D3BFCCF1
DA152246
E06A779B
E6BFCCF0
ED152245
F36A779A
F9BFCCEF
00152244
066A7799
0CBFCCEE
13152243
196A7798
1FBFCCED
26152242
2C6A7797
32BFCCEC
39152241
3F6A7796
45BFCCEB
4C152240
526A7795
58BFCCEA
5F15223F
656A7794
6BBFCCE9
7215223E
786A7793
7EBFCCE8
8515223D
8B6A7792
91BFCCE7
9815223C
9E6A7791
A4BFCCE6
AB15223B
B16A7790
B7BFCCE5
BE15223A
C46A778F
CABFCCE4
D1152239
D76A778E
DDBFCCE3
E4152238
EA6A778D
F0BFCCE2
F7152237
FD6A778C
03BFCCE1
0A152236
106A778B
16BFCCE0
1D152235
236A778A
29BFCCDF
30152234
366A7789
3CBFCCDE
43152233
496A7788
4FBFCCDD
56152232
5C6A7787
62BFCCDC
69152231
6F6A7786
75BFCCDB
7C152230
826A7785
88BFCCDA
8F15222F
956A7784
9BBFCCD9
A215222E
A86A7783
AEBFCCD8
B515222D
BB6A7782
C1BFCCD7
C815222C
CE6A7781
D4BFCCD6
DB15222B
E16A7780
E7BFCCD5
EE15222A
F46A777F
FABFCCD4
01152229
076A777E
0DBFCCD3
14152228
1A6A777D
20BFCCD2
27152227
2D6A777C
33BFCCD1
3A152226
406A777B
46BFCCD0
4D152225
536A777A
59BFCCCF
60152224
666A7779
6CBFCCCE
73152223
796A7778
7FBFCCCD
86152222
8C6A7777
92BFCCCC
99152221
9F6A7776
A5BFCCCB
AC152220
B26A7775
B8BFCCCA
BF15221F
C56A7774
CBBFCCC9
D215221E
D86A7773
DEBFCCC8
E515221D
EB6A7772
F1BFCCC7
F815221C
FE6A7771
04BFCCC6
0B15221B
116A7770
17BFCCC5
1E15221A
246A776F
2ABFCCC4
31152219
376A776E
3DBFCCC3
44152218
4A6A776D
50BFCCC2
57152217
5D6A776C
63BFCCC1
6A152216
706A776B
76BFCCC0
7D152215
836A776A
89BFCCBF
90152214
966A7769
9CBFCCBE
A3152213
A96A7768
AFBFCCBD
B6152212
BC6A7767
C2BFCCBC
C9152211
CF6A7766
D5BFCCBB
DC152210
E26A7765
E8BFCCBA
EF15220F
F56A7764
FBBFCCB9
0215220E
086A7763
0EBFCCB8
1515220D
1B6A7762
21BFCCB7
2815220C
2E6A7761
34BFCCB6
3B15220B
416A7760
47BFCCB5
4E15220A
546A775F
5ABFCCB4
61152209
676A775E
6DBFCCB3
74152208
7A6A775D
80BFCCB2
87152207
8D6A775C
93BFCCB1
9A152206
A06A775B
A6BFCCB0
AD152205
B36A775A
B9BFCCAF
C0152204
C66A7759
CCBFCCAE
D3152203
D96A7758
DFBFCCAD
E6152202
EC6A7757
F2BFCCAC
F9152201
FF6A7756
05BFCCAB
0C152200
126A7755
18BFCCAA
1F1521FF
256A7754
2BBFCCA9
321521FE
386A7753
3EBFCCA8
451521FD
4B6A7752
51BFCCA7
581521FC
5E6A7751
64BFCCA6
6B1521FB
716A7750
77BFCCA5
7E1521FA
846A774F
8ABFCCA4
911521F9
976A774E
9DBFCCA3
A41521F8
AA6A774D
B0BFCCA2
B71521F7
BD6A774C
C3BFCCA1
CA1521F6
D06A774B
D6BFCCA0
DD1521F5
E36A774A
E9BFCC9F
F01521F4
F66A7749
FCBFCC9E
031521F3
096A7748
0FBFCC9D
161521F2
1C6A7747
22BFCC9C
291521F1
2F6A7746
35BFCC9B
3C1521F0
426A7745
48BFCC9A
4F1521EF
556A7744
5BBFCC99
621521EE
686A7743
6EBFCC98
751521ED
7B6A7742
81BFCC97
881521EC
8E6A7741
94BFCC96
9B1521EB
A16A7740
A7BFCC95
AE1521EA
B46A773F
BABFCC94
C11521E9
C76A773E
CDBFCC93
D41521E8
DA6A773D
E0BFCC92
E71521E7
ED6A773C
F3BFCC91
FA1521E6
006A773B
06BFCC90
0D1521E5
136A773A
19BFCC8F
201521E4
266A7739
2CBFCC8E
331521E3
396A7738
3FBFCC8D
461521E2
4C6A7737
52BFCC8C
591521E1
5F6A7736
65BFCC8B
6C1521E0
726A7735
78BFCC8A
7F1521DF
856A7734
8BBFCC89
921521DE
986A7733
9EBFCC88
A51521DD
AB6A7732
B1BFCC87
B81521DC
BE6A7731
C4BFCC86
CB1521DB
D16A7730
D7BFCC85
DE1521DA
E46A772F
EABFCC84
F11521D9
F76A772E
FDBFCC83
041521D8
0A6A772D
10BFCC82
171521D7
1D6A772C
23BFCC81
2A1521D6
306A772B
36BFCC80
3D1521D5
436A772A
49BFCC7F
501521D4
566A7729
5CBFCC7E
631521D3
696A7728
6FBFCC7D
761521D2
7C6A7727
82BFCC7C
891521D1
8F6A7726
95BFCC7B
9C1521D0
A26A7725
A8BFCC7A
AF1521CF
B56A7724
BBBFCC79
C21521CE
C86A7723
CEBFCC78
D51521CD
DB6A7722
E1BFCC77
E81521CC
EE6A7721
F4BFCC76
FB1521CB
016A7720
07BFCC75
0E1521CA
146A771F
1ABFCC74
211521C9
276A771E
2DBFCC73
341521C8
3A6A771D
40BFCC72
471521C7
4D6A771C
53BFCC71
5A1521C6
606A771B
66BFCC70
6D1521C5
736A771A
79BFCC6F
801521C4
866A7719
8CBFCC6E
931521C3
996A7718
9FBFCC6D
A61521C2
AC6A7717
B2BFCC6C
B91521C1
BF6A7716
C5BFCC6B
CC1521C0
D26A7715
D8BFCC6A
DF1521BF
E56A7714
EBBFCC69
F21521BE
F86A7713
FEBFCC68
051521BD
0B6A7712
11BFCC67
181521BC
1E6A7711
24BFCC66
2B1521BB
316A7710
37BFCC65
3E1521BA
446A770F
4ABFCC64
511521B9
576A770E
5DBFCC63
641521B8
6A6A770D
70BFCC62
771521B7
7D6A770C
83BFCC61
8A1521B6
906A770B
96BFCC60
9D1521B5
A36A770A
A9BFCC5F
B01521B4
B66A7709
BCBFCC5E
C31521B3
C96A7708
CFBFCC5D
D61521B2
DC6A7707
E2BFCC5C
E91521B1
EF6A7706
F5BFCC5B
FC1521B0
026A7705
08BFCC5A
0F1521AF
156A7704
1BBFCC59
221521AE
286A7703
2EBFCC58
351521AD
3B6A7702
41BFCC57
481521AC
4E6A7701
54BFCC56
5B1521AB
616A7700
67BFCC55
6E1521AA
746A76FF
7ABFCC54
811521A9
876A76FE
8DBFCC53
941521A8
9A6A76FD
A0BFCC52
A71521A7
AD6A76FC
B3BFCC51
BA1521A6
C06A76FB
C6BFCC50
CD1521A5
D36A76FA
D9BFCC4F
E01521A4
E66A76F9
ECBFCC4E
F31521A3
F96A76F8
FFBFCC4D
061521A2
0C6A76F7
12BFCC4C
191521A1
1F6A76F6
25BFCC4B
2C1521A0
326A76F5
38BFCC4A
3F15219F
456A76F4
4BBFCC49
5215219E
586A76F3
5EBFCC48
6515219D
6B6A76F2
71BFCC47
7815219C
7E6A76F1
84BFCC46
8B15219B
916A76F0
97BFCC45
9E15219A
A46A76EF
AABFCC44
B1152199
B76A76EE
BDBFCC43
C4152198
CA6A76ED
D0BFCC42
D7152197
DD6A76EC
E3BFCC41
EA152196
F06A76EB
F6BFCC40
FD152195
036A76EA
09BFCC3F
10152194
166A76E9
1CBFCC3E
23152193
296A76E8
2FBFCC3D
36152192
3C6A76E7
42BFCC3C
49152191
4F6A76E6
55BFCC3B
5C152190
626A76E5
68BFCC3A
6F15218F
756A76E4
7BBFCC39
8215218E
886A76E3
8EBFCC38
9515218D
9B6A76E2
A1BFCC37
A815218C
AE6A76E1
B4BFCC36
BB15218B
C16A76E0
C7BFCC35
CE15218A
D46A76DF
DABFCC34
E1152189
E76A76DE
EDBFCC33
F4152188
FA6A76DD
00BFCC32
07152187
0D6A76DC
13BFCC31
1A152186
206A76DB
26BFCC30
2D152185
336A76DA
39BFCC2F
40152184
466A76D9
4CBFCC2E
53152183
596A76D8
5FBFCC2D
66152182
6C6A76D7
72BFCC2C
79152181
7F6A76D6
85BFCC2B
8C152180
926A76D5
98BFCC2A
9F15217F
A56A76D4
ABBFCC29
B215217E
B86A76D3
BEBFCC28
C515217D
CB6A76D2
D1BFCC27
D815217C
DE6A76D1
E4BFCC26
EB15217B
F16A76D0
F7BFCC25
FE15217A
046A76CF
0ABFCC24
11152179
176A76CE
1DBFCC23
24152178
2A6A76CD
30BFCC22
37152177
3D6A76CC
43BFCC21
4A152176
506A76CB
56BFCC20
5D152175
636A76CA
69BFCC1F
70152174
766A76C9
7CBFCC1E
83152173
896A76C8
8FBFCC1D
96152172
9C6A76C7
A2BFCC1C
A9152171
AF6A76C6
B5BFCC1B
BC152170
C26A76C5
C8BFCC1A
CF15216F
D56A76C4
DBBFCC19
E215216E
E86A76C3
EEBFCC18
F515216D
FB6A76C2
01BFCC17
0815216C
0E6A76C1
14BFCC16
1B15216B
216A76C0
27BFCC15
2E15216A
346A76BF
3ABFCC14
41152169
476A76BE
4DBFCC13
54152168
5A6A76BD
60BFCC12
67152167
6D6A76BC
73BFCC11
7A152166
806A76BB
86BFCC10
8D152165
936A76BA
99BFCC0F
A0152164
A66A76B9
ACBFCC0E
B3152163
B96A76B8
BFBFCC0D
C6152162
CC6A76B7
D2BFCC0C
D9152161
DF6A76B6
E5BFCC0B
EC152160
F26A76B5
F8BFCC0A
FF15215F
056A76B4
0BBFCC09
1215215E
186A76B3
1EBFCC08
2515215D
2B6A76B2
31BFCC07
3815215C
3E6A76B1
44BFCC06
4B15215B
516A76B0
57BFCC05
5E15215A
646A76AF
6ABFCC04
71152159
776A76AE
7DBFCC03
84152158
8A6A76AD
90BFCC02
97152157
9D6A76AC
A3BFCC01
AA152156
B06A76AB
B6BFCC00
BD152155
C36A76AA
C9BFCBFF
D0152154
D66A76A9
DCBFCBFE
E3152153
E96A76A8
EFBFCBFD
F6152152
FC6A76A7
02BFCBFC
09152151
0F6A76A6
15BFCBFB
1C152150
226A76A5
28BFCBFA
2F15214F
356A76A4
3BBFCBF9
4215214E
486A76A3
4EBFCBF8
5515214D
5B6A76A2
61BFCBF7
6815214C
6E6A76A1
74BFCBF6
7B15214B
816A76A0
87BFCBF5
8E15214A
946A769F
9ABFCBF4
A1152149
A76A769E
ADBFCBF3
B4152148
BA6A769D
C0BFCBF2
C7152147
CD6A769C
D3BFCBF1
DA152146
E06A769B
E6BFCBF0
ED152145
F36A769A
F9BFCBEF
00152144
066A7699
0CBFCBEE
13152143
196A7698
1FBFCBED
26152142
2C6A7697
32BFCBEC
39152141
3F6A7696
45BFCBEB
4C152140
526A7695
58BFCBEA
5F15213F
656A7694
6BBFCBE9
7215213E
786A7693
7EBFCBE8
8515213D
8B6A7692
91BFCBE7
9815213C
9E6A7691
A4BFCBE6
AB15213B
B16A7690
B7BFCBE5
BE15213A
C46A768F
CABFCBE4
D1152139
D76A768E
DDBFCBE3
E4152138
EA6A768D
F0BFCBE2
F7152137
FD6A768C
03BFCBE1
0A152136
106A768B
16BFCBE0
1D152135
236A768A
29BFCBDF
30152134
366A7689
3CBFCBDE
43152133
496A7688
4FBFCBDD
56152132
5C6A7687
62BFCBDC
69152131
6F6A7686
75BFCBDB
7C152130
826A7685
88BFCBDA
8F15212F
956A7684
9BBFCBD9
A215212E
A86A7683
AEBFCBD8
B515212D
BB6A7682
C1BFCBD7
C815212C
CE6A7681
D4BFCBD6
DB15212B
E16A7680
E7BFCBD5
EE15212A
F46A767F
FABFCBD4
01152129
076A767E
0DBFCBD3
14152128
1A6A767D
20BFCBD2
27152127
2D6A767C
33BFCBD1
3A152126
406A767B
46BFCBD0
4D152125
536A767A
59BFCBCF
60152124
666A7679
6CBFCBCE
73152123
796A7678
7FBFCBCD
86152122
8C6A7677
92BFCBCC
99152121
9F6A7676
A5BFCBCB
AC152120
B26A7675
B8BFCBCA
BF15211F
C56A7674
CBBFCBC9
D215211E
D86A7673
DEBFCBC8
E515211D
EB6A7672
F1BFCBC7
F815211C
FE6A7671
04BFCBC6
0B15211B
116A7670
17BFCBC5
1E15211A
246A766F
2ABFCBC4
31152119
376A766E
3DBFCBC3
44152118
4A6A766D
50BFCBC2
57152117
5D6A766C
63BFCBC1
6A152116
706A766B
76BFCBC0
7D152115
836A766A
89BFCBBF
90152114
966A7669
9CBFCBBE
A3152113
A96A7668
AFBFCBBD
B6152112
BC6A7667
C2BFCBBC
C9152111
CF6A7666
D5BFCBBB
DC152110
E26A7665
E8BFCBBA
EF15210F
F56A7664
FBBFCBB9
0215210E
086A7663
0EBFCBB8
1515210D
1B6A7662
21BFCBB7
2815210C
2E6A7661
34BFCBB6
3B15210B
416A7660
47BFCBB5
4E15210A
546A765F
5ABFCBB4
61152109
676A765E
6DBFCBB3
74152108
7A6A765D
80BFCBB2
87152107
8D6A765C
93BFCBB1
9A152106
A06A765B
A6BFCBB0
AD152105
B36A765A
B9BFCBAF
C0152104
C66A7659
CCBFCBAE
D3152103
D96A7658
DFBFCBAD
E6152102
EC6A7657
F2BFCBAC
F9152101
FF6A7656
05BFCBAB
0C152100
126A7655
18BFCBAA
1F1520FF
256A7654
2BBFCBA9
321520FE
386A7653
3EBFCBA8
451520FD
4B6A7652
51BFCBA7
581520FC
5E6A7651
64BFCBA6
6B1520FB
716A7650
77BFCBA5
7E1520FA
846A764F
8ABFCBA4
911520F9
976A764E
9DBFCBA3
A41520F8
AA6A764D
B0BFCBA2
B71520F7
BD6A764C
C3BFCBA1
CA1520F6
D06A764B
D6BFCBA0
DD1520F5
E36A764A
E9BFCB9F
F01520F4
F66A7649
FCBFCB9E
031520F3
096A7648
0FBFCB9D
161520F2
1C6A7647
22BFCB9C
291520F1
2F6A7646
35BFCB9B
3C1520F0
426A7645
48BFCB9A
4F1520EF
556A7644
5BBFCB99
621520EE
686A7643
6EBFCB98
751520ED
7B6A7642
81BFCB97
881520EC
8E6A7641
94BFCB96
9B1520EB
A16A7640
A7BFCB95
AE1520EA
B46A763F
BABFCB94
C11520E9
C76A763E
CDBFCB93
D41520E8
DA6A763D
E0BFCB92
E71520E7
ED6A763C
F3BFCB91
FA1520E6
006A763B
06BFCB90
0D1520E5
136A763A
19BFCB8F
201520E4
266A7639
2CBFCB8E
331520E3
396A7638
3FBFCB8D
461520E2
4C6A7637
52BFCB8C
591520E1
5F6A7636
65BFCB8B
6C1520E0
726A7635
78BFCB8A
7F1520DF
856A7634
8BBFCB89
921520DE
986A7633
9EBFCB88
A51520DD
AB6A7632
B1BFCB87
B81520DC
BE6A7631
C4BFCB86
CB1520DB
D16A7630
D7BFCB85
DE1520DA
E46A762F
EABFCB84
F11520D9
F76A762E
FDBFCB83
041520D8
0A6A762D
10BFCB82
171520D7
1D6A762C
23BFCB81
2A1520D6
306A762B
36BFCB80
3D1520D5
436A762A
49BFCB7F
501520D4
566A7629
5CBFCB7E
631520D3
696A7628
6FBFCB7D
761520D2
7C6A7627
82BFCB7C
891520D1
8F6A7626
95BFCB7B
9C1520D0
A26A7625
A8BFCB7A
AF1520CF
B56A7624
BBBFCB79
C21520CE
C86A7623
CEBFCB78
D51520CD
DB6A7622
E1BFCB77
E81520CC
EE6A7621
F4BFCB76
FB1520CB
016A7620
07BFCB75
0E1520CA
146A761F
1ABFCB74
211520C9
276A761E
2DBFCB73
341520C8
3A6A761D
40BFCB72
471520C7
4D6A761C
53BFCB71
5A1520C6
606A761B
66BFCB70
6D1520C5
736A761A
79BFCB6F
801520C4
866A7619
8CBFCB6E
931520C3
996A7618
9FBFCB6D
A61520C2
AC6A7617
B2BFCB6C
B91520C1
BF6A7616
C5BFCB6B
CC1520C0
D26A7615
D8BFCB6A
DF1520BF
E56A7614
EBBFCB69
F21520BE
F86A7613
FEBFCB68
051520BD
0B6A7612
11BFCB67
181520BC
1E6A7611
24BFCB66
2B1520BB
316A7610
37BFCB65
3E1520BA
446A760F
4ABFCB64
511520B9
576A760E
5DBFCB63
641520B8
6A6A760D
70BFCB62
771520B7
7D6A760C
83BFCB61
8A1520B6
906A760B
96BFCB60
9D1520B5
A36A760A
A9BFCB5F
B01520B4
B66A7609
BCBFCB5E
C31520B3
C96A7608
CFBFCB5D
D61520B2
DC6A7607
E2BFCB5C
E91520B1
EF6A7606
F5BFCB5B
FC1520B0
026A7605
08BFCB5A
0F1520AF
156A7604
1BBFCB59
221520AE
286A7603
2EBFCB58
351520AD
3B6A7602
41BFCB57
481520AC
4E6A7601
54BFCB56
5B1520AB
616A7600
67BFCB55
6E1520AA
746A75FF
7ABFCB54
811520A9
876A75FE
8DBFCB53
941520A8
9A6A75FD
A0BFCB52
A71520A7
AD6A75FC
B3BFCB51
BA1520A6
C06A75FB
C6BFCB50
CD1520A5
D36A75FA
D9BFCB4F
E01520A4
E66A75F9
ECBFCB4E
F31520A3
F96A75F8
FFBFCB4D
061520A2
0C6A75F7
12BFCB4C
191520A1
1F6A75F6
25BFCB4B
2C1520A0
326A75F5
38BFCB4A
3F15209F
456A75F4
4BBFCB49
5215209E
586A75F3
5EBFCB48
6515209D
6B6A75F2
71BFCB47
7815209C
7E6A75F1
84BFCB46
8B15209B
916A75F0
97BFCB45
9E15209A
A46A75EF
AABFCB44
B1152099
B76A75EE
BDBFCB43
C4152098
CA6A75ED
D0BFCB42
D7152097
DD6A75EC
E3BFCB41
EA152096
F06A75EB
F6BFCB40
FD152095
036A75EA
09BFCB3F
10152094
166A75E9
1CBFCB3E
23152093
296A75E8
2FBFCB3D
36152092
3C6A75E7
42BFCB3C
49152091
4F6A75E6
55BFCB3B
5C152090
626A75E5
68BFCB3A
6F15208F
756A75E4
7BBFCB39
8215208E
886A75E3
8EBFCB38
9515208D
9B6A75E2
A1BFCB37
A815208C
AE6A75E1
B4BFCB36
BB15208B
C16A75E0
C7BFCB35
CE15208A
D46A75DF
DABFCB34
E1152089
E76A75DE
EDBFCB33
F4152088
FA6A75DD
00BFCB32
07152087
0D6A75DC
13BFCB31
1A152086
206A75DB
26BFCB30
2D152085
336A75DA
39BFCB2F
40152084
466A75D9
4CBFCB2E
53152083
596A75D8
5FBFCB2D
66152082
6C6A75D7
72BFCB2C
79152081
7F6A75D6
85BFCB2B
8C152080
926A75D5
98BFCB2A
9F15207F
A56A75D4
ABBFCB29
B215207E
B86A75D3
BEBFCB28
C515207D
CB6A75D2
D1BFCB27
D815207C
DE6A75D1
E4BFCB26
EB15207B
F16A75D0
F7BFCB25
FE15207A
046A75CF
0ABFCB24
11152079
176A75CE
1DBFCB23
24152078
2A6A75CD
30BFCB22
37152077
3D6A75CC
43BFCB21
4A152076
506A75CB
56BFCB20
5D152075
636A75CA
69BFCB1F
70152074
766A75C9
7CBFCB1E
83152073
896A75C8
8FBFCB1D
96152072
9C6A75C7
A2BFCB1C
A9152071
AF6A75C6
B5BFCB1B
BC152070
C26A75C5
C8BFCB1A
CF15206F
D56A75C4
DBBFCB19
E215206E
E86A75C3
EEBFCB18
F515206D
FB6A75C2
01BFCB17
0815206C
0E6A75C1
14BFCB16
1B15206B
216A75C0
27BFCB15
2E15206A
346A75BF
3ABFCB14
41152069
476A75BE
4DBFCB13
54152068
5A6A75BD
60BFCB12
67152067
6D6A75BC
73BFCB11
7A152066
806A75BB
86BFCB10
8D152065
936A75BA
99BFCB0F
A0152064
A66A75B9
ACBFCB0E
B3152063
B96A75B8
BFBFCB0D
C6152062
CC6A75B7
D2BFCB0C
D9152061
DF6A75B6
E5BFCB0B
EC152060
F26A75B5
F8BFCB0A
FF15205F
056A75B4
0BBFCB09
1215205E
186A75B3
1EBFCB08
2515205D
2B6A75B2
31BFCB07
3815205C
3E6A75B1
44BFCB06
4B15205B
516A75B0
57BFCB05
5E15205A
646A75AF
6ABFCB04
71152059
776A75AE
7DBFCB03
84152058
8A6A75AD
90BFCB02
97152057
9D6A75AC
A3BFCB01
AA152056
B06A75AB
B6BFCB00
BD152055
C36A75AA
C9BFCAFF
D0152054
D66A75A9
DCBFCAFE
E3152053
E96A75A8
EFBFCAFD
F6152052
FC6A75A7
02BFCAFC
09152051
0F6A75A6
15BFCAFB
1C152050
226A75A5
28BFCAFA
2F15204F
356A75A4
3BBFCAF9
4215204E
486A75A3
4EBFCAF8
5515204D
5B6A75A2
61BFCAF7
6815204C
6E6A75A1
74BFCAF6
7B15204B
816A75A0
87BFCAF5
8E15204A
946A759F
9ABFCAF4
A1152049
A76A759E
ADBFCAF3
B4152048
BA6A759D
C0BFCAF2
C7152047
CD6A759C
D3BFCAF1
DA152046
E06A759B
E6BFCAF0
ED152045
F36A759A
F9BFCAEF
00152044
066A7599
0CBFCAEE
13152043
196A7598
1FBFCAED
26152042
2C6A7597
32BFCAEC
39152041
3F6A7596
45BFCAEB
4C152040
526A7595
58BFCAEA
5F15203F
656A7594
6BBFCAE9
7215203E
786A7593
7EBFCAE8
8515203D
8B6A7592
91BFCAE7
9815203C
9E6A7591
A4BFCAE6
AB15203B
B16A7590
B7BFCAE5
BE15203A
C46A758F
CABFCAE4
D1152039
D76A758E
DDBFCAE3
E4152038
EA6A758D
F0BFCAE2
F7152037
FD6A758C
03BFCAE1
0A152036
106A758B
16BFCAE0
1D152035
236A758A
29BFCADF
30152034
366A7589
3CBFCADE
43152033
496A7588
4FBFCADD
56152032
5C6A7587
62BFCADC
69152031
6F6A7586
75BFCADB
7C152030
826A7585
88BFCADA
8F15202F
956A7584
9BBFCAD9
A215202E
A86A7583
AEBFCAD8
B515202D
BB6A7582
C1BFCAD7
C815202C
CE6A7581
D4BFCAD6
DB15202B
E16A7580
E7BFCAD5
EE15202A
F46A757F
FABFCAD4
01152029
076A757E
0DBFCAD3
14152028
1A6A757D
20BFCAD2
27152027
2D6A757C
33BFCAD1
3A152026
406A757B
46BFCAD0
4D152025
536A757A
59BFCACF
60152024
666A7579
6CBFCACE
73152023
796A7578
7FBFCACD
86152022
8C6A7577
92BFCACC
99152021
9F6A7576
A5BFCACB
AC152020
B26A7575
B8BFCACA
BF15201F
C56A7574
CBBFCAC9
D215201E
D86A7573
DEBFCAC8
E515201D
EB6A7572
F1BFCAC7
F815201C
FE6A7571
04BFCAC6
0B15201B
116A7570
17BFCAC5
1E15201A
246A756F
2ABFCAC4
31152019
376A756E
3DBFCAC3
44152018
4A6A756D
50BFCAC2
57152017
5D6A756C
63BFCAC1
6A152016
706A756B
76BFCAC0
7D152015
836A756A
89BFCABF
90152014
966A7569
9CBFCABE
A3152013
A96A7568
AFBFCABD
B6152012
BC6A7567
C2BFCABC
C9152011
CF6A7566
D5BFCABB
DC152010
E26A7565
E8BFCABA
EF15200F
F56A7564
FBBFCAB9
0215200E
086A7563
0EBFCAB8
1515200D
1B6A7562
21BFCAB7
2815200C
2E6A7561
34BFCAB6
3B15200B
416A7560
47BFCAB5
4E15200A
546A755F
5ABFCAB4
61152009
676A755E
6DBFCAB3
74152008
7A6A755D
80BFCAB2
87152007
8D6A755C
93BFCAB1
9A152006
A06A755B
A6BFCAB0
AD152005
B36A755A
B9BFCAAF
C0152004
C66A7559
CCBFCAAE
D3152003
D96A7558
DFBFCAAD
E6152002
EC6A7557
F2BFCAAC
F9152001
FF6A7556
05BFCAAB
0C152000
126A7555
18BFCAAA
1F151FFF
256A7554
2BBFCAA9
32151FFE
386A7553
3EBFCAA8
45151FFD
4B6A7552
51BFCAA7
58151FFC
5E6A7551
64BFCAA6
6B151FFB
716A7550
77BFCAA5
7E151FFA
846A754F
8ABFCAA4
91151FF9
976A754E
9DBFCAA3
A4151FF8
AA6A754D
B0BFCAA2
B7151FF7
BD6A754C
C3BFCAA1
CA151FF6
D06A754B
D6BFCAA0
DD151FF5
E36A754A
E9BFCA9F
F0151FF4
F66A7549
FCBFCA9E
03151FF3
096A7548
0FBFCA9D
16151FF2
1C6A7547
22BFCA9C
29151FF1
2F6A7546
35BFCA9B
3C151FF0
426A7545
48BFCA9A
4F151FEF
556A7544
5BBFCA99
62151FEE
686A7543
6EBFCA98
75151FED
7B6A7542
81BFCA97
88151FEC
8E6A7541
94BFCA96
9B151FEB
A16A7540
A7BFCA95
AE151FEA
B46A753F
BABFCA94
C1151FE9
C76A753E
CDBFCA93
D4151FE8
DA6A753D
E0BFCA92
E7151FE7
ED6A753C
F3BFCA91
FA151FE6
006A753B
06BFCA90
0D151FE5
136A753A
19BFCA8F
20151FE4
266A7539
2CBFCA8E
33151FE3
396A7538
3FBFCA8D
46151FE2
4C6A7537
52BFCA8C
59151FE1
5F6A7536
65BFCA8B
6C151FE0
726A7535
78BFCA8A
7F151FDF
856A7534
8BBFCA89
92151FDE
986A7533
9EBFCA88
A5151FDD
AB6A7532
B1BFCA87
B8151FDC
BE6A7531
C4BFCA86
CB151FDB
D16A7530
D7BFCA85
DE151FDA
E46A752F
EABFCA84
F1151FD9
F76A752E
FDBFCA83
04151FD8
0A6A752D
10BFCA82
17151FD7
1D6A752C
23BFCA81
2A151FD6
306A752B
36BFCA80
3D151FD5
436A752A
49BFCA7F
50151FD4
566A7529
5CBFCA7E
63151FD3
696A7528
6FBFCA7D
76151FD2
7C6A7527
82BFCA7C
89151FD1
8F6A7526
95BFCA7B
9C151FD0
A26A7525
A8BFCA7A
AF151FCF
B56A7524
BBBFCA79
C2151FCE
C86A7523
CEBFCA78
D5151FCD
DB6A7522
E1BFCA77
E8151FCC
EE6A7521
F4BFCA76
FB151FCB
016A7520
07BFCA75
0E151FCA
146A751F
1ABFCA74
21151FC9
276A751E
2DBFCA73
34151FC8
3A6A751D
40BFCA72
47151FC7
4D6A751C
53BFCA71
5A151FC6
606A751B
66BFCA70
6D151FC5
736A751A
79BFCA6F
80151FC4
866A7519
8CBFCA6E
93151FC3
996A7518
9FBFCA6D
A6151FC2
AC6A7517
B2BFCA6C
B9151FC1
BF6A7516
C5BFCA6B
CC151FC0
D26A7515
D8BFCA6A
DF151FBF
E56A7514
EBBFCA69
F2151FBE
F86A7513
FEBFCA68
05151FBD
0B6A7512
11BFCA67
18151FBC
1E6A7511
24BFCA66
2B151FBB
316A7510
37BFCA65
3E151FBA
446A750F
4ABFCA64
51151FB9
576A750E
5DBFCA63
64151FB8
6A6A750D
70BFCA62
77151FB7
7D6A750C
83BFCA61
8A151FB6
906A750B
96BFCA60
9D151FB5
A36A750A
A9BFCA5F
B0151FB4
B66A7509
BCBFCA5E
C3151FB3
C96A7508
CFBFCA5D
D6151FB2
DC6A7507
E2BFCA5C
E9151FB1
EF6A7506
F5BFCA5B
FC151FB0
026A7505
08BFCA5A
0F151FAF
156A7504
1BBFCA59
22151FAE
286A7503
2EBFCA58
35151FAD
3B6A7502
41BFCA57
48151FAC
4E6A7501
54BFCA56
5B151FAB
616A7500
67BFCA55
6E151FAA
746A74FF
7ABFCA54
81151FA9
876A74FE
8DBFCA53
94151FA8
9A6A74FD
A0BFCA52
A7151FA7
AD6A74FC
B3BFCA51
BA151FA6
C06A74FB
C6BFCA50
CD151FA5
D36A74FA
D9BFCA4F
E0151FA4
E66A74F9
ECBFCA4E
F3151FA3
F96A74F8
FFBFCA4D
06151FA2
0C6A74F7
12BFCA4C
19151FA1
1F6A74F6
25BFCA4B
2C151FA0
326A74F5
38BFCA4A
3F151F9F
456A74F4
4BBFCA49
52151F9E
586A74F3
5EBFCA48
65151F9D
6B6A74F2
71BFCA47
78151F9C
7E6A74F1
84BFCA46
8B151F9B
916A74F0
97BFCA45
9E151F9A
A46A74EF
AABFCA44
B1151F99
B76A74EE
BDBFCA43
C4151F98
CA6A74ED
D0BFCA42
D7151F97
DD6A74EC
E3BFCA41
EA151F96
F06A74EB
F6BFCA40
FD151F95
036A74EA
09BFCA3F
10151F94
166A74E9
1CBFCA3E
23151F93
296A74E8
2FBFCA3D
36151F92
3C6A74E7
42BFCA3C
49151F91
4F6A74E6
55BFCA3B
5C151F90
626A74E5
68BFCA3A
6F151F8F
756A74E4
7BBFCA39
82151F8E
886A74E3
8EBFCA38
95151F8D
9B6A74E2
A1BFCA37
A8151F8C
AE6A74E1
B4BFCA36
BB151F8B
C16A74E0
C7BFCA35
CE151F8A
D46A74DF
DABFCA34
E1151F89
E76A74DE
EDBFCA33
F4151F88
FA6A74DD
00BFCA32
07151F87
0D6A74DC
13BFCA31
1A151F86
206A74DB
26BFCA30
2D151F85
336A74DA
39BFCA2F
40151F84
466A74D9
4CBFCA2E
53151F83
596A74D8
5FBFCA2D
66151F82
6C6A74D7
72BFCA2C
79151F81
7F6A74D6
85BFCA2B
8C151F80
926A74D5
98BFCA2A
9F151F7F
A56A74D4
ABBFCA29
B2151F7E
B86A74D3
BEBFCA28
C5151F7D
CB6A74D2
D1BFCA27
D8151F7C
DE6A74D1
E4BFCA26
EB151F7B
F16A74D0
F7BFCA25
FE151F7A
046A74CF
0ABFCA24
11151F79
176A74CE
1DBFCA23
24151F78
2A6A74CD
30BFCA22
37151F77
3D6A74CC
43BFCA21
4A151F76
506A74CB
56BFCA20
5D151F75
636A74CA
69BFCA1F
70151F74
766A74C9
7CBFCA1E
83151F73
896A74C8
8FBFCA1D
96151F72
9C6A74C7
A2BFCA1C
A9151F71
AF6A74C6
B5BFCA1B
BC151F70
C26A74C5
C8BFCA1A
CF151F6F
D56A74C4
DBBFCA19
E2151F6E
E86A74C3
EEBFCA18
F5151F6D
FB6A74C2
01BFCA17
08151F6C
0E6A74C1
14BFCA16
1B151F6B
216A74C0
27BFCA15
2E151F6A
346A74BF
3ABFCA14
41151F69
476A74BE
4DBFCA13
54151F68
5A6A74BD
60BFCA12
67151F67
6D6A74BC
73BFCA11
7A151F66
806A74BB
86BFCA10
8D151F65
936A74BA
99BFCA0F
A0151F64
A66A74B9
ACBFCA0E
B3151F63
B96A74B8
BFBFCA0D
C6151F62
CC6A74B7
D2BFCA0C
D9151F61
DF6A74B6
E5BFCA0B
EC151F60
F26A74B5
F8BFCA0A
FF151F5F
056A74B4
0BBFCA09
12151F5E
186A74B3
1EBFCA08
25151F5D
2B6A74B2
31BFCA07
38151F5C
3E6A74B1
44BFCA06
4B151F5B
516A74B0
57BFCA05
5E151F5A
646A74AF
6ABFCA04
71151F59
776A74AE
7DBFCA03
84151F58
8A6A74AD
90BFCA02
97151F57
9D6A74AC
A3BFCA01
AA151F56
B06A74AB
B6BFCA00
BD151F55
C36A74AA
C9BFC9FF
D0151F54
D66A74A9
DCBFC9FE
E3151F53
E96A74A8
EFBFC9FD
F6151F52
FC6A74A7
02BFC9FC
09151F51
0F6A74A6
15BFC9FB
1C151F50
226A74A5
28BFC9FA
2F151F4F
356A74A4
3BBFC9F9
42151F4E
486A74A3
4EBFC9F8
55151F4D
5B6A74A2
61BFC9F7
68151F4C
6E6A74A1
74BFC9F6
7B151F4B
816A74A0
87BFC9F5
8E151F4A
946A749F
9ABFC9F4
A1151F49
A76A749E
ADBFC9F3
B4151F48
BA6A749D
C0BFC9F2
C7151F47
CD6A749C
D3BFC9F1
DA151F46
E06A749B
E6BFC9F0
ED151F45
F36A749A
F9BFC9EF
00151F44
066A7499
0CBFC9EE
13151F43
196A7498
1FBFC9ED
26151F42
2C6A7497
32BFC9EC
39151F41
3F6A7496
45BFC9EB
4C151F40
526A7495
58BFC9EA
5F151F3F
656A7494
6BBFC9E9
72151F3E
786A7493
7EBFC9E8
85151F3D
8B6A7492
91BFC9E7
98151F3C
9E6A7491
A4BFC9E6
AB151F3B
B16A7490
B7BFC9E5
BE151F3A
C46A748F
CABFC9E4
D1151F39
D76A748E
DDBFC9E3
E4151F38
EA6A748D
F0BFC9E2
F7151F37
FD6A748C
03BFC9E1
0A151F36
106A748B
16BFC9E0
1D151F35
236A748A
29BFC9DF
30151F34
366A7489
3CBFC9DE
43151F33
496A7488
4FBFC9DD
56151F32
5C6A7487
62BFC9DC
69151F31
6F6A7486
75BFC9DB
7C151F30
826A7485
88BFC9DA
8F151F2F
956A7484
9BBFC9D9
A2151F2E
A86A7483
AEBFC9D8
B5151F2D
BB6A7482
C1BFC9D7
C8151F2C
CE6A7481
D4BFC9D6
DB151F2B
E16A7480
E7BFC9D5
EE151F2A
F46A747F
FABFC9D4
01151F29
076A747E
0DBFC9D3
14151F28
1A6A747D
20BFC9D2
27151F27
2D6A747C
33BFC9D1
3A151F26
406A747B
46BFC9D0
4D151F25
536A747A
59BFC9CF
60151F24
666A7479
6CBFC9CE
73151F23
796A7478
7FBFC9CD
86151F22
8C6A7477
92BFC9CC
99151F21
9F6A7476
A5BFC9CB
AC151F20
B26A7475
B8BFC9CA
BF151F1F
C56A7474
CBBFC9C9
D2151F1E
D86A7473
DEBFC9C8
E5151F1D
EB6A7472
F1BFC9C7
F8151F1C
FE6A7471
04BFC9C6
0B151F1B
116A7470
17BFC9C5
1E151F1A
246A746F
2ABFC9C4
31151F19
376A746E
3DBFC9C3
44151F18
4A6A746D
50BFC9C2
57151F17
5D6A746C
63BFC9C1
6A151F16
706A746B
76BFC9C0
7D151F15
836A746A
89BFC9BF
90151F14
966A7469
9CBFC9BE
A3151F13
A96A7468
AFBFC9BD
B6151F12
BC6A7467
C2BFC9BC
C9151F11
CF6A7466
D5BFC9BB
DC151F10
E26A7465
E8BFC9BA
EF151F0F
F56A7464
FBBFC9B9
02151F0E
086A7463
0EBFC9B8
15151F0D
1B6A7462
21BFC9B7
28151F0C
2E6A7461
34BFC9B6
3B151F0B
416A7460
47BFC9B5
4E151F0A
546A745F
5ABFC9B4
61151F09
676A745E
6DBFC9B3
74151F08
7A6A745D
80BFC9B2
87151F07
8D6A745C
93BFC9B1
9A151F06
A06A745B
A6BFC9B0
AD151F05
B36A745A
B9BFC9AF
C0151F04
C66A7459
CCBFC9AE
D3151F03
D96A7458
DFBFC9AD
E6151F02
EC6A7457
F2BFC9AC
F9151F01
FF6A7456
05BFC9AB
0C151F00
126A7455
18BFC9AA
1F151EFF
256A7454
2BBFC9A9
32151EFE
386A7453
3EBFC9A8
45151EFD
4B6A7452
51BFC9A7
58151EFC
5E6A7451
64BFC9A6
6B151EFB
716A7450
77BFC9A5
7E151EFA
846A744F
8ABFC9A4
91151EF9
976A744E
9DBFC9A3
A4151EF8
AA6A744D
B0BFC9A2
B7151EF7
BD6A744C
C3BFC9A1
CA151EF6
D06A744B
D6BFC9A0
DD151EF5
E36A744A
E9BFC99F
F0151EF4
F66A7449
FCBFC99E
03151EF3
096A7448
0FBFC99D
16151EF2
1C6A7447
22BFC99C
29151EF1
2F6A7446
35BFC99B
3C151EF0
426A7445
48BFC99A
4F151EEF
556A7444
5BBFC999
62151EEE
686A7443
6EBFC998
75151EED
7B6A7442
81BFC997
88151EEC
8E6A7441
94BFC996
9B151EEB
A16A7440
A7BFC995
AE151EEA
B46A743F
BABFC994
C1151EE9
C76A743E
CDBFC993
D4151EE8
DA6A743D
E0BFC992
E7151EE7
ED6A743C
F3BFC991
FA151EE6
006A743B
06BFC990
0D151EE5
136A743A
19BFC98F
20151EE4
266A7439
2CBFC98E
33151EE3
396A7438
3FBFC98D
46151EE2
4C6A7437
52BFC98C
59151EE1
5F6A7436
65BFC98B
6C151EE0
726A7435
78BFC98A
7F151EDF
856A7434
8BBFC989
92151EDE
986A7433
9EBFC988
A5151EDD
AB6A7432
B1BFC987
B8151EDC
BE6A7431
C4BFC986
CB151EDB
D16A7430
D7BFC985
DE151EDA
E46A742F
EABFC984
F1151ED9
F76A742E
FDBFC983
04151ED8
0A6A742D
10BFC982
17151ED7
1D6A742C
23BFC981
2A151ED6
306A742B
36BFC980
3D151ED5
436A742A
49BFC97F
50151ED4
566A7429
5CBFC97E
63151ED3
696A7428
6FBFC97D
76151ED2
7C6A7427
82BFC97C
89151ED1
8F6A7426
95BFC97B
9C151ED0
A26A7425
A8BFC97A
AF151ECF
B56A7424
BBBFC979
C2151ECE
C86A7423
CEBFC978
D5151ECD
DB6A7422
E1BFC977
E8151ECC
EE6A7421
F4BFC976
FB151ECB
016A7420
07BFC975
0E151ECA
146A741F
1ABFC974
21151EC9
276A741E
2DBFC973
34151EC8
3A6A741D
40BFC972
47151EC7
4D6A741C
53BFC971
5A151EC6
606A741B
66BFC970
6D151EC5
736A741A
79BFC96F
80151EC4
866A7419
8CBFC96E
93151EC3
996A7418
9FBFC96D
A6151EC2
AC6A7417
B2BFC96C
B9151EC1
BF6A7416
C5BFC96B
CC151EC0
D26A7415
D8BFC96A
DF151EBF
E56A7414
EBBFC969
F2151EBE
F86A7413
FEBFC968
05151EBD
0B6A7412
11BFC967
18151EBC
1E6A7411
24BFC966
2B151EBB
316A7410
37BFC965
3E151EBA
446A740F
4ABFC964
51151EB9
576A740E
5DBFC963
64151EB8
6A6A740D
70BFC962
77151EB7
7D6A740C
83BFC961
8A151EB6
906A740B
96BFC960
9D151EB5
A36A740A
A9BFC95F
B0151EB4
B66A7409
BCBFC95E
C3151EB3
C96A7408
CFBFC95D
D6151EB2
DC6A7407
E2BFC95C
E9151EB1
EF6A7406
F5BFC95B
FC151EB0
026A7405
08BFC95A
0F151EAF
156A7404
1BBFC959
22151EAE
286A7403
2EBFC958
35151EAD
3B6A7402
41BFC957
48151EAC
4E6A7401
54BFC956
5B151EAB
616A7400
67BFC955
6E151EAA
746A73FF
7ABFC954
81151EA9
876A73FE
8DBFC953
94151EA8
9A6A73FD
A0BFC952
A7151EA7
AD6A73FC
B3BFC951
BA151EA6
C06A73FB
C6BFC950
CD151EA5
D36A73FA
D9BFC94F
E0151EA4
E66A73F9
ECBFC94E
F3151EA3
F96A73F8
FFBFC94D
06151EA2
0C6A73F7
12BFC94C
19151EA1
1F6A73F6
25BFC94B
2C151EA0
326A73F5
38BFC94A
3F151E9F
456A73F4
4BBFC949
52151E9E
586A73F3
5EBFC948
65151E9D
6B6A73F2
71BFC947
78151E9C
7E6A73F1
84BFC946
8B151E9B
916A73F0
97BFC945
9E151E9A
A46A73EF
AABFC944
B1151E99
B76A73EE
BDBFC943
C4151E98
CA6A73ED
D0BFC942
D7151E97
DD6A73EC
E3BFC941
EA151E96
F06A73EB
F6BFC940
FD151E95
036A73EA
09BFC93F
10151E94
166A73E9
1CBFC93E
23151E93
296A73E8
2FBFC93D
36151E92
3C6A73E7
42BFC93C
49151E91
4F6A73E6
55BFC93B
5C151E90
626A73E5
68BFC93A
6F151E8F
756A73E4
7BBFC939
82151E8E
886A73E3
8EBFC938
95151E8D
9B6A73E2
A1BFC937
A8151E8C
AE6A73E1
B4BFC936
BB151E8B
C16A73E0
C7BFC935
CE151E8A
D46A73DF
DABFC934
E1151E89
E76A73DE
EDBFC933
F4151E88
FA6A73DD
00BFC932
07151E87
0D6A73DC
13BFC931
1A151E86
206A73DB
26BFC930
2D151E85
336A73DA
39BFC92F
40151E84
466A73D9
4CBFC92E
53151E83
596A73D8
5FBFC92D
66151E82
6C6A73D7
72BFC92C
79151E81
7F6A73D6
85BFC92B
8C151E80
926A73D5
98BFC92A
9F151E7F
A56A73D4
ABBFC929
B2151E7E
B86A73D3
BEBFC928
C5151E7D
CB6A73D2
D1BFC927
D8151E7C
DE6A73D1
E4BFC926
EB151E7B
F16A73D0
F7BFC925
FE151E7A
046A73CF
0ABFC924
11151E79
176A73CE
1DBFC923
24151E78
2A6A73CD
30BFC922
37151E77
3D6A73CC
43BFC921
4A151E76
506A73CB
56BFC920
5D151E75
636A73CA
69BFC91F
70151E74
766A73C9
7CBFC91E
83151E73
896A73C8
8FBFC91D
96151E72
9C6A73C7
A2BFC91C
A9151E71
AF6A73C6
B5BFC91B
BC151E70
C26A73C5
C8BFC91A
CF151E6F
D56A73C4
DBBFC919
E2151E6E
E86A73C3
EEBFC918
F5151E6D
FB6A73C2
01BFC917
08151E6C
0E6A73C1
14BFC916
1B151E6B
216A73C0
27BFC915
2E151E6A
346A73BF
3ABFC914
41151E69
476A73BE
4DBFC913
54151E68
5A6A73BD
60BFC912
67151E67
6D6A73BC
73BFC911
7A151E66
806A73BB
86BFC910
8D151E65
936A73BA
99BFC90F
A0151E64
A66A73B9
ACBFC90E
B3151E63
B96A73B8
BFBFC90D
C6151E62
CC6A73B7
D2BFC90C
D9151E61
DF6A73B6
E5BFC90B
EC151E60
F26A73B5
F8BFC90A
FF151E5F
056A73B4
0BBFC909
12151E5E
186A73B3
1EBFC908
25151E5D
2B6A73B2
31BFC907
38151E5C
3E6A73B1
44BFC906
4B151E5B
516A73B0
57BFC905
5E151E5A
646A73AF
6ABFC904
71151E59
776A73AE
7DBFC903
84151E58
8A6A73AD
90BFC902
97151E57
9D6A73AC
A3BFC901
AA151E56
B06A73AB
B6BFC900
BD151E55
C36A73AA
C9BFC8FF
D0151E54
D66A73A9
DCBFC8FE
E3151E53
E96A73A8
EFBFC8FD
F6151E52
FC6A73A7
02BFC8FC
09151E51
0F6A73A6
15BFC8FB
1C151E50
226A73A5
28BFC8FA
2F151E4F
356A73A4
3BBFC8F9
42151E4E
486A73A3
4EBFC8F8
55151E4D
5B6A73A2
61BFC8F7
68151E4C
6E6A73A1
74BFC8F6
7B151E4B
816A73A0
87BFC8F5
8E151E4A
946A739F
9ABFC8F4
A1151E49
A76A739E
ADBFC8F3
B4151E48
BA6A739D
C0BFC8F2
C7151E47
CD6A739C
D3BFC8F1
DA151E46
E06A739B
E6BFC8F0
ED151E45
F36A739A
F9BFC8EF
00151E44
066A7399
0CBFC8EE
13151E43
196A7398
1FBFC8ED
26151E42
2C6A7397
32BFC8EC
39151E41
3F6A7396
45BFC8EB
4C151E40
526A7395
58BFC8EA
5F151E3F
656A7394
6BBFC8E9
72151E3E
786A7393
7EBFC8E8
85151E3D
8B6A7392
91BFC8E7
98151E3C
9E6A7391
A4BFC8E6
AB151E3B
B16A7390
B7BFC8E5
BE151E3A
C46A738F
CABFC8E4
D1151E39
D76A738E
DDBFC8E3
E4151E38
EA6A738D
F0BFC8E2
F7151E37
FD6A738C
03BFC8E1
0A151E36
106A738B
16BFC8E0
1D151E35
236A738A
29BFC8DF
30151E34
366A7389
3CBFC8DE
43151E33
496A7388
4FBFC8DD
56151E32
5C6A7387
62BFC8DC
69151E31
6F6A7386
75BFC8DB
7C151E30
826A7385
88BFC8DA
8F151E2F
956A7384
9BBFC8D9
A2151E2E
A86A7383
AEBFC8D8
B5151E2D
BB6A7382
C1BFC8D7
C8151E2C
CE6A7381
D4BFC8D6
DB151E2B
E16A7380
E7BFC8D5
EE151E2A
F46A737F
FABFC8D4
01151E29
076A737E
0DBFC8D3
14151E28
1A6A737D
20BFC8D2
27151E27
2D6A737C
33BFC8D1
3A151E26
406A737B
46BFC8D0
4D151E25
536A737A
59BFC8CF
60151E24
666A7379
6CBFC8CE
73151E23
796A7378
7FBFC8CD
86151E22
8C6A7377
92BFC8CC
99151E21
9F6A7376
A5BFC8CB
AC151E20
B26A7375
B8BFC8CA
BF151E1F
C56A7374
CBBFC8C9
D2151E1E
D86A7373
DEBFC8C8
E5151E1D
EB6A7372
F1BFC8C7
F8151E1C
FE6A7371
04BFC8C6
0B151E1B
116A7370
17BFC8C5
1E151E1A
246A736F
2ABFC8C4
31151E19
376A736E
3DBFC8C3
44151E18
4A6A736D
50BFC8C2
57151E17
5D6A736C
63BFC8C1
6A151E16
706A736B
76BFC8C0
7D151E15
836A736A
89BFC8BF
90151E14
966A7369
9CBFC8BE
A3151E13
A96A7368
AFBFC8BD
B6151E12
BC6A7367
C2BFC8BC
C9151E11
CF6A7366
D5BFC8BB
DC151E10
E26A7365
E8BFC8BA
EF151E0F
F56A7364
FBBFC8B9
02151E0E
086A7363
0EBFC8B8
15151E0D
1B6A7362
21BFC8B7
28151E0C
2E6A7361
34BFC8B6
3B151E0B
416A7360
47BFC8B5
4E151E0A
546A735F
5ABFC8B4
61151E09
676A735E
6DBFC8B3
74151E08
7A6A735D
80BFC8B2
87151E07
8D6A735C
93BFC8B1
9A151E06
A06A735B
A6BFC8B0
AD151E05
B36A735A
B9BFC8AF
C0151E04
C66A7359
CCBFC8AE
D3151E03
D96A7358
DFBFC8AD
E6151E02
EC6A7357
F2BFC8AC
F9151E01
FF6A7356
05BFC8AB
0C151E00
126A7355
18BFC8AA
1F151DFF
256A7354
2BBFC8A9
32151DFE
386A7353
3EBFC8A8
45151DFD
4B6A7352
51BFC8A7
58151DFC
5E6A7351
64BFC8A6
6B151DFB
716A7350
77BFC8A5
7E151DFA
846A734F
8ABFC8A4
91151DF9
976A734E
9DBFC8A3
A4151DF8
AA6A734D
B0BFC8A2
B7151DF7
BD6A734C
C3BFC8A1
CA151DF6
D06A734B
D6BFC8A0
DD151DF5
E36A734A
E9BFC89F
F0151DF4
F66A7349
FCBFC89E
03151DF3
096A7348
0FBFC89D
16151DF2
1C6A7347
22BFC89C
29151DF1
2F6A7346
35BFC89B
3C151DF0
426A7345
48BFC89A
4F151DEF
556A7344
5BBFC899
62151DEE
686A7343
6EBFC898
75151DED
7B6A7342
81BFC897
88151DEC
8E6A7341
94BFC896
9B151DEB
A16A7340
A7BFC895
AE151DEA
B46A733F
BABFC894
C1151DE9
C76A733E
CDBFC893
D4151DE8
DA6A733D
E0BFC892
E7151DE7
ED6A733C
F3BFC891
FA151DE6
006A733B
06BFC890
0D151DE5
136A733A
19BFC88F
20151DE4
266A7339
2CBFC88E
33151DE3
396A7338
3FBFC88D
46151DE2
4C6A7337
52BFC88C
59151DE1
5F6A7336
65BFC88B
6C151DE0
726A7335
78BFC88A
7F151DDF
856A7334
8BBFC889
92151DDE
986A7333
9EBFC888
A5151DDD
AB6A7332
B1BFC887
B8151DDC
BE6A7331
C4BFC886
CB151DDB
D16A7330
D7BFC885
DE151DDA
E46A732F
EABFC884
F1151DD9
F76A732E
FDBFC883
04151DD8
0A6A732D
10BFC882
17151DD7
1D6A732C
23BFC881
2A151DD6
306A732B
36BFC880
3D151DD5
436A732A
49BFC87F
50151DD4
566A7329
5CBFC87E
63151DD3
696A7328
6FBFC87D
76151DD2
7C6A7327
82BFC87C
89151DD1
8F6A7326
95BFC87B
9C151DD0
A26A7325
A8BFC87A
AF151DCF
B56A7324
BBBFC879
C2151DCE
C86A7323
CEBFC878
D5151DCD
DB6A7322
E1BFC877
E8151DCC
EE6A7321
F4BFC876
FB151DCB
016A7320
07BFC875
0E151DCA
146A731F
1ABFC874
21151DC9
276A731E
2DBFC873
34151DC8
3A6A731D
40BFC872
47151DC7
4D6A731C
53BFC871
5A151DC6
606A731B
66BFC870
6D151DC5
736A731A
79BFC86F
80151DC4
866A7319
8CBFC86E
93151DC3
996A7318
9FBFC86D
A6151DC2
AC6A7317
B2BFC86C
B9151DC1
BF6A7316
C5BFC86B
CC151DC0
D26A7315
D8BFC86A
DF151DBF
E56A7314
EBBFC869
F2151DBE
F86A7313
FEBFC868
05151DBD
0B6A7312
11BFC867
18151DBC
1E6A7311
24BFC866
2B151DBB
316A7310
37BFC865
3E151DBA
446A730F
4ABFC864
51151DB9
576A730E
5DBFC863
64151DB8
6A6A730D
70BFC862
77151DB7
7D6A730C
83BFC861
8A151DB6
906A730B
96BFC860
9D151DB5
A36A730A
A9BFC85F
B0151DB4
B66A7309
BCBFC85E
C3151DB3
C96A7308
CFBFC85D
D6151DB2
DC6A7307
E2BFC85C
E9151DB1
EF6A7306
F5BFC85B
FC151DB0
026A7305
08BFC85A
0F151DAF
156A7304
1BBFC859
22151DAE
286A7303
2EBFC858
35151DAD
3B6A7302
41BFC857
48151DAC
4E6A7301
54BFC856
5B151DAB
616A7300
67BFC855
6E151DAA
746A72FF
7ABFC854
81151DA9
876A72FE
8DBFC853
94151DA8
9A6A72FD
A0BFC852
A7151DA7
AD6A72FC
B3BFC851
BA151DA6
C06A72FB
C6BFC850
CD151DA5
D36A72FA
D9BFC84F
E0151DA4
E66A72F9
ECBFC84E
F3151DA3
F96A72F8
FFBFC84D
06151DA2
0C6A72F7
12BFC84C
19151DA1
1F6A72F6
25BFC84B
2C151DA0
326A72F5
38BFC84A
3F151D9F
456A72F4
4BBFC849
52151D9E
586A72F3
5EBFC848
65151D9D
6B6A72F2
71BFC847
78151D9C
7E6A72F1
84BFC846
8B151D9B
916A72F0
97BFC845
9E151D9A
A46A72EF
AABFC844
B1151D99
B76A72EE
BDBFC843
C4151D98
CA6A72ED
D0BFC842
D7151D97
DD6A72EC
E3BFC841
EA151D96
F06A72EB
F6BFC840
FD151D95
036A72EA
09BFC83F
10151D94
166A72E9
1CBFC83E
23151D93
296A72E8
2FBFC83D
36151D92
3C6A72E7
42BFC83C
49151D91
4F6A72E6
55BFC83B
5C151D90
626A72E5
68BFC83A
6F151D8F
756A72E4
7BBFC839
82151D8E
886A72E3
8EBFC838
95151D8D
9B6A72E2
A1BFC837
A8151D8C
AE6A72E1
B4BFC836
BB151D8B
C16A72E0
C7BFC835
CE151D8A
D46A72DF
DABFC834
E1151D89
E76A72DE
EDBFC833
F4151D88
FA6A72DD
00BFC832
07151D87
0D6A72DC
13BFC831
1A151D86
206A72DB
26BFC830
2D151D85
336A72DA
39BFC82F
40151D84
466A72D9
4CBFC82E
53151D83
596A72D8
5FBFC82D
66151D82
6C6A72D7
72BFC82C
79151D81
7F6A72D6
85BFC82B
8C151D80
926A72D5
98BFC82A
9F151D7F
A56A72D4
ABBFC829
B2151D7E
B86A72D3
BEBFC828
C5151D7D
CB6A72D2
D1BFC827
D8151D7C
DE6A72D1
E4BFC826
EB151D7B
F16A72D0
F7BFC825
FE151D7A
046A72CF
0ABFC824
11151D79
176A72CE
1DBFC823
24151D78
2A6A72CD
30BFC822
37151D77
3D6A72CC
43BFC821
4A151D76
506A72CB
56BFC820
5D151D75
636A72CA
69BFC81F
70151D74
766A72C9
7CBFC81E
83151D73
896A72C8
8FBFC81D
96151D72
9C6A72C7
A2BFC81C
A9151D71
AF6A72C6
B5BFC81B
BC151D70
C26A72C5
C8BFC81A
CF151D6F
D56A72C4
DBBFC819
E2151D6E
E86A72C3
EEBFC818
F5151D6D
FB6A72C2
01BFC817
08151D6C
0E6A72C1
14BFC816
1B151D6B
216A72C0
27BFC815
2E151D6A
346A72BF
3ABFC814
41151D69
476A72BE
4DBFC813
54151D68
5A6A72BD
60BFC812
67151D67
6D6A72BC
73BFC811
7A151D66
806A72BB
86BFC810
8D151D65
936A72BA
99BFC80F
A0151D64
A66A72B9
ACBFC80E
B3151D63
B96A72B8
BFBFC80D
C6151D62
CC6A72B7
D2BFC80C
D9151D61
DF6A72B6
E5BFC80B
EC151D60
F26A72B5
F8BFC80A
FF151D5F
056A72B4
0BBFC809
12151D5E
186A72B3
1EBFC808
25151D5D
2B6A72B2
31BFC807
38151D5C
3E6A72B1
44BFC806
4B151D5B
516A72B0
57BFC805
5E151D5A
646A72AF
6ABFC804
71151D59
776A72AE
7DBFC803
84151D58
8A6A72AD
90BFC802
97151D57
9D6A72AC
A3BFC801
AA151D56
B06A72AB
B6BFC800
BD151D55
C36A72AA
C9BFC7FF
D0151D54
D66A72A9
DCBFC7FE
E3151D53
E96A72A8
EFBFC7FD
F6151D52
FC6A72A7
02BFC7FC
09151D51
0F6A72A6
15BFC7FB
1C151D50
226A72A5
28BFC7FA
2F151D4F
356A72A4
3BBFC7F9
42151D4E
486A72A3
4EBFC7F8
55151D4D
5B6A72A2
61BFC7F7
68151D4C
6E6A72A1
74BFC7F6
7B151D4B
816A72A0
87BFC7F5
8E151D4A
946A729F
9ABFC7F4
A1151D49
A76A729E
ADBFC7F3
B4151D48
BA6A729D
C0BFC7F2
C7151D47
CD6A729C
D3BFC7F1
DA151D46
E06A729B
E6BFC7F0
ED151D45
F36A729A
F9BFC7EF
00151D44
066A7299
0CBFC7EE
13151D43
196A7298
1FBFC7ED
26151D42
2C6A7297
32BFC7EC
39151D41
3F6A7296
45BFC7EB
4C151D40
526A7295
58BFC7EA
5F151D3F
656A7294
6BBFC7E9
72151D3E
786A7293
7EBFC7E8
85151D3D
8B6A7292
91BFC7E7
98151D3C
9E6A7291
A4BFC7E6
AB151D3B
B16A7290
B7BFC7E5
BE151D3A
C46A728F
CABFC7E4
D1151D39
D76A728E
DDBFC7E3
E4151D38
EA6A728D
F0BFC7E2
F7151D37
FD6A728C
03BFC7E1
0A151D36
106A728B
16BFC7E0
1D151D35
236A728A
29BFC7DF
30151D34
366A7289
3CBFC7DE
43151D33
496A7288
4FBFC7DD
56151D32
5C6A7287
62BFC7DC
69151D31
6F6A7286
75BFC7DB
7C151D30
826A7285
88BFC7DA
8F151D2F
956A7284
9BBFC7D9
A2151D2E
A86A7283
AEBFC7D8
B5151D2D
BB6A7282
C1BFC7D7
C8151D2C
CE6A7281
D4BFC7D6
DB151D2B
E16A7280
E7BFC7D5
EE151D2A
F46A727F
FABFC7D4
01151D29
076A727E
0DBFC7D3
14151D28
1A6A727D
20BFC7D2
27151D27
2D6A727C
33BFC7D1
3A151D26
406A727B
46BFC7D0
4D151D25
536A727A
59BFC7CF
60151D24
666A7279
6CBFC7CE
73151D23
796A7278
7FBFC7CD
86151D22
8C6A7277
92BFC7CC
99151D21
9F6A7276
A5BFC7CB
AC151D20
B26A7275
B8BFC7CA
BF151D1F
C56A7274
CBBFC7C9
D2151D1E
D86A7273
DEBFC7C8
E5151D1D
EB6A7272
F1BFC7C7
F8151D1C
FE6A7271
04BFC7C6
0B151D1B
116A7270
17BFC7C5
1E151D1A
246A726F
2ABFC7C4
31151D19
376A726E
3DBFC7C3
44151D18
4A6A726D
50BFC7C2
57151D17
5D6A726C
63BFC7C1
6A151D16
706A726B
76BFC7C0
7D151D15
836A726A
89BFC7BF
90151D14
966A7269
9CBFC7BE
A3151D13
A96A7268
AFBFC7BD
B6151D12
BC6A7267
C2BFC7BC
C9151D11
CF6A7266
D5BFC7BB
DC151D10
E26A7265
E8BFC7BA
EF151D0F
F56A7264
FBBFC7B9
02151D0E
086A7263
0EBFC7B8
15151D0D
1B6A7262
21BFC7B7
28151D0C
2E6A7261
34BFC7B6
3B151D0B
416A7260
47BFC7B5
4E151D0A
546A725F
5ABFC7B4
61151D09
676A725E
6DBFC7B3
74151D08
7A6A725D
80BFC7B2
87151D07
8D6A725C
93BFC7B1
9A151D06
A06A725B
A6BFC7B0
AD151D05
B36A725A
B9BFC7AF
C0151D04
C66A7259
CCBFC7AE
D3151D03
D96A7258
DFBFC7AD
E6151D02
EC6A7257
F2BFC7AC
F9151D01
FF6A7256
05BFC7AB
0C151D00
126A7255
18BFC7AA
1F151CFF
256A7254
2BBFC7A9
32151CFE
386A7253
3EBFC7A8
45151CFD
4B6A7252
51BFC7A7
58151CFC
5E6A7251
64BFC7A6
6B151CFB
716A7250
77BFC7A5
7E151CFA
846A724F
8ABFC7A4
91151CF9
976A724E
9DBFC7A3
A4151CF8
AA6A724D
B0BFC7A2
B7151CF7
BD6A724C
C3BFC7A1
CA151CF6
D06A724B
D6BFC7A0
DD151CF5
E36A724A
E9BFC79F
F0151CF4
F66A7249
FCBFC79E
03151CF3
096A7248
0FBFC79D
16151CF2
1C6A7247
22BFC79C
29151CF1
2F6A7246
35BFC79B
3C151CF0
426A7245
48BFC79A
4F151CEF
556A7244
5BBFC799
62151CEE
686A7243
6EBFC798
75151CED
7B6A7242
81BFC797
88151CEC
8E6A7241
94BFC796
9B151CEB
A16A7240
A7BFC795
AE151CEA
B46A723F
BABFC794
C1151CE9
C76A723E
CDBFC793
D4151CE8
DA6A723D
E0BFC792
E7151CE7
ED6A723C
F3BFC791
FA151CE6
006A723B
06BFC790
0D151CE5
136A723A
19BFC78F
20151CE4
266A7239
2CBFC78E
33151CE3
396A7238
3FBFC78D
46151CE2
4C6A7237
52BFC78C
59151CE1
5F6A7236
65BFC78B
6C151CE0
726A7235
78BFC78A
7F151CDF
856A7234
8BBFC789
92151CDE
986A7233
9EBFC788
A5151CDD
AB6A7232
B1BFC787
B8151CDC
BE6A7231
C4BFC786
CB151CDB
D16A7230
D7BFC785
DE151CDA
E46A722F
EABFC784
F1151CD9
F76A722E
FDBFC783
04151CD8
0A6A722D
10BFC782
17151CD7
1D6A722C
23BFC781
2A151CD6
306A722B
36BFC780
3D151CD5
436A722A
49BFC77F
50151CD4
566A7229
5CBFC77E
63151CD3
696A7228
6FBFC77D
76151CD2
7C6A7227
82BFC77C
89151CD1
8F6A7226
95BFC77B
9C151CD0
A26A7225
A8BFC77A
AF151CCF
B56A7224
BBBFC779
C2151CCE
C86A7223
CEBFC778
D5151CCD
DB6A7222
E1BFC777
E8151CCC
EE6A7221
F4BFC776
FB151CCB
016A7220
07BFC775
0E151CCA
146A721F
1ABFC774
21151CC9
276A721E
2DBFC773
34151CC8
3A6A721D
40BFC772
47151CC7
4D6A721C
53BFC771
5A151CC6
606A721B
66BFC770
6D151CC5
736A721A
79BFC76F
80151CC4
866A7219
8CBFC76E
93151CC3
996A7218
9FBFC76D
A6151CC2
AC6A7217
B2BFC76C
B9151CC1
BF6A7216
C5BFC76B
CC151CC0
D26A7215
D8BFC76A
DF151CBF
E56A7214
EBBFC769
F2151CBE
F86A7213
FEBFC768
05151CBD
0B6A7212
11BFC767
18151CBC
1E6A7211
24BFC766
2B151CBB
316A7210
37BFC765
3E151CBA
446A720F
4ABFC764
51151CB9
576A720E
5DBFC763
64151CB8
6A6A720D
70BFC762
77151CB7
7D6A720C
83BFC761
8A151CB6
906A720B
96BFC760
9D151CB5
A36A720A
A9BFC75F
B0151CB4
B66A7209
BCBFC75E
C3151CB3
C96A7208
CFBFC75D
D6151CB2
DC6A7207
E2BFC75C
E9151CB1
EF6A7206
F5BFC75B
FC151CB0
026A7205
08BFC75A
0F151CAF
156A7204
1BBFC759
22151CAE
286A7203
2EBFC758
35151CAD
3B6A7202
41BFC757
48151CAC
4E6A7201
54BFC756
5B151CAB
616A7200
67BFC755
6E151CAA
746A71FF
7ABFC754
81151CA9
876A71FE
8DBFC753
94151CA8
9A6A71FD
A0BFC752
A7151CA7
AD6A71FC
B3BFC751
BA151CA6
C06A71FB
C6BFC750
CD151CA5
D36A71FA
D9BFC74F
E0151CA4
E66A71F9
ECBFC74E
F3151CA3
F96A71F8
FFBFC74D
06151CA2
0C6A71F7
12BFC74C
19151CA1
1F6A71F6
25BFC74B
2C151CA0
326A71F5
38BFC74A
3F151C9F
456A71F4
4BBFC749
52151C9E
586A71F3
5EBFC748
65151C9D
6B6A71F2
71BFC747
78151C9C
7E6A71F1
84BFC746
8B151C9B
916A71F0
97BFC745
9E151C9A
A46A71EF
AABFC744
B1151C99
B76A71EE
BDBFC743
C4151C98
CA6A71ED
D0BFC742
D7151C97
DD6A71EC
E3BFC741
EA151C96
F06A71EB
F6BFC740
FD151C95
036A71EA
09BFC73F
10151C94
166A71E9
1CBFC73E
23151C93
296A71E8
2FBFC73D
36151C92
3C6A71E7
42BFC73C
49151C91
4F6A71E6
55BFC73B
5C151C90
626A71E5
68BFC73A
6F151C8F
756A71E4
7BBFC739
82151C8E
886A71E3
8EBFC738
95151C8D
9B6A71E2
A1BFC737
A8151C8C
AE6A71E1
B4BFC736
BB151C8B
C16A71E0
C7BFC735
CE151C8A
D46A71DF
DABFC734
E1151C89
E76A71DE
EDBFC733
F4151C88
FA6A71DD
00BFC732
07151C87
0D6A71DC
13BFC731
1A151C86
206A71DB
26BFC730
2D151C85
336A71DA
39BFC72F
40151C84
466A71D9
4CBFC72E
53151C83
596A71D8
5FBFC72D
66151C82
6C6A71D7
72BFC72C
79151C81
7F6A71D6
85BFC72B
8C151C80
926A71D5
98BFC72A
9F151C7F
A56A71D4
ABBFC729
B2151C7E
B86A71D3
BEBFC728
C5151C7D
CB6A71D2
D1BFC727
D8151C7C
DE6A71D1
E4BFC726
EB151C7B
F16A71D0
F7BFC725
FE151C7A
046A71CF
0ABFC724
11151C79
176A71CE
1DBFC723
24151C78
2A6A71CD
30BFC722
37151C77
3D6A71CC
43BFC721
4A151C76
506A71CB
56BFC720
5D151C75
636A71CA
69BFC71F
70151C74
766A71C9
7CBFC71E
83151C73
896A71C8
8FBFC71D
96151C72
9C6A71C7
A2BFC71C
A9151C71
AF6A71C6
B5BFC71B
BC151C70
C26A71C5
C8BFC71A
CF151C6F
